# Project-owned one-level Catmull-Clark derivative of Ultimate Space Kit Planet_3
# Generated from the preserved vendor OBJ; source remains unchanged.
o Planet_CrateredMoon_Subdivided
v 0.069380667 -1.855620306 0.234551167
v 1.363987806 -1.002300750 0.783391583
v -0.212504444 -1.853693444 0.149017000
v -0.205602000 -1.852918750 -0.149107500
v 0.078275611 -1.853002000 -0.241511361
v 1.518100056 -0.741874528 0.768888639
v -0.296607333 -0.737611972 1.687390806
v -1.692318639 -0.758515194 0.241274750
v -0.814260750 -0.810002250 -1.469407056
v 1.226707278 -0.757644972 -1.189520056
v 1.441758417 -0.595166028 1.022697611
v -0.547208917 -0.565794472 1.684149417
v -1.770791250 -0.601699306 0.000264500
v 1.441486722 -0.595161778 -1.022854250
v 0.624478306 1.011621528 1.443076222
v -1.166619278 1.002339472 1.055323222
v -1.351215222 1.010193472 -0.802645583
v 0.370071194 1.089952944 -1.466879056
v 1.565749472 1.010967333 -0.148978944
v -0.103459828 1.720272719 -0.318410922
v 0.718378583 1.710719694 -0.165541583
v 1.209410417 1.407431611 -0.165541972
v 0.439872472 1.778783028 -0.319585444
v 0.379427167 1.710721861 -0.632059444
v 0.962200222 1.556884389 -0.332349389
v 0.912690028 1.476780694 -0.663108333
v 0.613416083 1.556887167 -0.812402361
v 0.531275972 1.407731056 -1.098830528
v 1.401739667 1.188599306 -0.316988556
v 1.360885833 1.104438833 -0.631665222
v 1.118179472 1.244928861 -0.812404333
v 1.021407222 1.104620361 -1.098942500
v 0.735458750 1.189864917 -1.234062833
v 0.640791028 1.033607028 -1.422136139
v 0.270858000 1.720271828 -0.196789266
v 0.064546750 1.710722472 -0.734368861
v 0.217210611 1.410471000 -1.199193139
v -0.168018750 1.778783861 -0.517098111
v -0.483876917 1.710721722 -0.556172361
v -0.018580944 1.557243889 -1.017572889
v -0.346924806 1.478589250 -1.072065722
v -0.582778694 1.556881444 -0.834577694
v -0.878504444 1.405767611 -0.847435611
v 0.148595472 1.246543528 -1.388877778
v -0.135063750 1.198337306 -1.420385417
v -0.395738972 1.280145639 -1.296219778
v -0.647992917 1.107584111 -1.335754083
v -0.897821500 1.156056306 -1.130910278
v -1.127521944 0.976814194 -1.094854528
v 0.270858000 1.720271828 0.196789266
v -0.678481833 1.710721528 -0.288321778
v -1.075539139 1.407295417 -0.577151528
v -0.543712556 1.778783667 0.000000000
v -0.678481833 1.710721528 0.288321778
v -0.973785389 1.556886389 -0.296685944
v -1.128148250 1.476780889 0.000000000
v -0.973785389 1.556886389 0.296685944
v -1.075689306 1.407396028 0.576998722
v -1.320146806 1.188545056 -0.567657500
v -1.472254972 1.104523000 -0.288856167
v -1.382146083 1.244928694 0.000000000
v -1.472254639 1.104523167 0.288856167
v -1.320296972 1.188645667 0.567504694
v -1.353440333 1.011620306 0.800403306
v -0.103459828 1.720272719 0.318410922
v -0.483876917 1.710721722 0.556172361
v -0.880509361 1.407058417 0.845460750
v -0.168018750 1.778783861 0.517098111
v 0.064546750 1.710722472 0.734368861
v -0.583011944 1.556984972 0.834405806
v -0.348270694 1.478466306 1.071848167
v -0.018795917 1.556985750 1.017733556
v 0.215384944 1.407058806 1.201544333
v -0.935817139 1.180767056 1.093084556
v -0.706072639 1.132101972 1.293336639
v -0.419784528 1.278624000 1.291940194
v -0.188993972 1.132103972 1.461347556
v 0.114578806 1.180769667 1.434383806
v 0.323496194 1.002342278 1.539498222
v -0.334799563 1.720272063 0.000000000
v 0.379427167 1.710721861 0.632059444
v 0.531089278 1.407396833 1.099079389
v 0.439872472 1.778783028 0.319585444
v 0.718378583 1.710719694 0.165541583
v 0.613416083 1.556887167 0.812402361
v 0.912690028 1.476780694 0.663108333
v 0.962200222 1.556884389 0.332349389
v 1.209410417 1.407431611 0.165541972
v 0.734562417 1.188647028 1.235175861
v 1.021289917 1.104524333 1.099060500
v 1.118179472 1.244928833 0.812404333
v 1.360885833 1.104438806 0.631665194
v 1.401739667 1.188599306 0.316988528
v 1.565749472 1.010967500 0.148978694
v 1.696296778 0.737636250 -0.239305833
v 1.725879472 0.337734278 -0.591749750
v 1.637361444 -0.124717722 -0.863679528
v 1.674518222 0.630569722 -0.512423139
v 1.501876167 0.821911583 -0.733990167
v 1.639661806 0.196377250 -0.867075000
v 1.473642028 0.349487028 -1.076078972
v 1.400726806 0.679507750 -1.018005500
v 1.162764306 0.823235583 -1.200800472
v 1.492437111 -0.309135167 -1.066255028
v 1.264698889 -0.162248500 -1.339984389
v 1.256056444 0.170840639 -1.343416611
v 1.037093750 0.337383472 -1.496829528
v 1.018582667 0.656400111 -1.418333444
v 0.785664194 0.784123333 -1.494376361
v -0.912938734 0.574045719 -1.324159125
v -1.123520028 0.701453722 -1.284661972
v -1.507691917 0.757143194 -0.802639972
v -1.739695944 0.332664694 -0.577175778
v -1.833646361 -0.158688722 -0.288351472
v -1.653440194 0.649280000 -0.567658167
v -1.646319000 0.822883389 -0.288856361
v -1.827997972 0.174729750 -0.296709694
v -1.825392778 0.348623306 0.000000028
v -1.731605722 0.679496139 0.000000167
v -1.646318833 0.822883722 0.288856528
v -1.838035889 -0.316046028 -0.000000861
v -1.833784833 -0.158688944 0.288084194
v -1.828009444 0.174730500 0.296687722
v -1.739872139 0.332731444 0.577000889
v -1.653604917 0.649346500 0.567506306
v -1.510089417 0.758158667 0.800403722
v -1.201350083 0.742476889 1.208888306
v -0.102272813 -0.203558313 1.686594109
v -0.655924797 0.903728859 1.284342203
v 0.136334500 0.182521781 1.686593125
v -1.002141781 0.619355516 1.229123156
v -1.101654687 0.182513062 1.284344219
v 0.088279766 0.619363328 1.583424250
v -0.224276063 0.903731734 1.424593953
v -0.908613062 -0.203564063 1.424596953
v -0.514484656 -0.355943531 1.583426344
v 0.261332972 0.742483000 1.684147806
v 0.751210028 0.758160528 1.535153639
v 1.068426833 0.332731694 1.489479056
v 1.314676694 -0.158305861 1.310142944
v 1.004215472 0.649347722 1.431090194
v 1.162111917 0.822884528 1.201372500
v 1.304487306 0.174839639 1.314563472
v 1.476165083 0.349687028 1.074552139
v 1.400866222 0.679500389 1.017932111
v 1.501876167 0.821910750 0.733990139
v 1.495092861 -0.308932889 1.064644389
v 1.637565306 -0.124689972 0.863554722
v 1.639864250 0.196398194 0.866949944
v 1.725880806 0.337740056 0.591741972
v 1.674518417 0.630570750 0.512417944
v 1.696296806 0.737638250 0.239299833
v 0.306726531 0.926210906 -1.401668906
v 0.162208156 -0.854791422 -1.469750609
v 1.022555722 -0.333385722 -1.504550167
v -0.978931109 -0.312275656 -1.363175000
v 0.804237219 -0.236221703 -1.488106813
v -0.295061031 -0.872348000 -1.438513062
v -1.055863297 0.139687125 -1.334393609
v -0.141807812 1.016003578 -1.364484094
v 0.559048828 -0.625373063 -1.487762313
v 1.031086917 -0.641099500 -1.407463028
v 0.746921806 -0.773882861 -1.504372778
v -0.582785750 0.890426109 -1.335076141
v 0.839904156 0.220776172 -1.470704781
v 0.658409922 0.640853062 -1.439846000
v -0.704109703 -0.678137141 -1.400338734
v -1.375828111 0.577687750 -1.094735167
v -1.279806278 0.096229250 -1.335062056
v -1.141117972 -0.403820778 -1.415553694
v -1.433697944 0.292138472 -1.130775667
v -1.650009667 0.157409944 -0.847703583
v -1.327268389 -0.211762667 -1.291960500
v -1.479777250 -0.347111750 -1.073568639
v -1.650736278 -0.174699611 -0.839750778
v -1.744240361 -0.332450833 -0.561061000
v -1.050528028 -0.682135083 -1.389767833
v -1.359098016 -1.116409422 -0.565482375
v -0.957931625 -1.116524156 -1.117702172
v -1.526560406 -0.781487172 -0.687150781
v -1.672124972 -0.646364194 -0.510605861
v -1.694310917 -0.757557028 -0.235902139
v -1.418242583 0.595203556 1.055325000
v -1.652282750 0.158303889 0.845465361
v -1.746753500 -0.332753611 0.555937556
v -1.474616028 0.308968833 1.093089139
v -1.328343417 0.125237028 1.293341417
v -1.653336056 -0.174840806 0.834411972
v -1.478122944 -0.349690000 1.071856944
v -1.331360444 -0.196354444 1.291947778
v -1.097094528 -0.337255083 1.461353333
v -1.671380944 -0.649367250 0.512914583
v -1.501688333 -0.822882556 0.733986667
v -1.401004611 -0.679502361 1.017740694
v -1.162173167 -0.821914528 1.201549917
v -1.004855833 -0.630546472 1.434389222
v -0.751831306 -0.737614972 1.539500222
v 0.527065472 0.595208361 1.687401444
v 0.314440722 0.125243778 1.827116306
v 0.028608806 -0.337251111 1.827116083
v 0.550479250 0.308973444 1.751087583
v 0.839765167 0.158304750 1.655187389
v 0.317705472 -0.196351444 1.827761972
v 0.565806361 -0.349690806 1.735968583
v 0.847119444 -0.174841778 1.646861556
v 1.086419333 -0.332732833 1.476406361
v -0.030126806 -0.630543472 1.751075944
v 0.234392250 -0.821894722 1.655059556
v 0.535250417 -0.679507222 1.646840306
v 0.783353778 -0.822948750 1.476359222
v 1.050720944 -0.649353556 1.397285139
v 1.227871861 -0.758164722 1.188821111
v 1.767925583 0.566239278 -0.000005778
v 1.575356812 0.213477609 0.422603953
v 1.501850844 -0.171405531 -0.648831938
v 1.364537156 -0.890386797 -0.226213609
v 1.418969578 -0.606925234 -0.571489172
v 1.604660312 0.365363750 -0.000007750
v 1.501853703 -0.171390391 0.648829187
v 1.418972422 -0.606911766 0.571496906
v 1.575354844 0.213468094 -0.422615562
v 1.364538047 -0.890381734 0.226227984
v 1.518098083 -0.741884278 -0.768882833
v 1.179310750 -1.011416861 -1.040004278
v 0.881076556 -1.407220361 -0.844851833
v 0.483542833 -1.711167944 -0.555955000
v 0.946436972 -1.186365917 -1.081898306
v 0.705448222 -1.061419222 -1.340529000
v 0.582991389 -1.556710722 -0.834560500
v 0.347376722 -1.474595917 -1.074444194
v 0.403486972 -1.202948778 -1.343087389
v 0.150561861 -1.081965306 -1.496140694
v 0.166652444 -1.785345389 -0.512932361
v -0.064437917 -1.711161472 -0.733964444
v 0.018622556 -1.556781472 -1.017857861
v -0.216853250 -1.408235833 -1.200542111
v -0.138165611 -1.204948972 -1.417856667
v -0.361509556 -1.051087000 -1.493581306
v -0.639417361 -1.031698278 -1.425112694
v -0.534682444 -1.408586083 -1.094485611
v -0.379498389 -1.711205722 -0.631450556
v -0.731845778 -1.190467250 -1.234119139
v -1.409897703 -0.613426438 -1.024111000
v -0.616915694 -1.557982472 -0.808032139
v -0.911103972 -1.480644000 -0.661954111
v -1.126669719 -0.782557609 -1.238262469
v -1.074220250 -1.284330859 -0.780464703
v -0.436343306 -1.785344306 -0.316998361
v -0.717850639 -1.711206639 -0.165794889
v -0.959126083 -1.557980333 -0.337025556
v -1.206240278 -1.408442722 -0.170187250
v -1.400629000 -1.189351389 -0.313354639
v -1.567460389 -1.011256139 -0.143741639
v -1.565571778 -1.012135833 0.149362778
v -1.209252250 -1.407472139 0.165289306
v -0.718312917 -1.711181000 0.165568444
v -1.401716861 -1.188681167 0.316998833
v -1.360867944 -1.104521167 0.631675056
v -0.962202750 -1.556874778 0.332359500
v -0.912537417 -1.476590417 0.663488556
v -1.118166333 -1.244912694 0.812433833
v -1.021272194 -1.104425833 1.099110917
v -0.443356528 -1.785862111 0.317516889
v -0.384866389 -1.707353111 0.638550361
v -0.610513611 -1.553152972 0.819682889
v -0.527521583 -1.403645472 1.106217694
v -0.734414667 -1.188410472 1.235544944
v -0.625476028 -1.010957917 1.443096944
v 1.364001139 -1.002300778 -0.783388389
v 1.445290417 -1.131440083 -0.271802139
v 1.445288833 -1.131435222 0.271820139
v 1.328590583 -1.180727167 -0.552214861
v 1.076180444 -1.407057611 -0.576141861
v 1.358165500 -1.278558528 0.000010611
v 1.126976056 -1.478461250 0.000065694
v 0.973725333 -1.556992667 -0.296637222
v 0.678084556 -1.711283722 -0.288337444
v 1.328547194 -1.180716528 0.552297139
v 1.075641028 -1.406813750 0.577519028
v 0.973269222 -1.556798000 0.297857694
v 0.677452750 -1.712554667 0.282910194
v 0.538029056 -1.787761389 -0.005175694
v 0.252054500 -1.855343056 -0.005246000
v -0.341699556 -1.010934250 1.535066944
v -0.206049333 -1.401495861 1.207460306
v 0.608812734 -1.525460266 0.830741328
v -0.123321944 -1.187712278 1.429504889
v 0.188272667 -1.103786250 1.487445194
v 0.361380313 -1.437159281 1.088738797
v 0.146305469 -1.777947672 0.473723531
v 0.433014694 -1.243405000 1.311669500
v 0.727459472 -1.105517917 1.308920278
v -0.101303875 -1.690038984 0.730008562
v 0.500720969 -1.695851516 0.522696656
v 0.006100984 -1.519648313 1.038276750
v 0.879567750 -1.406656222 0.844198556
v 0.945084194 -1.189652861 1.078472500
v 1.179324333 -1.011684028 1.039748250
v 0.158200500 1.626835417 -0.114938889
v -0.060428194 1.626835611 -0.185974750
v -0.195546778 1.626835611 0.000000000
v -0.060428194 1.626835611 0.185974750
v 0.158200500 1.626835417 0.114938889
v -0.885742194 0.256194583 1.228610667
v -0.702853306 -0.109579361 1.361487250
v -0.829165750 0.512453167 1.194149861
v -0.625265278 0.677661278 1.228609222
v -0.706880694 0.133821778 1.341309639
v -0.463101083 0.286214583 1.425269944
v -0.435822611 0.572411333 1.341308417
v -0.216318694 0.677663111 1.361485056
v -0.472256833 -0.201356222 1.453459861
v -0.231641639 -0.109575778 1.514593944
v -0.216526833 0.133824722 1.500636472
v -0.005583944 0.256199889 1.514592750
v -0.031102611 0.512457694 1.453457861
v 1.394222556 0.129345806 0.246044500
v 1.324849194 -0.233897611 0.459555611
v 1.410478528 0.220473222 -0.000004972
v 1.394221389 0.129340056 -0.246051667
v 1.373412056 -0.111848806 0.255960056
v 1.377624556 -0.263106611 -0.000000000
v 1.373411250 -0.111853167 -0.255962417
v 1.324847833 -0.233906750 -0.459557194
v 1.275087167 -0.488446917 0.416695889
v 1.244902806 -0.652502278 0.213512694
v 1.290244417 -0.547321194 0.000002361
v 1.244902194 -0.652505639 -0.213503972
v 1.275085667 -0.488455056 -0.416690944
v -0.510615139 -0.548535083 -1.348126694
v 0.271652056 0.697524806 -1.349022028
v 0.011364972 0.281838528 -1.509123111
v -0.247192722 -0.135958944 -1.509097972
v 0.039238944 0.592603694 -1.406531694
v -0.161762528 0.763794694 -1.324425389
v -0.236750167 0.146356222 -1.508219139
v -0.472795889 0.292481889 -1.427893222
v -0.423310972 0.598559361 -1.341682056
v -0.593429611 0.685948361 -1.255677806
v -0.515886389 -0.295685806 -1.406080472
v -0.759577333 -0.187514083 -1.323699278
v -0.725573639 0.116471028 -1.341365028
v -0.877978194 0.234430917 -1.255273444
v -0.793577500 0.496721278 -1.246217639
v 0.485135917 0.525753000 -1.371382833
v 0.675652500 0.131032750 -1.390280806
v 0.489730750 0.270090444 -1.431308056
v 0.248080250 0.133289667 -1.510409333
v 0.654134333 -0.143031111 -1.400472222
v 0.457647139 -0.286133278 -1.440620417
v 0.238202306 -0.147402611 -1.509107361
v -0.008586528 -0.281508167 -1.510385306
v 0.412912778 -0.528298167 -1.400242194
v 0.175039694 -0.666092806 -1.389693778
v -0.028140111 -0.559102139 -1.430909028
v -0.263467139 -0.666906111 -1.370536083
v -1.301207422 -0.652533250 -0.945380922
v -1.387305375 -0.776092266 -0.696957719
v -1.263745188 -1.023211234 -0.607185750
v -1.054086469 -1.146771000 -0.765836781
v -1.091549172 -0.776093109 -1.104031953
v -0.967988406 -1.023211328 -1.014260063
v -1.065691556 -0.775887389 -0.980050250
v -1.204428639 -0.694124333 -0.875066778
v -1.261401861 -0.775886806 -0.710678417
v -0.983928444 -0.939412333 -0.920645944
v -1.040902278 -1.021174639 -0.756257444
v -1.179638611 -0.939412167 -0.651273556
v 0.043320203 -1.596447641 0.723145922
v 0.444989687 -1.503511797 0.779686328
v 0.104316125 -1.500123672 0.897198063
v 0.183159391 -1.646303312 0.577363422
v 0.383993859 -1.599835109 0.605633625
v 0.305150578 -1.453656125 0.925468266
v 0.120878972 -1.524845944 0.707668611
v 0.155589722 -1.470031000 0.806716444
v 0.269878389 -1.443587444 0.822804083
v 0.200456889 -1.553217333 0.624708417
v 0.314745722 -1.526773611 0.640796028
v 0.349456472 -1.471958667 0.739843861
v -0.077848109 -1.859179344 0.207784266
v 1.267928500 -1.024604672 0.913278500
v -0.305665297 -0.884644109 1.617223625
v 1.454189234 -0.878627625 0.765044031
v 1.267987828 -1.024586922 -0.913290891
v -0.222732844 -1.857891359 -0.000009953
v -1.631074406 -0.891653750 0.209768188
v -0.068314891 -1.857679141 -0.209752266
v -0.731967625 -0.923908234 -1.452815844
v 1.196157563 -0.890592313 -1.128062562
v 1.495984906 -0.659786109 0.893674406
v 1.744561109 0.641791172 -0.128635219
v -0.417017688 -0.641662641 1.699750734
v 0.654473922 0.669170156 1.617265297
v -1.741291141 -0.671221375 0.129692141
v -1.312520531 0.659960516 1.147402609
v -0.766989656 -0.745282156 -1.476060687
v -1.466178156 0.663375188 -0.936637156
v 1.334885172 -0.669107266 -1.122770594
v 0.702490906 0.891308875 1.486621187
v -1.177261125 0.878816312 1.147401719
v -1.440299203 0.890330594 -0.791568703
v 0.337688672 1.014003141 -1.476355422
v 1.632614297 0.884645328 -0.208907547
v 0.476763437 1.024587828 1.488149172
v 0.105854453 1.720617781 -0.325789953
v -1.260431203 1.024586453 0.923691875
v -1.247585875 1.016240828 -0.936673641
v 0.505129172 1.068928984 -1.448606312
v -0.482828063 -1.026886125 1.486680875
v -0.368210531 -1.411353656 1.159557594
v -0.241370172 -1.707367875 0.695224922
v 0.174603203 -1.860796094 0.122503281
v 0.592315281 -1.713897719 0.411197734
v 0.978674547 -1.415981922 0.712035187
v 1.196731297 -0.891330484 1.127461266
v 0.754252250 -0.968403094 1.400871313
v 0.215519781 -0.967523875 1.577000938
v 1.454188109 -0.878634437 -0.765038016
v 1.468116016 -1.015163438 -0.253922109
v 1.468117016 -1.015158562 0.253936422
v 0.177752453 -1.858407937 -0.131173047
v 0.587015953 -1.716122766 -0.426593562
v 0.979411766 -1.416302109 -0.711168344
v -1.563506469 -1.027629141 0.001621562
v -1.209414703 -1.416726875 -0.001567625
v -0.725690922 -1.716104953 -0.000087641
v -0.703182906 -0.884653031 1.488150266
v -1.099636516 -0.967657234 1.151241172
v -1.434622719 -0.968017391 0.690105500
v -0.503625437 -1.056615969 -1.456988969
v -0.375503234 -1.417269141 -1.149269719
v -0.224296766 -1.716094469 -0.690019203
v -1.633864172 -0.890379031 -0.202161750
v -1.477121141 -0.948631203 -0.578244750
v -1.506966859 -0.653102187 -0.846931094
v -0.326832687 -0.962227719 -1.511670406
v 0.166446906 -0.958172375 -1.535899984
v 0.721537641 -0.914129500 -1.437577984
v 1.744561203 0.641793609 0.128626344
v 1.712457656 0.264221391 0.498062828
v 1.629951250 -0.167787938 0.751996750
v 1.495983141 -0.659794187 -0.893671344
v 1.629948500 -0.167802109 -0.751999375
v 1.712455859 0.264212719 -0.498074047
v 0.387412547 0.659966281 1.699750656
v 0.206669031 0.171033641 1.799399234
v -0.060542609 -0.261331109 1.799399984
v 1.335868375 -0.669167859 1.122202922
v 1.203633437 -0.242287703 1.401241469
v 0.960718922 0.242286953 1.577730000
v -1.480093109 0.669167672 0.923692984
v -1.704608016 0.242286000 0.711705188
v -1.797439016 -0.242387219 0.426505984
v -0.661704922 -0.641663594 1.620247344
v -1.008678625 -0.261336719 1.491331313
v -1.224862797 0.171025047 1.334264609
v -1.250784969 0.631936578 -1.205682375
v -1.165970625 0.131252844 -1.387540062
v -1.068104641 -0.354244531 -1.432301750
v -1.741847781 -0.670949141 -0.127948453
v -1.796585859 -0.242391172 -0.428164578
v -1.703834953 0.241996281 -0.712472500
v 0.724117516 0.710132875 -1.512870484
v 0.934140766 0.263931328 -1.536812766
v 1.138953375 -0.245622297 -1.437568797
v 1.632614297 0.884646156 0.208905875
v 1.434704734 0.967654344 0.690061297
v 1.099653156 0.968020172 1.151149406
v 0.277983781 0.878820359 1.620245469
v -0.217355125 1.019070125 1.491327281
v -0.700749937 1.019067359 1.334261578
v -1.442148406 0.891307547 0.789777156
v -1.566268531 0.968019172 0.284936969
v -1.566269109 0.968018594 -0.284936953
v -1.118540984 0.843291344 -1.205801219
v -0.625072297 0.992223953 -1.388282859
v -0.144332297 1.113402203 -1.434787187
v 0.726158844 0.917901906 -1.456704547
v 1.100112313 0.968367719 -1.150701625
v 1.434704734 0.967654562 -0.690061391
v 0.342558750 1.720616812 0.000000000
v 0.224648609 1.714607391 0.691406641
v 0.373706859 1.416302453 1.151237922
v 1.563127719 1.026937609 -0.000000109
v 1.210391750 1.416473563 -0.000000000
v 0.726993313 1.714604531 0.000000000
v 0.105854453 1.720617781 0.325789953
v -0.588148062 1.714606703 0.427309797
v -0.979023937 1.416302203 0.711702156
v -0.277135656 1.720617797 -0.201348359
v -0.588148062 1.714606703 -0.427309797
v -0.978365109 1.415860766 -0.712372578
v -0.277135656 1.720617797 0.201348359
v 0.224648609 1.714607391 -0.691406641
v 0.374470453 1.417694812 -1.150215984
v 0.337880109 1.786181156 -0.245483609
v 0.496484609 1.641807109 -0.722329453
v 0.840402500 1.641804438 -0.248974891
v 0.638363234 1.303237641 -1.170249328
v 1.310905047 1.302166781 -0.244817719
v 1.020671234 1.365106156 -0.741561328
v 0.580085047 1.752854375 -0.245023219
v 0.412285750 1.752855391 -0.475974922
v 1.092626500 1.485922703 -0.248975641
v 0.941514813 1.523417953 -0.497941594
v 0.764513438 1.523419172 -0.741560328
v 0.574424781 1.485926719 -0.962208266
v 1.491368625 1.098978891 -0.229797187
v 1.385585797 1.152654172 -0.474431969
v 1.246429766 1.178319297 -0.722332094
v 1.072146609 1.178320516 -0.962210172
v 0.879843266 1.153335234 -1.170621578
v 0.684212203 1.106081203 -1.340994516
v -0.129060297 1.786182125 -0.397199563
v -0.533556891 1.641807219 -0.695394781
v 0.022903891 1.641808000 -0.876202672
v -0.900909422 1.291821266 -0.984740516
v 0.177606469 1.320219938 -1.309441719
v -0.380006719 1.375926578 -1.194548703
v -0.053779141 1.752855719 -0.627406047
v -0.325278094 1.752855594 -0.539189172
v 0.101484500 1.487351125 -1.115142953
v -0.181937156 1.524757609 -1.048452125
v -0.467865734 1.523536766 -0.956649266
v -0.736368219 1.485763469 -0.844337063
v 0.265526656 1.176204828 -1.429972016
v 0.004659594 1.234362344 -1.404769828
v -0.260501344 1.239754125 -1.369937109
v -0.532188594 1.213123672 -1.305706094
v -0.772616969 1.121858594 -1.254101891
v -1.010464609 1.058020750 -1.124518984
v -0.417643188 1.786181469 0.000000000
v -0.826242672 1.641806422 0.292546641
v -0.826242672 1.641806422 -0.292546641
v -1.204288047 1.302035312 0.572661312
v -1.203781234 1.301695750 -0.573177031
v -1.261620141 1.365106250 0.000000000
v -0.613318969 1.752855469 -0.142734922
v -0.613318969 1.752855469 0.142734922
v -1.030296047 1.485925828 -0.440797828
v -1.054384656 1.523418969 -0.150562812
v -1.054384656 1.523418969 0.150562812
v -1.030296047 1.485925828 0.440797828
v -1.340712406 1.098728422 -0.691532375
v -1.399796000 1.152935688 -0.430531813
v -1.432959547 1.178319609 -0.148251172
v -1.432958984 1.178319625 0.148251172
v -1.399795969 1.152935703 0.430531812
v -1.341371234 1.099169859 0.690861953
v -0.129060297 1.786182125 0.397199563
v 0.022903891 1.641808000 0.876202672
v -0.533556891 1.641807219 0.695394781
v 0.166766000 1.299645328 1.323616266
v -0.912928953 1.299644187 0.972796109
v -0.387695922 1.375450250 1.193183953
v -0.325278094 1.752855594 0.539189172
v -0.053779141 1.752855719 0.627406047
v -0.737307453 1.486214750 0.843602234
v -0.468737109 1.523889141 0.956049797
v -0.182746844 1.523889359 1.048975031
v 0.100625469 1.486215531 1.115867234
v -1.056690437 1.088469328 1.077786969
v -0.824817516 1.152414953 1.206088125
v -0.569742797 1.220001312 1.289036250
v -0.296759266 1.220001687 1.377735469
v -0.041643406 1.152417781 1.460559672
v 0.221358578 1.088472281 1.493056094
v 0.337880109 1.786181156 0.245483609
v 0.840402500 1.641804438 0.248974891
v 0.496484609 1.641807109 0.722329453
v 1.310905047 1.302166781 0.244817719
v 0.637677609 1.302036328 1.171159187
v 1.020671234 1.365106156 0.741561328
v 0.412285750 1.752855391 0.475974922
v 0.580085047 1.752854375 0.245023219
v 0.574424781 1.485926703 0.962208266
v 0.764513438 1.523419172 0.741560328
v 0.941514813 1.523417953 0.497941594
v 1.092626500 1.485922703 0.248975641
v 0.679102391 1.099171531 1.347361047
v 0.879391828 1.152937375 1.171089781
v 1.072146609 1.178320422 0.962210172
v 1.246429766 1.178319203 0.722332094
v 1.385585797 1.152654172 0.474431875
v 1.491368625 1.098978906 0.229797078
v 1.689606516 0.684868906 -0.370360125
v 1.458131703 0.754667453 -0.876610656
v 1.687380281 0.280364016 -0.738223844
v 1.091854578 0.738455578 -1.318838484
v 1.577825516 -0.222280859 -0.958912500
v 1.379827203 0.260985609 -1.209563906
v 1.712487453 0.478265922 -0.546653844
v 1.595003906 0.730385484 -0.625575937
v 1.640068500 0.036141953 -0.882152594
v 1.567652172 0.268277078 -0.966733422
v 1.443414859 0.518056547 -1.050232203
v 1.283534844 0.754776766 -1.116288375
v 1.470177688 -0.458225500 -1.042910125
v 1.394585953 -0.236585609 -1.202926609
v 1.255297062 0.000086203 -1.351662313
v 1.133982109 0.253810859 -1.438734063
v 1.047967969 0.503362672 -1.453165500
v 0.900372547 0.723192609 -1.464025750
v -1.012402516 0.635086688 -1.365295703
v -1.582276453 0.707921313 -0.691531078
v -1.694752297 0.754733484 -0.148251266
v -1.789773000 0.257008797 -0.440875937
v -1.657217031 0.736423234 0.430532719
v -1.843203594 -0.237518547 -0.141955063
v -1.834119609 0.261789141 0.150563797
v -1.702588484 0.494651656 -0.573177141
v -1.657217047 0.736422547 -0.430532609
v -1.837932125 0.004782391 -0.292646750
v -1.834119609 0.261788563 -0.150563500
v -1.785196531 0.517948672 0.000000016
v -1.694752281 0.754733516 0.148251844
v -1.807638672 -0.466620344 0.000018953
v -1.843225891 -0.237529984 0.141929391
v -1.837982453 0.004784094 0.292548406
v -1.789811719 0.257010344 0.440799734
v -1.703144422 0.494874344 0.572663297
v -1.582999203 0.708209922 0.690863047
v -1.110890750 0.686566938 1.267558531
v 0.049588969 -0.030640000 1.700714656
v -0.853974219 0.794544313 1.242430531
v -1.092570406 0.408483359 1.242431547
v 0.153618109 0.408492031 1.647344484
v -0.039414047 0.794549984 1.507098422
v -0.545356437 -0.444486750 1.678442703
v -0.437594875 0.943712172 1.346755438
v -1.039773797 -0.030647656 1.346757875
v -0.728283344 -0.320079406 1.507101219
v -0.296655672 -0.320076422 1.647346266
v 0.153666531 0.686575016 1.678440719
v 0.874584047 0.708211875 1.489387984
v 1.283942672 0.754733500 1.116087266
v 1.188888359 0.257009531 1.408642375
v 1.595003922 0.730384781 0.625574594
v 1.410571844 -0.235339063 1.193209172
v 1.568538063 0.268353078 0.966193391
v 1.041262547 0.494875328 1.464381500
v 1.087651297 0.736424234 1.322398188
v 1.314997016 0.005180453 1.317146172
v 1.395237609 0.262251000 1.200213906
v 1.444089859 0.518053563 1.049858109
v 1.458131688 0.754666234 0.876611328
v 1.471296938 -0.458235047 1.042253234
v 1.578713234 -0.222196453 0.958372750
v 1.640751453 0.036208078 0.881734578
v 1.687381734 0.280369422 0.738219687
v 1.712488266 0.478268328 0.546646891
v 1.689606625 0.684870953 0.370352812
v -0.065750578 -0.891686094 -1.455128234
v -1.045153719 -0.090493063 -1.346682406
v -1.014125984 0.366442344 -1.325983062
v 0.088402813 0.997981594 -1.382557781
v 1.037597844 -0.489389172 -1.457549734
v 0.705924687 -0.446034031 -1.489633391
v 0.376090422 -0.767320266 -1.480717953
v -0.769413016 0.754849437 -1.326326312
v 0.903408187 -0.273864391 -1.551937687
v -0.370563062 0.979997125 -1.347735219
v 0.853316422 -0.009807984 -1.481384516
v 0.500769531 0.806225031 -1.421663156
v 1.139600500 -0.705353375 -1.295800453
v 0.896166422 -0.716493406 -1.457719266
v 0.637584672 -0.696735516 -1.551607797
v 0.774765531 0.442420109 -1.456305469
v -0.512097406 -0.801484625 -1.420325250
v -0.863136766 -0.512222516 -1.381201313
v -1.395856422 0.437918438 -1.124362594
v -1.657387422 -0.005656453 -0.846010609
v -1.325148266 -0.057269000 -1.303920891
v -1.712455578 -0.493495844 -0.542522875
v -1.110519484 -0.546877703 -1.400706234
v -1.450283469 -0.497059062 -1.052134453
v -1.346948062 0.198409859 -1.253840734
v -1.557771531 0.230017531 -0.984738250
v -1.232860984 -0.311441766 -1.364775328
v -1.405250188 -0.272096906 -1.191547594
v -1.570493594 -0.261418906 -0.961624391
v -1.704324047 -0.255994906 -0.701635812
v -0.934501953 -0.755241297 -1.433064578
v -1.090809031 -0.733389391 -1.321990469
v -1.272226047 -0.654144328 -1.170540234
v -1.007429250 -0.949453047 -1.225189688
v -1.602203297 -0.722198734 -0.610554688
v -1.688919234 -0.706866484 -0.365880141
v -1.446118656 0.458359172 1.077789875
v -1.345992094 -0.036009156 1.289042344
v -1.659040828 -0.005182234 0.843607359
v -1.049364641 -0.478135047 1.460565609
v -1.714516594 -0.494951203 0.538053422
v -1.444724813 -0.518056328 1.048983656
v -1.570706125 0.235337141 0.972801141
v -1.399616969 0.222363375 1.206092984
v -1.707087344 -0.257009516 0.695400328
v -1.572626766 -0.262252922 0.956057656
v -1.403613531 -0.268356766 1.193192672
v -1.223907547 -0.280176563 1.377742328
v -1.686804594 -0.708309031 0.371890453
v -1.593781078 -0.736421344 0.625772219
v -1.458224750 -0.754733500 0.876208469
v -1.284296672 -0.754669125 1.115873891
v -1.087841891 -0.730389641 1.323622188
v -0.874547609 -0.684777281 1.493059328
v 0.536415188 0.458364844 1.721960250
v 0.846327438 -0.005182156 1.657655531
v 0.331247687 -0.036004266 1.834012641
v 1.070945250 -0.494876328 1.442815422
v -0.009540766 -0.478133000 1.798423578
v 0.552233297 -0.518057531 1.697831859
v 0.423383734 0.222369141 1.798424719
v 0.698921563 0.235338844 1.710254219
v 0.180347172 -0.280172703 1.834011813
v 0.434207078 -0.268356375 1.790336453
v 0.710324813 -0.262253906 1.697833781
v 0.972315109 -0.257011328 1.565992578
v -0.169952531 -0.684768906 1.721928234
v 0.102232719 -0.730381375 1.710210609
v 0.383238375 -0.754678516 1.657583094
v 0.664773625 -0.754751781 1.565921781
v 0.921527938 -0.736447500 1.443021109
v 1.146194938 -0.708228750 1.291994281
v 1.747485391 0.447183812 -0.000007594
v 1.386458984 -0.781696797 -0.426923609
v 1.459966719 -0.396805922 -0.653162500
v 1.598686344 0.329540031 0.226227172
v 1.541829703 0.041131125 0.570938109
v 1.459969609 -0.396791203 0.653165281
v 1.531644219 -0.682979016 0.664298094
v 1.541827031 0.041117953 -0.570945656
v 1.598685344 0.329535078 -0.226241672
v 1.386460875 -0.781686578 0.426935234
v 1.356317547 -0.930220437 0.000007641
v 1.531641469 -0.682992125 -0.664290500
v 1.070913094 -1.098304422 -1.062873984
v 0.555087109 -1.126543891 -1.351221984
v 0.737286047 -1.485332422 -0.844060531
v 0.009254719 -1.163772203 -1.452546375
v 0.324042500 -1.754894000 -0.538119359
v 0.182152016 -1.522874500 -1.049669766
v 0.916366703 -1.301263813 -0.968910844
v 0.834287625 -1.139151734 -1.207877438
v 0.533556219 -1.641807000 -0.695396422
v 0.468601016 -1.522646891 -0.956785281
v 0.382349531 -1.351739656 -1.209136734
v 0.271730766 -1.131756281 -1.438294828
v 0.120813203 -1.825533266 -0.371978734
v 0.054093531 -1.754860438 -0.625769141
v -0.022959813 -1.641818703 -0.876140219
v -0.101315375 -1.485643000 -1.116190062
v -0.174302719 -1.306950984 -1.318651109
v -0.253429531 -1.128377641 -1.463324828
v -0.679922094 -1.104776984 -1.344515703
v -0.975884141 -1.243647406 -0.956961469
v -0.578128609 -1.487658578 -0.956655078
v -1.384606156 -1.157389625 -0.452461672
v -0.411606047 -1.754886609 -0.474452594
v -0.938382578 -1.525573922 -0.501671109
v -0.640389359 -1.304222094 -1.166186453
v -0.859088266 -1.158150656 -1.176162031
v -0.497696828 -1.642091766 -0.720945219
v -0.767094906 -1.525574844 -0.737427047
v -1.007068281 -1.380527109 -0.731676312
v -1.211690969 -1.243647297 -0.632401016
v -0.316475281 -1.825502078 -0.229834094
v -0.578525437 -1.754895453 -0.244841688
v -0.839461484 -1.642089219 -0.250553906
v -1.088489484 -1.487655547 -0.254211422
v -1.307361094 -1.303677531 -0.248208406
v -1.493171422 -1.098359172 -0.223663828
v -1.491279078 -1.099337109 0.229864062
v -1.246430766 -1.178318391 0.722331453
v -1.092570203 -1.485937156 0.248881141
v -0.879317078 -1.152591609 1.171289828
v -0.580597266 -1.755017875 0.245055859
v -0.763529703 -1.522267687 0.743858828
v -1.310876203 -1.302169234 0.244796859
v -1.385523656 -1.152932594 0.474465703
v -0.840436984 -1.641777875 0.249009328
v -0.941550750 -1.523360344 0.498076703
v -1.020610234 -1.365038781 0.741691453
v -1.072099141 -1.178268891 0.962309828
v -0.325584469 -1.826337594 0.229691234
v -0.419910828 -1.754530313 0.476449125
v -0.495353781 -1.637112813 0.731377938
v -0.571005688 -1.481089172 0.971194891
v -0.636662906 -1.301000391 1.173341453
v -0.679226406 -1.098912547 1.347460875
v 1.350955859 -1.088334359 -0.671888125
v 1.030159750 -1.486213734 -0.440524359
v 1.400882844 -1.219741781 -0.143507156
v 0.611445266 -1.755628109 -0.143486047
v 1.401079703 -1.152217500 0.411751922
v 1.053888031 -1.523860984 0.150778781
v 1.401089391 -1.152226297 -0.411714688
v 1.207301969 -1.299643437 -0.567624469
v 1.400874359 -1.219737062 0.143539422
v 1.254583531 -1.375442531 0.000031187
v 1.054081172 -1.523916125 -0.150391516
v 0.826212047 -1.641846844 -0.292613719
v 1.350906531 -1.088342609 0.671895750
v 1.207052172 -1.299595188 0.568104750
v 1.030135328 -1.485670922 0.441986906
v 0.825938859 -1.641919047 0.292388125
v 0.610263688 -1.757719578 0.135304969
v 0.389504469 -1.828485203 -0.006976437
v -0.239614437 -1.098763250 1.488828312
v 0.310868328 -1.177169859 1.406244203
v -0.095892156 -1.469881922 1.128842344
v 0.839321625 -1.153719625 1.196156109
v 0.525697937 -1.458334328 0.990903906
v -0.017878734 -1.755504891 0.569860094
v -0.161416312 -1.299567375 1.322789203
v 0.032931266 -1.151293891 1.462527375
v 0.335362641 -1.758894438 0.448261516
v 0.607696750 -1.610354281 0.657976609
v 0.399524531 -1.352113562 1.203238563
v 0.583611578 -1.178786406 1.314368359
v 0.106296344 -1.827162906 0.353486234
v 0.171216063 -1.454944969 1.112905688
v -0.100867625 -1.603575938 0.901850812
v 0.744986234 -1.476410906 0.842476937
v 0.913987484 -1.302619875 0.966780266
v 1.070654297 -1.099557359 1.061607234
v 0.167926250 1.627361188 0.000000000
v 0.051891172 1.627361297 0.159706109
v -0.135855266 1.627361313 0.098703438
v -0.135855266 1.627361313 -0.098703438
v 0.051891172 1.627361297 -0.159706109
v 0.221524000 1.646662422 -0.160946000
v -0.084615969 1.646663187 -0.260415531
v -0.273818969 1.646663094 0.000000000
v -0.084615969 1.646663187 0.260415531
v 0.221524000 1.646662422 0.160946000
v 0.077750266 0.198854875 1.566957250
v -0.143081344 -0.158464172 1.566958266
v -0.805278078 -0.158469016 1.351796750
v -0.983939219 0.198847438 1.221991922
v -0.218396531 0.791139219 1.351793984
v -0.617889266 0.791137016 1.221989984
v -0.903878578 0.558626672 1.176628266
v -0.535412094 0.633883391 1.280418078
v -0.806401250 0.195406328 1.280419281
v -0.125021469 0.586397609 1.413879109
v -0.580392781 -0.150421469 1.413881125
v -0.344893547 0.213158313 1.469355437
v -0.850915594 0.390618453 1.217334344
v -0.729921328 0.586394578 1.217334016
v -0.709824750 0.002254453 1.350586703
v -0.584645016 0.213157266 1.391454906
v -0.452114875 0.427600172 1.391454031
v -0.319463422 0.633883750 1.350584719
v -0.481919219 -0.285279844 1.483199734
v -0.361509891 -0.150420125 1.485001094
v -0.219595641 0.002258094 1.509872734
v -0.100223469 0.195410266 1.509871859
v -0.027132844 0.390623203 1.484999219
v 0.039639937 0.558633219 1.483197719
v 1.251630156 -0.768712375 -0.208799484
v 1.251630484 -0.768707797 0.208811203
v 1.431949859 0.175454938 0.346153188
v 1.364104922 -0.179785031 0.554962313
v 1.364102906 -0.179797625 -0.554964391
v 1.431948078 0.175447094 -0.346162922
v 1.457372219 0.301458531 -0.000006734
v 1.383963016 0.018625516 -0.255929875
v 1.383964016 0.018631156 0.255925687
v 1.302174281 -0.367149828 -0.430072203
v 1.302175891 -0.367141750 0.430073469
v 1.342323594 -0.403481531 0.000000937
v 1.404783813 0.170119656 0.114275188
v 1.404783031 0.170116859 -0.114283250
v 1.347337969 -0.173145609 0.368648641
v 1.382985547 -0.190571609 0.125142828
v 1.382985422 -0.190572922 -0.125143766
v 1.347336953 -0.173152422 -0.368651266
v 1.297122094 -0.537624078 0.493206734
v 1.265044094 -0.561566391 0.315797016
v 1.264181031 -0.608559672 0.112725578
v 1.264180922 -0.608560844 -0.112718766
v 1.265043172 -0.561571578 -0.315790313
v 1.297119625 -0.537635469 -0.493200094
v -0.619558766 -0.611388266 -1.330513313
v 0.370486750 0.596061922 -1.372364312
v 0.282684766 0.821598625 -1.331735797
v -0.271629156 -0.776508094 -1.363051703
v 0.159171687 -0.763851578 -1.389844172
v -0.960886734 0.163452187 -1.260049109
v -0.874618953 -0.261230234 -1.297630672
v 0.581733719 0.578940047 -1.364203906
v 0.756781563 0.185188234 -1.390659281
v -0.375825484 -0.594059844 -1.371571234
v -0.125751828 -0.205676141 -1.516918609
v 0.127906750 0.204327813 -1.516938406
v -0.563648094 0.793659312 -1.260619406
v -0.143312422 0.899862406 -1.298639469
v 0.160666016 0.653694891 -1.375282922
v -0.288932484 0.679211594 -1.341232828
v -0.110862937 0.216722937 -1.514724625
v -0.701626719 0.581487781 -1.256101578
v -0.377186359 -0.210256969 -1.469357531
v -0.599983547 0.209900328 -1.392952750
v 0.021146516 0.431013906 -1.469504922
v -0.063483141 0.681081875 -1.366885234
v -0.243478500 0.002390219 -1.514714109
v -0.355434219 0.219790484 -1.474058953
v -0.454348141 0.443459797 -1.393046813
v -0.517234281 0.656004516 -1.287738891
v -0.518235844 -0.430259922 -1.374621203
v -0.641751094 -0.241143500 -1.366274844
v -0.738735062 -0.037703062 -1.340738813
v -0.818540641 0.177207125 -1.287342250
v -0.830925984 0.376369109 -1.255915656
v -0.841918078 0.528771141 -1.251958234
v 0.487598953 0.400950406 -1.403738766
v 0.244462453 -0.004644984 -1.515813234
v 0.655956297 -0.006141375 -1.403684734
v -0.016423891 -0.421593844 -1.477063437
v 0.437515672 -0.416313703 -1.420347953
v 0.594028156 0.201677500 -1.407987453
v 0.370480641 0.201548500 -1.477196297
v 0.725952844 -0.199859703 -1.405563781
v 0.564542344 -0.212273828 -1.420416844
v 0.352240734 -0.218782469 -1.478396906
v 0.113291000 -0.216686281 -1.515803109
v 0.493217984 -0.569911813 -1.405266953
v 0.290884437 -0.588677437 -1.403312281
v 0.077442953 -0.622700047 -1.407464031
v -0.148463438 -0.615048062 -1.403139047
v -1.370859234 -0.684810031 -0.815715437
v -1.349142656 -0.899689016 -0.619666766
v -1.361635219 -0.662831047 -0.989284219
v -1.129958594 -0.799366734 -1.164596469
v -1.155979000 -1.114567562 -0.659595359
v -1.199412328 -0.684810719 -1.051692797
v -1.456775219 -0.799366063 -0.714771422
v -1.006248016 -0.899689156 -1.091621313
v -1.320238609 -1.072437328 -0.615572016
v -0.993421797 -1.072437328 -1.065396953
v -1.088561813 -1.208973000 -0.790884172
v -0.984531359 -1.114567578 -0.895572641
v -1.220908922 -0.858402656 -0.682513109
v -1.026392000 -0.858402781 -0.950242687
v -1.242977719 -0.645718203 -0.903074672
v -1.056444297 -0.755649359 -1.044226203
v -1.135970016 -0.736506375 -0.927592078
v -1.233228391 -0.736506266 -0.793727344
v -1.319579094 -0.755648594 -0.682052656
v -1.014073187 -0.980298531 -0.839028547
v -1.209647266 -0.975510125 -0.602182266
v -0.946512828 -0.975510688 -0.964356375
v -1.023114422 -1.085441156 -0.743333891
v -1.111331641 -0.980298516 -0.705163797
v -0.005470969 -1.652899219 0.737118000
v 0.430004000 -1.657229203 0.586904984
v 0.072498625 -1.529770391 0.959604875
v 0.046624328 -1.548057125 0.819565797
v 0.092340406 -1.632817375 0.634114000
v 0.289875281 -1.634781516 0.565976250
v 0.441693406 -1.551986078 0.683290391
v 0.329220484 -1.470371859 0.995742125
v 0.173282047 -1.716628391 0.550768188
v 0.395977234 -1.467225937 0.868741641
v 0.198442375 -1.465261687 0.936879297
v 0.507972937 -1.534100938 0.809391953
v 0.076815094 -1.545604938 0.707572188
v 0.348953328 -1.548310922 0.613700406
v 0.125539844 -1.468659281 0.846609328
v 0.161434516 -1.539342703 0.666691719
v 0.308823156 -1.458962531 0.780582438
v 0.139243719 -1.498198734 0.756711813
v 0.212937766 -1.458009187 0.813657219
v 0.285971281 -1.431539547 0.869192094
v 0.188521875 -1.585430766 0.591117719
v 0.257319906 -1.540296047 0.633616938
v 0.331014500 -1.500105953 0.690562250
v 0.397678078 -1.471365359 0.752737641
v -0.002241280 -1.872895280 -0.001258690
v 1.359988950 -0.833006220 0.975285450
v -0.518176030 -0.826280670 1.594804460
v -1.674954670 -0.836961340 0.001433190
v -0.570857090 -0.901292960 -1.496151560
v 1.359988730 -0.833008800 -0.975283370
v 0.507292350 0.833008950 1.594804540
v -1.347820150 0.833006640 0.992032980
v -1.327007120 0.822010980 -1.012197020
v 0.562380860 0.905360770 -1.496491160
v 1.676878520 0.826272900 -0.000001370
v -0.433699875 -1.224195479 1.342907653
v -0.307007500 -1.573664083 0.948676833
v -0.166046062 -1.810604299 0.435140160
v 0.373933674 -1.814502389 0.251842840
v 0.801388160 -1.581459431 0.572841715
v 1.142849826 -1.223271826 0.826273042
v 0.997363229 -0.938074292 1.270867458
v 0.491187319 -0.980391493 1.507596736
v -0.059201319 -0.933765917 1.615318347
v 1.491559069 -0.930367132 -0.524932590
v 1.460273560 -1.090092970 0.000007490
v 1.491560965 -0.930357799 0.524943785
v 0.375669319 -1.810334111 -0.274098979
v 0.793022708 -1.586060104 -0.576158424
v 1.143529014 -1.223073326 -0.826350687
v -1.410747597 -1.224991736 0.000013042
v -0.979605007 -1.586222986 -0.001028056
v -0.466041278 -1.809994604 0.000066868
v -0.900494660 -0.933862215 1.342918944
v -1.283140965 -0.980243618 0.932253729
v -1.554566083 -0.937827833 0.441918611
v -0.439788278 -1.231659646 -1.335850465
v -0.303686743 -1.586226833 -0.931337042
v -0.143586000 -1.809856674 -0.441916701
v -1.563240590 -0.933464187 -0.417964319
v -1.283494984 -0.865949625 -0.617146891
v -0.892526431 -0.943245000 -1.346428875
v -0.086525470 -1.017611830 -1.523595790
v 0.443204903 -0.904923687 -1.534141646
v 0.990024472 -0.928046167 -1.278802556
v 1.755252417 0.450352431 0.286613250
v 1.684485970 0.083895100 0.690044590
v 1.584690549 -0.442726958 0.811560882
v 1.584687799 -0.442740799 -0.811558132
v 1.684483930 0.083883780 -0.690051150
v 1.755251521 0.450347174 -0.286627076
v 0.279570382 0.444575076 1.766869903
v 0.132123350 -0.081650290 1.827672310
v -0.272599611 -0.448871333 1.766870694
v 1.286967236 -0.472046361 1.267796778
v 1.095936847 -0.000000236 1.508425472
v 0.808054306 0.472047375 1.615747812
v -1.603448083 0.472044611 0.832194854
v -1.773263986 0.000000146 0.576160715
v -1.786900444 -0.473160958 0.273119500
v -0.817997951 -0.448874125 1.589659715
v -1.181169600 -0.081657700 1.400956140
v -1.264723840 0.444566549 1.265094875
v -1.172863736 0.403475604 -1.351705590
v -1.171160670 -0.127308220 -1.405031740
v -0.958036040 -0.582833970 -1.455527930
v -1.786748382 -0.472994347 -0.273162556
v -1.772713757 -0.000012222 -0.577245590
v -1.595540833 0.468888528 -0.839504208
v 0.877558330 0.518557660 -1.524677170
v 1.006509667 -0.006812069 -1.534749319
v 1.273974132 -0.471555687 -1.275382049
v 1.555463382 0.933857215 0.441436347
v 1.283140979 0.980243562 0.932253667
v 0.900675486 0.937832833 1.341916479
v 0.035658250 0.932392715 1.589656611
v -0.455205110 1.092993280 1.400951980
v -0.963236486 0.932387833 1.265093528
v -1.517424722 0.937830993 0.556222639
v -1.586049215 0.980243583 0.000000042
v -1.517424764 0.937830903 -0.556222632
v -0.874596681 0.879214958 -1.352017090
v -0.394820170 1.107794680 -1.407081780
v 0.107967650 1.114792870 -1.456971730
v 0.906306347 0.942440667 -1.336252312
v 1.283140979 0.980244424 -0.932253618
v 1.555463382 0.933857118 -0.441437549
v 0.149262000 1.788108007 0.459387250
v 0.302902299 1.586060361 0.932250486
v 0.432537514 1.223074326 1.342916125
v 1.410976139 1.225003875 0.000000000
v 0.980231583 1.586056319 -0.000000000
v 0.483032403 1.788106250 0.000000000
v -0.390780243 1.788107965 0.283915174
v -0.793022701 1.586060125 0.576158326
v -1.139285819 1.223073222 0.832191993
v -0.390780243 1.788107965 -0.283915174
v -0.793022701 1.586060125 -0.576158326
v -1.132078333 1.218243861 -0.839526382
v 0.149262000 1.788108007 -0.459387250
v 0.302902299 1.586060403 -0.932250486
v 0.441498965 1.239108951 -1.330970715
v 0.678639903 1.664481208 -0.493060236
v 1.185248604 1.351381799 -0.493061979
v 0.835188674 1.351384708 -0.974872444
v -0.259221132 1.664482410 -0.797785035
v -0.094412611 1.368453972 -1.268538292
v -0.654247097 1.351092174 -1.102312028
v -0.838845618 1.664481361 0.000000000
v -1.248700590 1.351383764 -0.297772174
v -1.248700549 1.351383764 0.297772174
v -0.259221132 1.664482410 0.797785035
v -0.665443340 1.356061944 1.094061097
v -0.104731312 1.356062903 1.276250264
v 0.678639903 1.664481208 0.493060236
v 0.835188674 1.351384708 0.974872444
v 1.185248604 1.351381799 0.493061979
v 1.603073097 0.512779819 -0.803679160
v 1.497594444 0.010407868 -1.104380382
v 1.247921083 0.512790035 -1.283172882
v -1.767144722 0.512529250 -0.297773160
v -1.863899389 0.005916604 0.000000757
v -1.767144722 0.512529431 0.297773215
v 1.254621194 0.512529236 1.279606118
v 1.507293250 0.011253396 1.098466333
v 1.603073139 0.512778472 0.803678743
v 0.824075370 -0.518260340 -1.549199650
v -1.501181826 -0.016773326 -1.102453153
v -1.272114722 -0.510973444 -1.269523819
v -1.607310583 -0.498059069 -0.802195778
v -1.510488146 -0.011256042 1.094068611
v -1.604679250 -0.512529187 0.797792479
v -1.259723326 -0.512783069 1.276258764
v 0.578929507 -0.011254778 1.772963778
v 0.268976264 -0.512782917 1.772960931
v 0.829284583 -0.512532042 1.588632917
v 0.664473667 -1.342935674 -1.101430111
v 0.259220201 -1.664481451 -0.797787632
v 0.097240132 -1.346172986 -1.283037076
v -0.827611000 -1.362074701 -0.966873403
v -0.678799049 -1.664813854 -0.493173958
v -1.175299417 -1.362073549 -0.488322750
v -1.185250361 -1.351380771 0.493061285
v -0.679332681 -1.663899556 0.494545799
v -0.834502799 -1.350664160 0.976289667
v 1.246152569 -1.356059910 -0.294780389
v 1.246029708 -1.356016208 0.295102243
v 0.838474368 -1.664915354 -0.000661958
v 0.116353590 -1.340249035 1.285101312
v 0.082027391 -1.507360578 0.783829266
v 0.672805660 -1.344146306 1.096450507
v 0.271942844 1.647295437 0.000000000
v -0.000000140 1.632987700 0.000000000
v 0.084033734 1.647296203 0.258631281
v -0.220006641 1.647296297 0.159842156
v -0.220006641 1.647296297 -0.159842156
v 0.084033734 1.647296203 -0.258631281
v 0.085799578 0.385723188 1.534501297
v -0.022013360 0.013611890 1.563921270
v -0.306620969 -0.249236172 1.534503172
v -0.653894453 -0.249238859 1.421666609
v -0.901441090 0.013605980 1.278176760
v -0.971376234 0.385716125 1.191002625
v -0.069507531 0.696333016 1.421664406
v -0.415310200 0.800193800 1.278174110
v -0.779409766 0.696328250 1.191001719
v -0.672083750 0.415373292 1.308354576
v -0.225311944 0.415374639 1.453520486
v -0.472278569 0.015764778 1.453522278
v 1.272463281 -0.674565484 -0.371074125
v 1.237054210 -0.776466290 0.000005780
v 1.272464500 -0.674557422 0.371083891
v 1.452024359 0.265628406 0.181542859
v 1.386364440 0.005332300 0.459523010
v 1.331453891 -0.365685719 0.552628844
v 1.331451703 -0.365698266 -0.552626750
v 1.386362520 0.005321820 -0.459528790
v 1.452023375 0.265624406 -0.181555281
v 1.407117597 0.005409806 -0.000001347
v 1.331344340 -0.391343757 -0.233201458
v 1.331344535 -0.391341257 0.233202806
v -0.740883000 -0.437039530 -1.315155490
v -0.454014062 -0.712325609 -1.350141891
v 0.254466667 0.410219076 -1.458394569
v 0.445079453 0.715860047 -1.351350672
v 0.072688090 0.855608290 -1.316235160
v -0.051913300 -0.771300740 -1.374836520
v 0.336821047 -0.685502672 -1.401721469
v -0.921644031 0.355082578 -1.255528625
v -0.920812300 -0.035805640 -1.275637490
v 0.672004800 0.379130770 -1.375787120
v 0.762756391 -0.008767359 -1.402287656
v -0.255600646 -0.409894174 -1.458158083
v 0.001239000 -0.000757896 -1.537471069
v -0.719681422 0.675456656 -1.255820547
v -0.366964280 0.843502130 -1.276403040
v -0.213029215 0.444917083 -1.450871458
v -0.678211215 0.421189556 -1.316590757
v -0.493976035 -0.006647326 -1.450735611
v 0.477531014 -0.004391479 -1.464588938
v 0.215116333 -0.426557528 -1.464476465
v 0.613526970 -0.387048820 -1.402627680
v -1.414863156 -0.935901734 -0.628895625
v -1.035333875 -0.935901844 -1.151272766
v -1.249135281 -0.698065953 -1.107078703
v -1.438899906 -0.698065750 -0.845889516
v -1.011297188 -1.173737734 -0.934278859
v -1.201061844 -1.173737734 -0.673089781
v -1.130366861 -0.863533694 -0.821257597
v -0.983565156 -0.865949844 -1.029965344
v -1.152525984 -0.677995547 -0.995039969
v -1.302490328 -0.677995328 -0.788630797
v -0.964570000 -1.053903938 -0.858481453
v -1.114534922 -1.053903844 -0.652072734
v -0.001604891 -1.590985609 0.860475641
v 0.056914109 -1.699483703 0.623086219
v 0.309770656 -1.701998109 0.535865828
v 0.504107437 -1.596014516 0.686034781
v 0.192731437 -1.485002031 1.010644016
v 0.445587875 -1.487516531 0.923423641
v 0.117959312 -1.573980188 0.638068547
v 0.273217375 -1.575524047 0.584513641
v 0.392543422 -1.510448500 0.676719469
v 0.201353344 -1.442285125 0.876035547
v 0.235516542 -1.504836208 0.724830083
v 0.356611406 -1.443829000 0.822480656
v 0.004170813 -1.858918937 0.226596750
v 0.118023625 -1.859758812 0.187912812
v 0.085726812 -1.845552125 0.288054438
v 1.322543375 -1.015727375 0.840349688
v 1.406112500 -0.950111813 0.773622625
v 1.359857500 -1.040074437 0.735451562
v -0.155316000 -1.857691438 0.177898063
v -0.219886750 -1.857168750 0.084416875
v -0.261969500 -1.843674562 0.184072562
v -0.215910625 -1.856729437 -0.084357437
v -0.146881437 -1.856664250 -0.178508500
v -0.253639938 -1.842848937 -0.184139312
v 0.013624875 -1.856692812 -0.230717063
v 0.124152562 -1.856916750 -0.195226000
v 0.096781063 -1.842893438 -0.298086313
v 1.496085687 -0.803043938 0.764336750
v 1.514894000 -0.704563813 0.822221125
v 1.537880313 -0.717317125 0.720686750
v -0.298218312 -0.803546875 1.659016625
v -0.348166375 -0.694287875 1.696009313
v -0.242263062 -0.714820125 1.703960938
v -1.666779187 -0.817990688 0.230643437
v -1.716261875 -0.719025750 0.194692625
v -1.691572062 -0.737550188 0.297958562
v -0.779672750 -0.860504687 -1.465471625
v -0.794676000 -0.781496562 -1.481559062
v -0.867549125 -0.787851375 -1.456532063
v 1.212677938 -0.817137000 -1.165988062
v 1.274478500 -0.718083438 -1.164363750
v 1.190975312 -0.736249938 -1.236427687
v 1.468809875 -0.621829375 0.966580750
v 1.396973562 -0.626171000 1.069323438
v 1.456090688 -0.536358250 1.031525313
v -0.490231125 -0.595600938 1.696128125
v -0.600345188 -0.595601438 1.660350000
v -0.549600563 -0.507776250 1.691507750
v -1.760632688 -0.630336500 0.058327188
v -1.760793375 -0.630253063 -0.057574000
v -1.788412812 -0.543898812 0.000085813
v 1.396363937 -0.626152125 -1.069677875
v 1.468808500 -0.621836313 -0.966578812
v 1.455480563 -0.536342063 -1.031879688
v 0.661810438 0.961117500 1.461999562
v 0.561218688 1.021373000 1.462468875
v 0.648992000 1.050598875 1.403021562
v -1.170415812 0.950205563 1.098610125
v -1.207929750 1.015719688 0.998147375
v -1.119832437 1.040158875 1.066444000
v -1.393136938 0.960169813 -0.795376625
v -1.308655062 1.018161500 -0.858320000
v -1.348782500 1.049963563 -0.754552750
v 0.355592812 1.057289125 -1.480436937
v 0.429075938 1.082500875 -1.461936000
v 0.325581625 1.129536500 -1.453400812
v 1.595630625 0.958747250 -0.178187125
v 1.564628187 1.021771687 -0.084292563
v 1.535040812 1.050324563 -0.184085813
v 0.002186937 1.720445312 -0.338250500
v -0.200591250 1.720445312 -0.272363438
v -0.114404937 1.759306375 -0.352096063
v -0.094256875 1.679691000 -0.290087125
v 0.724030250 1.714153813 -0.093304125
v 0.771963938 1.683163437 -0.202162687
v 0.658577188 1.731416625 -0.200975813
v 1.210670000 1.413811375 -0.093304250
v 1.255381188 1.362989562 -0.200976375
v 1.160226688 1.443205063 -0.202163250
v 0.391113187 1.790289187 -0.284159750
v 0.500826250 1.771008375 -0.287018812
v 0.427734687 1.771008813 -0.387618937
v 0.312471000 1.714156313 -0.659756438
v 0.430814687 1.683165812 -0.671705812
v 0.394648312 1.731418250 -0.564235750
v 0.909569562 1.596287313 -0.295941625
v 1.020981313 1.527431750 -0.295942062
v 0.954438875 1.544327688 -0.404800313
v 0.961313063 1.429598125 -0.698435187
v 0.926527375 1.499169125 -0.591375063
v 0.848743188 1.499169625 -0.698434750
v 0.562526500 1.596290125 -0.773598000
v 0.679923563 1.544329813 -0.782633062
v 0.596954063 1.527435062 -0.879556562
v 0.463105500 1.414478437 -1.122065812
v 0.579325063 1.363656250 -1.131316812
v 0.550792313 1.443210062 -1.040965500
v 1.363754500 1.239536563 -0.286194250
v 1.443177438 1.149710000 -0.278315437
v 1.396201313 1.174541813 -0.385902562
v 1.394483125 1.046087500 -0.658866938
v 1.373172125 1.127308375 -0.563345562
v 1.312791750 1.138078125 -0.671708250
v 1.077204375 1.298798750 -0.782634625
v 1.176182062 1.217033312 -0.773600375
v 1.099198188 1.217033812 -0.879558500
v 1.057811625 1.046492500 -1.122315687
v 1.044507500 1.138080250 -1.040967437
v 0.960378625 1.127713875 -1.131565875
v 0.694084625 1.240498312 -1.207773000
v 0.798956188 1.175244063 -1.208020937
v 0.712517813 1.152551500 -1.284031563
v 0.581734000 1.050656312 -1.435078000
v 0.680764625 0.985044250 -1.437553125
v 0.659347500 1.064536313 -1.390077000
v 0.197048125 1.720444813 -0.274937063
v 0.322374125 1.720444250 -0.102444000
v 0.299512500 1.759305438 -0.217607938
v 0.246764250 1.679690125 -0.179284125
v 0.134995188 1.714156750 -0.717421125
v 0.046276562 1.683166625 -0.796648000
v 0.012367375 1.731418750 -0.688444500
v 0.285870813 1.415372562 -1.179086625
v 0.198878313 1.369820812 -1.251145812
v 0.166882125 1.444904625 -1.164745438
v -0.149394000 1.790290125 -0.459778438
v -0.118210938 1.771009375 -0.565004437
v -0.236472938 1.771009375 -0.526578125
v -0.530908562 1.714155937 -0.501052687
v -0.505703625 1.683165812 -0.617295875
v -0.414669187 1.731418250 -0.549689563
v -0.000390750 1.596291125 -0.956497938
v 0.034423625 1.528236125 -1.061938125
v -0.089668875 1.545131250 -1.032292437
v -0.363376500 1.433664063 -1.128147625
v -0.275280250 1.500518187 -1.063113062
v -0.400828375 1.499704375 -1.023054313
v -0.561908188 1.596290313 -0.774047000
v -0.533528812 1.544316938 -0.888806250
v -0.651346625 1.527421500 -0.839849375
v -0.923372125 1.412929062 -0.788426625
v -0.891585875 1.359238813 -0.906429000
v -0.818324250 1.442625375 -0.846685125
v 0.160200312 1.277604938 -1.358100812
v 0.200737750 1.217543313 -1.408017000
v 0.085199062 1.243766625 -1.396531437
v -0.140503750 1.161505187 -1.436495875
v -0.074634687 1.216489750 -1.416193875
v -0.189164937 1.216787437 -1.403054375
v -0.391107125 1.321756500 -1.254752188
v -0.336453687 1.263091063 -1.331054813
v -0.457936812 1.254952563 -1.298930750
v -0.640320188 1.054809875 -1.370623125
v -0.599636562 1.156817875 -1.323834375
v -0.703058625 1.111772500 -1.306747375
v -0.901679063 1.216919750 -1.068000312
v -0.843399500 1.139312125 -1.189398188
v -0.947173938 1.111446750 -1.131578750
v -1.181580938 0.998389063 -1.024848813
v -1.122918562 0.919893312 -1.146370125
v -1.076353500 1.011490500 -1.110475937
v 0.322374125 1.720444250 0.102444000
v 0.197048125 1.720444813 0.274937063
v 0.299512500 1.759305438 0.217607938
v 0.246764250 1.679690125 0.179284125
v -0.640593688 1.714155875 -0.350084250
v -0.743358875 1.683165375 -0.290191375
v -0.650929437 1.731418125 -0.224505375
v -1.033852562 1.413499500 -0.636598187
v -1.133312813 1.362677250 -0.575770625
v -1.057470250 1.443209125 -0.518403313
v -0.483442875 1.790289750 0.000000000
v -0.573882438 1.771009250 -0.062173813
v -0.573882438 1.771009250 0.062173813
v -0.640593688 1.714155875 0.350084250
v -0.743358875 1.683165375 0.290191375
v -0.650929438 1.731418125 0.224505375
v -0.909806312 1.596289312 -0.295204937
v -0.999940188 1.527434187 -0.360690000
v -1.010092500 1.544329250 -0.233510812
v -1.188249625 1.429598250 0.000000000
v -1.097178875 1.499169625 -0.066165688
v -1.097178875 1.499169625 0.066165688
v -0.909806312 1.596289312 0.295204937
v -1.010092500 1.544329250 0.233510812
v -0.999940188 1.527434187 0.360690000
v -1.034190437 1.413725875 0.636254375
v -1.133650687 1.362903625 0.575426812
v -1.057470250 1.443209125 0.518403313
v -1.271079125 1.239223750 -0.570528000
v -1.330682375 1.149583375 -0.623542000
v -1.356357875 1.174731125 -0.508414000
v -1.515413188 1.046275000 -0.286573375
v -1.442025875 1.127496375 -0.351325000
v -1.456891812 1.138079125 -0.228211875
v -1.331498438 1.298798750 0.000000000
v -1.406262625 1.217033312 -0.065485062
v -1.406262313 1.217033312 0.065485062
v -1.515412750 1.046275375 0.286573375
v -1.456891375 1.138079187 0.228211875
v -1.442025750 1.127496438 0.351325000
v -1.271417000 1.239450125 0.570184187
v -1.356357875 1.174731125 0.508414000
v -1.331020250 1.149809750 0.623198188
v -1.313661562 1.021371875 0.853274875
v -1.394765250 0.961116313 0.793769375
v -1.349728438 1.050597438 0.753590125
v 0.002186937 1.720445312 0.338250500
v -0.200591250 1.720445312 0.272363438
v -0.114404937 1.759306375 0.352096063
v -0.094256875 1.679691000 0.290087125
v -0.530908562 1.714155938 0.501052687
v -0.505703625 1.683165812 0.617295875
v -0.414669187 1.731418250 0.549689563
v -0.924318062 1.413562938 0.787464000
v -0.896096937 1.362143125 0.901985562
v -0.819457125 1.443265812 0.845679562
v -0.149394000 1.790290125 0.459778438
v -0.236472937 1.771009375 0.526578125
v -0.118210938 1.771009375 0.565004437
v 0.134995188 1.714156750 0.717421125
v 0.046276562 1.683166625 0.796648000
v 0.012367375 1.731418750 0.688444500
v -0.561908188 1.596290313 0.774047000
v -0.651871437 1.527654438 0.839462625
v -0.534053625 1.544549875 0.888419500
v -0.366404750 1.433387437 1.127658125
v -0.401689813 1.499949187 1.022590188
v -0.276100563 1.499949250 1.063397187
v -0.000390750 1.596291125 0.956497938
v -0.090152563 1.544550437 1.032653938
v 0.033939938 1.527655312 1.062299625
v 0.284916750 1.413563125 1.180374688
v 0.194770563 1.362143688 1.256436000
v 0.165864437 1.443266313 1.165835063
v -0.927201875 1.233689875 1.042439875
v -0.990322313 1.139860688 1.088086125
v -0.888417938 1.167791687 1.145475750
v -0.708124187 1.082063687 1.321519875
v -0.759739625 1.140496625 1.260047000
v -0.648726563 1.173228812 1.293396750
v -0.406722688 1.321234313 1.251740687
v -0.486668375 1.256611938 1.290407500
v -0.364773812 1.256612000 1.330014188
v -0.203900062 1.082066063 1.485353812
v -0.235423250 1.173230000 1.427688938
v -0.126009062 1.140499062 1.465960750
v 0.137377187 1.233691875 1.388348062
v 0.045437437 1.167794562 1.448907687
v 0.161612250 1.139863562 1.462377625
v 0.390524313 1.015721813 1.517524563
v 0.301124250 0.950208875 1.576749187
v 0.279108313 1.040161813 1.520994000
v -0.321021375 1.720444875 -0.106606000
v -0.321021375 1.720444875 0.106606000
v -0.370218375 1.759305625 0.000000000
v -0.305017875 1.679690625 0.000000000
v 0.312471000 1.714156313 0.659756438
v 0.430814687 1.683165812 0.671705812
v 0.394648312 1.731418250 0.564235750
v 0.462685438 1.413726438 1.122625750
v 0.578905000 1.362904563 1.131876750
v 0.550792313 1.443210000 1.040965500
v 0.391113187 1.790289187 0.284159750
v 0.427734687 1.771008813 0.387618938
v 0.500826250 1.771008375 0.287018812
v 0.724030250 1.714153812 0.093304125
v 0.771963938 1.683163437 0.202162687
v 0.658577188 1.731416625 0.200975813
v 0.562526500 1.596290125 0.773598000
v 0.596954062 1.527435062 0.879556563
v 0.679923563 1.544329813 0.782633062
v 0.961313063 1.429598125 0.698435187
v 0.848743187 1.499169625 0.698434750
v 0.926527375 1.499169125 0.591375063
v 0.909569562 1.596287313 0.295941625
v 0.954438875 1.544327688 0.404800312
v 1.020981313 1.527431750 0.295942062
v 1.210670000 1.413811375 0.093304250
v 1.255381188 1.362989562 0.200976375
v 1.160226688 1.443205062 0.202163250
v 0.693442438 1.239451250 1.208612750
v 0.710501063 1.149811250 1.286535875
v 0.798470125 1.174732625 1.208566250
v 1.057547688 1.046276437 1.122581188
v 0.960114688 1.127497875 1.131831375
v 1.044507500 1.138080187 1.040967437
v 1.077204375 1.298798750 0.782634625
v 1.099198188 1.217033750 0.879558500
v 1.176182062 1.217033250 0.773600375
v 1.394483125 1.046087437 0.658866875
v 1.312791750 1.138078062 0.671708250
v 1.373172125 1.127308375 0.563345500
v 1.363754500 1.239536563 0.286194250
v 1.396201313 1.174541813 0.385902500
v 1.443177438 1.149710000 0.278315375
v 1.595630625 0.958747625 0.178186563
v 1.564628188 1.021771750 0.084292375
v 1.535040813 1.050324625 0.184085688
v 1.720173500 0.694346625 -0.192961375
v 1.670019813 0.803544063 -0.228969312
v 1.695052688 0.714884188 -0.296071812
v 1.733224313 0.302632625 -0.548024875
v 1.713077437 0.314370500 -0.656908188
v 1.725491125 0.397557875 -0.570716563
v 1.647117750 -0.148230313 -0.813029375
v 1.616789938 -0.169276750 -0.904141000
v 1.642026313 -0.055323437 -0.874458750
v 1.683101625 0.654380188 -0.448969437
v 1.694067187 0.562960313 -0.526303562
v 1.642399437 0.674601500 -0.561970875
v 1.473930312 0.887012500 -0.716491625
v 1.484766500 0.793811688 -0.796887000
v 1.544515937 0.783385688 -0.687588375
v 1.662051938 0.235812062 -0.813054687
v 1.640775437 0.126744750 -0.877415875
v 1.611418500 0.227049062 -0.910349437
v 1.436960313 0.311060938 -1.134206750
v 1.518018188 0.313198250 -1.027446500
v 1.462959625 0.423790438 -1.065407125
v 1.427856063 0.713554125 -0.956778625
v 1.421167562 0.610128750 -1.033259688
v 1.350633500 0.713555250 -1.062629188
v 1.137436125 0.887845875 -1.179783562
v 1.132547625 0.786361437 -1.254756500
v 1.216420875 0.794242813 -1.165881812
v 1.533277125 -0.272409187 -1.018024250
v 1.484904938 -0.375985937 -1.055419563
v 1.454575687 -0.278045625 -1.125280813
v 1.209385563 -0.198700313 -1.386157750
v 1.324099875 -0.195094313 -1.281834125
v 1.260014313 -0.092251375 -1.348052125
v 1.312405250 0.210280000 -1.286679125
v 1.254796687 0.095366188 -1.350142125
v 1.200525312 0.207047437 -1.389379000
v 0.990290125 0.301792125 -1.526344000
v 1.076887125 0.300292500 -1.477852000
v 1.044929625 0.410715000 -1.480109125
v 1.051401188 0.692008875 -1.377644188
v 1.035971750 0.590924187 -1.433156625
v 0.967289813 0.686361937 -1.440258687
v 0.758697000 0.750761375 -1.512658750
v 0.762205500 0.844135125 -1.480171313
v 0.835659875 0.757967000 -1.485021812
v -0.959013250 0.602573812 -1.356590125
v -0.969938250 0.473068000 -1.324412437
v -0.846493437 0.669010875 -1.324585062
v -0.874383688 0.549714062 -1.284350625
v -1.178690187 0.669233750 -1.256925188
v -1.119338375 0.763899063 -1.256987250
v -1.072901813 0.671372688 -1.333927937
v -1.495628062 0.715932937 -0.858307062
v -1.481710125 0.816902062 -0.795374688
v -1.542253937 0.736993125 -0.754550125
v -1.726578500 0.292632938 -0.636650313
v -1.763731125 0.300418187 -0.518456187
v -1.725626875 0.404323500 -0.575771500
v -1.819905062 -0.194724500 -0.350150250
v -1.840225125 -0.193193438 -0.224062188
v -1.837836187 -0.087849312 -0.290334688
v -1.623293625 0.676156875 -0.623541937
v -1.676816062 0.582757375 -0.570528313
v -1.657285937 0.687822750 -0.508415000
v -1.613520750 0.887534625 -0.286573437
v -1.669462250 0.794135438 -0.228212000
v -1.653348500 0.785571438 -0.351325438
v -1.813337125 0.211294750 -0.360742312
v -1.834615063 0.099882125 -0.295256812
v -1.833014687 0.212820500 -0.233511750
v -1.831568250 0.310910562 0.066166125
v -1.831568250 0.310910250 -0.066166000
v -1.810068750 0.423481312 0.000000000
v -1.717440188 0.713541750 -0.065485062
v -1.757138875 0.610103875 0.000000063
v -1.717440188 0.713541750 0.065485500
v -1.613520375 0.887535063 0.286573500
v -1.653348438 0.785571875 0.351325500
v -1.669462188 0.794135563 0.228212375
v -1.842503500 -0.282020750 -0.061638563
v -1.826233875 -0.383680313 -0.000002000
v -1.842510625 -0.282028562 0.061636688
v -1.820216625 -0.194725313 0.349548438
v -1.840278688 -0.193200125 0.223968875
v -1.837908437 -0.087847312 0.290192813
v -1.833014687 0.212821000 0.233512312
v -1.834640875 0.099883187 0.295206813
v -1.813362937 0.211295813 0.360691875
v -1.726974938 0.292781938 0.636256812
v -1.763756938 0.300419563 0.518405312
v -1.725997500 0.404472250 0.575428875
v -1.657285937 0.687823562 0.508415375
v -1.677186687 0.582906125 0.570186063
v -1.623664250 0.676305313 0.623199687
v -1.501022437 0.718217750 0.853275500
v -1.483397625 0.817707375 0.793769500
v -1.543291813 0.737407375 0.753590750
v -1.250573000 0.704844750 1.187932125
v -1.189703687 0.803334187 1.187931750
v -1.162829438 0.718668313 1.245971250
v -0.086142500 -0.229515750 1.749612063
v -0.019468000 -0.123106625 1.697009938
v -0.195336500 -0.270632875 1.670166000
v -0.118090750 -0.180923500 1.622154625
v -0.680978813 0.960139750 1.317437938
v -0.759534250 0.857745937 1.260252062
v -0.547602188 0.933145250 1.313298250
v -0.632701875 0.848282688 1.248267625
v 0.166764813 0.179703000 1.749611125
v 0.101409125 0.072479375 1.697009437
v 0.154707125 0.295757500 1.670164563
v 0.109015187 0.186547125 1.622153625
v -1.056363812 0.652866687 1.257159625
v -0.934788375 0.713471812 1.232280312
v -1.056199500 0.517022500 1.232280812
v -0.951117813 0.587821375 1.197797750
v -1.163314625 0.179694125 1.317440313
v -1.106863375 0.295748687 1.260253625
v -1.079520625 0.072471063 1.313300500
v -1.041676375 0.186538875 1.248269562
v 0.130158563 0.517030875 1.617753625
v 0.031933000 0.713478688 1.546388625
v 0.115666375 0.652874875 1.637977250
v 0.065413687 0.587828688 1.528090500
v -0.223460938 0.960142688 1.466095313
v -0.126293688 0.857750250 1.466005313
v -0.328931313 0.933146688 1.384349000
v -0.221859063 0.848285250 1.381759250
v -0.958703562 -0.229521625 1.466098688
v -0.981726813 -0.123113438 1.384351750
v -0.823665937 -0.270637313 1.466008313
v -0.857939438 -0.180928875 1.381762125
v -0.532209687 -0.395426000 1.637979312
v -0.623863188 -0.347636563 1.546391063
v -0.404226937 -0.347635063 1.617755563
v -0.496505688 -0.321388875 1.528092562
v 0.313473000 0.704850750 1.696127063
v 0.264227875 0.803339312 1.660348187
v 0.208373250 0.718675437 1.691505875
v 0.712796750 0.718219750 1.572598562
v 0.733515438 0.817709000 1.514097187
v 0.805588187 0.737409375 1.516796875
v 1.023162250 0.292782500 1.529837750
v 1.122192750 0.300419312 1.456112875
v 1.058125750 0.404472813 1.480051875
v 1.267370313 -0.194581438 1.352231250
v 1.358175125 -0.192334625 1.261097250
v 1.316454938 -0.087505563 1.314909000
v 0.947256000 0.676306875 1.458548813
v 1.021718437 0.582907250 1.447119375
v 1.041927438 0.687824625 1.385447688
v 1.136919187 0.887536000 1.180247188
v 1.216481937 0.794136063 1.165912750
v 1.131079750 0.785572812 1.256043563
v 1.255029437 0.211294313 1.357675625
v 1.310706375 0.100131125 1.317338438
v 1.345654563 0.213068937 1.266470063
v 1.519290312 0.313306875 1.026671562
v 1.442638375 0.311514313 1.130769313
v 1.464091188 0.423846938 1.064742500
v 1.350947500 0.713541187 1.062462562
v 1.421481250 0.610114312 1.033093687
v 1.427856000 0.713552500 0.956779500
v 1.473930312 0.887011938 0.716491562
v 1.544515937 0.783384750 0.687588000
v 1.484766500 0.793810687 0.796887313
v 1.460549750 -0.277598375 1.121654938
v 1.486333312 -0.375931688 1.054566375
v 1.534551062 -0.272292688 1.017249437
v 1.647120062 -0.148218000 0.813027188
v 1.617246125 -0.169228125 0.903863313
v 1.642482438 -0.055275000 0.874179500
v 1.611872938 0.227089688 0.910071500
v 1.641230625 0.126789062 0.877136562
v 1.662052813 0.235816375 0.813051938
v 1.733225812 0.302639875 0.548015313
v 1.713078875 0.314376313 0.656902063
v 1.725492187 0.397562063 0.570709000
v 1.642399500 0.674601625 0.561967625
v 1.694067625 0.562961750 0.526297562
v 1.683101750 0.654381750 0.448963062
v 1.720173563 0.694349063 0.192954125
v 1.670019813 0.803545500 0.228965437
v 1.695052750 0.714886313 0.296064937
v 0.321441375 0.971018187 -1.445402250
v 0.199818125 0.968477750 -1.391962000
v 0.407620000 0.872126875 -1.411727125
v 0.293419750 0.877457938 -1.359246875
v 0.166047438 -0.902845000 -1.512160875
v 0.049142500 -0.879897625 -1.462798250
v 0.272045125 -0.817725812 -1.475707437
v 0.158846687 -0.810001688 -1.424099312
v 1.071791938 -0.294095875 -1.481396437
v 1.030088937 -0.401559813 -1.487770375
v 0.967342125 -0.304650312 -1.537956188
v -1.024750375 -0.332579875 -1.404449250
v -1.018712625 -0.203254875 -1.354555750
v -0.926860313 -0.415795250 -1.372055250
v -0.929420813 -0.289685750 -1.322617000
v 0.761160000 -0.344142125 -1.489399188
v 0.849872375 -0.252584000 -1.530101312
v 0.835862125 -0.124288188 -1.485340312
v 0.764005250 -0.220190063 -1.441613938
v -0.309981500 -0.916631250 -1.482501625
v -0.181069812 -0.888798500 -1.447018438
v -0.405970063 -0.843447750 -1.429656313
v -0.281842125 -0.826839500 -1.394094125
v -1.108542250 0.137092187 -1.370821625
v -1.057203250 0.024249625 -1.340039875
v -1.042135938 0.254533375 -1.329509063
v -1.007153437 0.146177562 -1.292873813
v -0.143872687 1.065739125 -1.406142125
v -0.026011375 1.013776625 -1.373407625
v -0.257369875 1.004803188 -1.355759750
v -0.140820562 0.961683188 -1.323736500
v 0.637825500 -0.539882000 -1.489225375
v 0.471781062 -0.702194250 -1.484831375
v 0.594023500 -0.658942875 -1.529754813
v 0.527342062 -0.595937375 -1.441287187
v 1.037019187 -0.575821625 -1.429644313
v 1.081145938 -0.670668562 -1.358947625
v 0.974511750 -0.676382062 -1.429783937
v 0.734099250 -0.834137875 -1.481271750
v 0.812575937 -0.749802812 -1.487766875
v 0.695050938 -0.738839687 -1.537664375
v -0.603923750 0.938710437 -1.371551063
v -0.680508125 0.828447375 -1.330018937
v -0.479252875 0.941407062 -1.340911125
v -0.567569500 0.843527750 -1.293506500
v 0.884616938 0.238736687 -1.513120562
v 0.853881813 0.105752500 -1.476524250
v 0.813729313 0.333645937 -1.463871375
v 0.798187938 0.204617750 -1.425002812
v 0.691386312 0.673969875 -1.483806437
v 0.584446125 0.728504750 -1.431003500
v 0.722421062 0.545157000 -1.448288500
v 0.623094875 0.609363125 -1.395368562
v -0.737303875 -0.711195313 -1.444357438
v -0.611743562 -0.745845500 -1.410396938
v -0.788397000 -0.599966312 -1.390618000
v -0.665898187 -0.645008750 -1.357894000
v -1.419996063 0.614425563 -1.024767812
v -1.322285687 0.600225312 -1.146238063
v -1.383810750 0.517182000 -1.110332875
v -1.228928750 0.115029187 -1.369931125
v -1.303296938 0.029884063 -1.322865563
v -1.307402313 0.142444125 -1.306307813
v -1.110219938 -0.380915750 -1.432594500
v -1.130813813 -0.466854375 -1.411263937
v -1.181406625 -0.364055625 -1.397852687
v -1.415532438 0.356964750 -1.131429500
v -1.394154937 0.252229062 -1.189228875
v -1.490458125 0.266341812 -1.067921125
v -1.676582563 0.194163688 -0.788569687
v -1.655956938 0.086971750 -0.847294062
v -1.614223000 0.190327062 -0.906518125
v -1.331238125 -0.144017813 -1.295659250
v -1.286591562 -0.255709187 -1.326165125
v -1.362409812 -0.236319250 -1.250598375
v -1.468205250 -0.416664625 -1.065244875
v -1.448067187 -0.313622375 -1.127418250
v -1.520941188 -0.310250125 -1.026237750
v -1.655652500 -0.100435313 -0.843500125
v -1.617555687 -0.212682000 -0.894348313
v -1.676339313 -0.210643187 -0.779994562
v -1.769308375 -0.292853438 -0.504143563
v -1.732050625 -0.403771375 -0.554594250
v -1.728870125 -0.299750688 -0.623226437
v -1.080123625 -0.624211688 -1.394477250
v -1.000838687 -0.716284313 -1.409657250
v -1.069341312 -0.705355125 -1.361837000
v -1.424635125 -1.034821187 -0.560538437
v -1.372994750 -1.137318062 -0.515858562
v -1.286418687 -1.188437250 -0.588648062
v -1.341859062 -1.094984625 -0.598826938
v -0.973902000 -1.035279750 -1.181167875
v -0.957364500 -1.188437375 -1.041552063
v -0.915450750 -1.137777000 -1.145861563
v -0.984177250 -1.094984625 -1.091133625
v -1.510647188 -0.862798125 -0.623029813
v -1.526207937 -0.708863562 -0.762864812
v -1.563603562 -0.756103313 -0.654343750
v -1.491290312 -0.796124375 -0.707394875
v -1.691076938 -0.581022000 -0.526377500
v -1.642143125 -0.681999375 -0.557364500
v -1.681054812 -0.674564000 -0.446536625
v -1.669286000 -0.816834687 -0.223892375
v -1.717550750 -0.718414500 -0.191132562
v -1.693839875 -0.736391687 -0.291807188
v -1.373310875 0.621913063 1.098611562
v -1.448684000 0.626171437 0.998148937
v -1.431146000 0.536441500 1.066446250
v -1.677692625 0.194579562 0.787467937
v -1.657364500 0.087503625 0.845684437
v -1.619079750 0.192332562 0.901990500
v -1.771163188 -0.292833312 0.500518500
v -1.734618312 -0.404523312 0.549156375
v -1.731624000 -0.300418625 0.617300625
v -1.462403875 0.376013937 1.088090000
v -1.518098250 0.277597000 1.042444813
v -1.441813250 0.272374562 1.145480562
v -1.284505812 0.149448812 1.321523875
v -1.339481437 0.055553125 1.293402125
v -1.359852875 0.169484688 1.260051875
v -1.657897313 -0.100132563 0.839468250
v -1.679054375 -0.211294938 0.774052938
v -1.620318062 -0.213070375 0.888426437
v -1.465061875 -0.423849875 1.063406063
v -1.521228500 -0.311516812 1.022598687
v -1.445912625 -0.313310312 1.127667000
v -1.341584437 -0.126686750 1.290414500
v -1.363630500 -0.227093000 1.251748937
v -1.287070313 -0.235714500 1.330021563
v -1.059005938 -0.301544500 1.485358812
v -1.076434813 -0.397345125 1.465966687
v -1.154642875 -0.314120000 1.427695250
v -1.692047813 -0.582956250 0.524709062
v -1.679908063 -0.676354937 0.450360250
v -1.639615125 -0.687821187 0.562803313
v -1.473812062 -0.887533625 0.716555312
v -1.544094187 -0.785570437 0.687579313
v -1.484765250 -0.794134937 0.796652875
v -1.421794375 -0.610116688 1.032661812
v -1.427930000 -0.713542312 0.956504500
v -1.351185375 -0.713554875 1.062306562
v -1.136895000 -0.887015375 1.180379250
v -1.216705062 -0.793814125 1.165841250
v -1.131218438 -0.783389125 1.256441875
v -1.024172750 -0.562900563 1.448913500
v -1.041994625 -0.674606688 1.388353875
v -0.947233625 -0.654320875 1.462382125
v -0.733821312 -0.803551937 1.517526187
v -0.715207250 -0.694288938 1.576751125
v -0.805509812 -0.714826000 1.520996437
v 0.585299688 0.626175125 1.659038875
v 0.465271688 0.621918375 1.696010312
v 0.530968500 0.536446875 1.703982813
v 0.262410062 0.149456563 1.824149063
v 0.323416687 0.055559125 1.833712563
v 0.359498750 0.169491063 1.818705250
v -0.016315937 -0.301539687 1.824149375
v 0.009183750 -0.397342063 1.818704750
v 0.094949813 -0.314116000 1.833712000
v 0.543537000 0.376019250 1.739865187
v 0.493147187 0.272379750 1.774191375
v 0.615425187 0.277600250 1.735674313
v 0.894411687 0.194580562 1.623202500
v 0.843748750 0.087504187 1.658351188
v 0.779678312 0.192333625 1.681400812
v 0.326876813 -0.126682937 1.832531500
v 0.259495625 -0.235711063 1.832531000
v 0.367441187 -0.227091250 1.814208125
v 0.560208000 -0.423850875 1.721454063
v 0.506943125 -0.313310750 1.762187437
v 0.629632000 -0.311517750 1.721454875
v 0.847836500 -0.100133063 1.653633937
v 0.788659250 -0.213071375 1.671152000
v 0.903404500 -0.211296312 1.613146813
v 1.138789688 -0.292783375 1.445828875
v 1.080637125 -0.404473875 1.463696000
v 1.038071938 -0.300420750 1.517230250
v -0.023071063 -0.562899188 1.774189313
v -0.093155313 -0.654315000 1.739842750
v 0.027020750 -0.674601937 1.735650688
v 0.226911562 -0.886969625 1.622922437
v 0.176877125 -0.783377312 1.681339250
v 0.299263938 -0.793813812 1.658270563
v 0.543276688 -0.610118250 1.671148875
v 0.468778812 -0.713563250 1.653590563
v 0.593054875 -0.713551500 1.613103938
v 0.770904125 -0.887677937 1.445727812
v 0.732946375 -0.794165625 1.517153438
v 0.844979500 -0.785606062 1.463803000
v 1.060568125 -0.582908188 1.418893187
v 0.995645000 -0.687836938 1.419036438
v 1.094422125 -0.676318625 1.351588500
v 1.213299813 -0.817719688 1.165475375
v 1.275365438 -0.718218437 1.163867750
v 1.193595625 -0.737420125 1.234854625
v 1.763240438 0.595807312 -0.057890000
v 1.763240500 0.595808625 0.057879500
v 1.772043688 0.508785312 -0.000006750
v 1.653703312 0.235577188 0.457905250
v 1.588846000 0.280286875 0.329314500
v 1.559590750 0.133302062 0.504321812
v 1.495812188 0.194693000 0.387220312
v 1.575688500 -0.172913625 -0.698009625
v 1.481006625 -0.284368375 -0.661210125
v 1.522352750 -0.061678750 -0.618928125
v 1.425948625 -0.171118500 -0.602238125
v 1.426904500 -0.951953812 -0.240089625
v 1.374004125 -0.844639062 -0.331882375
v 1.358487750 -0.919684625 -0.114591313
v 1.300132125 -0.829901125 -0.215004562
v 1.401472062 -0.700815375 -0.506663312
v 1.438877750 -0.504956813 -0.621788875
v 1.485653687 -0.645277125 -0.615069250
v 1.350644125 -0.570678062 -0.532023187
v 1.685504625 0.401156438 -0.000007875
v 1.603505875 0.357047250 0.115115688
v 1.603505375 0.357044750 -0.115130938
v 1.523511375 0.334466312 -0.000007375
v 1.575691437 -0.172898500 0.698006813
v 1.522355562 -0.061664312 0.618922875
v 1.481009500 -0.284353250 0.661210125
v 1.425951125 -0.171104312 0.602235688
v 1.438880688 -0.504942563 0.621794250
v 1.485656562 -0.645263438 0.615077125
v 1.401474500 -0.700803250 0.506673125
v 1.350646875 -0.570665375 0.532030500
v 1.653701375 0.235567750 -0.457917062
v 1.559588375 0.133290562 -0.504331500
v 1.588844500 0.280279563 -0.329327750
v 1.495810250 0.194684125 -0.387231187
v 1.426905500 -0.951948750 0.240104375
v 1.374005500 -0.844631313 0.331895563
v 1.358488187 -0.919682125 0.114606375
v 1.300132688 -0.829896187 0.215017812
v 1.496084125 -0.803052437 -0.764330687
v 1.514892062 -0.704572938 -0.822216562
v 1.537877938 -0.717328625 -0.720680000
v 1.217466625 -1.021372125 -0.985676688
v 1.185566313 -0.960658250 -1.081552937
v 1.133435938 -1.050139250 -1.051136875
v 0.924704062 -1.413726000 -0.786950125
v 0.819598812 -1.442813563 -0.845784938
v 0.897373125 -1.362508062 -0.900614938
v 0.530157250 -1.715160000 -0.500561937
v 0.413917812 -1.732422250 -0.549199312
v 0.505703187 -1.683165750 -0.617297250
v 1.003255938 -1.148639188 -1.074134563
v 0.934571938 -1.238342188 -1.033753438
v 0.899762250 -1.169600500 -1.136454375
v 0.712166062 -0.996734875 -1.386326437
v 0.640120187 -1.089165687 -1.347922188
v 0.763355500 -1.098015687 -1.283449375
v 0.651825875 -1.527038625 -0.839808688
v 0.561907687 -1.596289750 -0.774048438
v 0.534007687 -1.543933375 -0.888766375
v 0.275479875 -1.498212937 -1.064579500
v 0.401374875 -1.498061188 -1.023799750
v 0.364394000 -1.424681500 -1.133496625
v 0.469918750 -1.168505375 -1.349712500
v 0.395390375 -1.269917625 -1.286363313
v 0.344967500 -1.170022750 -1.389045687
v 0.159488937 -1.024783500 -1.525537812
v 0.089345875 -1.120754500 -1.479437687
v 0.202809812 -1.101335875 -1.477273375
v 0.235287187 -1.774143000 -0.524752125
v 0.146320750 -1.805053625 -0.450404125
v 0.118058563 -1.774120625 -0.562800375
v -0.134749625 -1.715145437 -0.716509500
v -0.012085438 -1.732399875 -0.687576187
v -0.046313813 -1.683173562 -0.796606562
v 0.089800437 -1.544085062 -1.032974063
v 0.000353062 -1.596297500 -0.956457063
v -0.034328750 -1.527197812 -1.062576750
v -0.286053938 -1.414493750 -1.179248750
v -0.166682000 -1.443259938 -1.165744750
v -0.197705937 -1.364715063 -1.254608250
v -0.072932000 -1.191536312 -1.432617313
v -0.153112438 -1.250111875 -1.377319688
v -0.189029562 -1.172270437 -1.439684750
v -0.424160437 -1.056390500 -1.479662062
v -0.345843750 -1.011675875 -1.511630000
v -0.314939562 -1.085056125 -1.484214062
v -0.680886000 -0.985568000 -1.438883000
v -0.580784313 -1.045823125 -1.439215313
v -0.656050562 -1.062912625 -1.393728312
v -0.465637250 -1.414684062 -1.119225875
v -0.554533437 -1.444630875 -1.035755625
v -0.582583312 -1.364644437 -1.126673500
v -0.312291938 -1.715159438 -0.658767062
v -0.394440000 -1.732429125 -0.563294187
v -0.431256812 -1.683273438 -0.671205500
v -0.708952562 -1.152025813 -1.285721250
v -0.693842375 -1.241182438 -1.205483313
v -0.791197812 -1.177052625 -1.209153813
v -1.466214250 -0.622377937 -0.936108812
v -1.430892375 -0.563097125 -1.038650687
v -1.343964812 -0.622983312 -1.104650687
v -1.387165187 -0.646694625 -1.007832812
v -0.600715500 -1.528885188 -0.874374438
v -0.565166250 -1.596890125 -0.770562375
v -0.683391375 -1.545858313 -0.777932813
v -0.924641875 -1.501836938 -0.592964687
v -0.849674500 -1.501837312 -0.696148125
v -0.956858000 -1.436417000 -0.695196437
v -1.111160813 -0.760384687 -1.279912125
v -1.198491875 -0.710005250 -1.214592000
v -1.060667000 -0.863792937 -1.243008125
v -1.133608812 -0.796124750 -1.199702000
v -1.017174063 -1.274782250 -0.868174313
v -1.046665625 -1.329766688 -0.760445313
v -1.140008687 -1.274782188 -0.699106750
v -1.088302375 -1.244414750 -0.790695750
v -0.426323937 -1.774135312 -0.385928937
v -0.383164187 -1.805037125 -0.278333812
v -0.498848750 -1.774141437 -0.286195375
v -0.723098625 -1.715163875 -0.093435562
v -0.657682750 -1.732434125 -0.201064375
v -0.771625250 -1.683271125 -0.202736313
v -0.951041187 -1.545856750 -0.409548000
v -0.907499188 -1.596887750 -0.299388062
v -1.017215500 -1.528882750 -0.301117937
v -1.208547937 -1.414366562 -0.096734375
v -1.156427687 -1.444626938 -0.207328750
v -1.251768375 -1.364327750 -0.205654000
v -1.394989125 -1.176303188 -0.377797875
v -1.361296000 -1.240577875 -0.286780375
v -1.443575625 -1.149518437 -0.274000375
v -1.565737000 -1.022039687 -0.080835563
v -1.597540437 -0.960324687 -0.171767125
v -1.537148312 -1.049772500 -0.177966437
v -1.595073688 -0.961452562 0.178611063
v -1.564648875 -1.022539375 0.084930812
v -1.534945938 -1.050830062 0.184237375
v -1.210313125 -1.413902938 0.092736125
v -1.160145313 -1.443226500 0.202027875
v -1.255318188 -1.363002937 0.200890125
v -0.723267813 -1.715161188 0.093265250
v -0.658458500 -1.732447313 0.201083563
v -0.772083813 -1.683155250 0.202190687
v -1.443125125 -1.149895125 0.278338625
v -1.363744375 -1.239535500 0.286194813
v -1.396160125 -1.174727125 0.385925062
v -1.394441562 -1.046273438 0.658889438
v -1.312792687 -1.138077563 0.671707813
v -1.373131000 -1.127494000 0.563368000
v -1.020953000 -1.527438625 0.295893938
v -0.909573625 -1.596267250 0.295963875
v -0.954472750 -1.544299125 0.404870687
v -0.848397312 -1.498743375 0.699289125
v -0.926503750 -1.499079750 0.591565125
v -0.961224813 -1.429502250 0.698622000
v -1.176183125 -1.217032250 0.773600000
v -1.077173625 -1.298763625 0.782701312
v -1.099167000 -1.216999000 0.879624937
v -1.057539312 -1.046089812 1.122628188
v -0.960074500 -1.127277125 1.131944813
v -1.044475812 -1.138045562 1.041033875
v -0.503468812 -1.774507438 0.286612375
v -0.391531125 -1.805773563 0.278464375
v -0.434426188 -1.774525750 0.386715750
v -0.320825187 -1.709834125 0.666028062
v -0.401107125 -1.730460000 0.568025250
v -0.432699438 -1.678919875 0.680124813
v -0.677722000 -1.541852625 0.787557188
v -0.559853688 -1.591927375 0.782022188
v -0.593635063 -1.523007375 0.887949375
v -0.458516188 -1.409324750 1.130730812
v -0.547220188 -1.438762563 1.049316437
v -0.576472000 -1.360487813 1.136688625
v -0.798372312 -1.174451563 1.208799250
v -0.693117625 -1.239105750 1.209396187
v -0.710489563 -1.149616562 1.286702062
v -0.563548000 -1.021741313 1.462045687
v -0.662537062 -0.958754937 1.462469375
v -0.649315562 -1.050293375 1.403068187
v 1.322574687 -1.015720812 -0.840350125
v 1.406111563 -0.950117062 -0.773617125
v 1.359888375 -1.040069625 -0.735449500
v 1.469053563 -1.080576937 -0.265000562
v 1.429035688 -1.172880625 -0.217267938
v 1.431804625 -1.140195062 -0.333143375
v 1.469054562 -1.080572500 0.265013562
v 1.431800187 -1.140188563 0.333168313
v 1.429030500 -1.172875687 0.217293750
v 1.340449313 -1.139770813 -0.605591000
v 1.363538937 -1.167701375 -0.490940375
v 1.277947375 -1.233689812 -0.559676500
v 1.034560250 -1.413562437 -0.635728250
v 1.057521750 -1.443264875 -0.518010750
v 1.134755750 -1.362142187 -0.573498875
v 1.377047188 -1.256472250 -0.064078938
v 1.377041437 -1.256469562 0.064102688
v 1.316159375 -1.321228312 0.000018000
v 1.096589063 -1.499942437 0.066171750
v 1.185680250 -1.433378062 0.000043250
v 1.096646688 -1.499962625 -0.066028625
v 0.999821250 -1.527653313 -0.360549687
v 1.009956500 -1.544568375 -0.233401187
v 0.909789750 -1.596309562 -0.295235875
v 0.639821562 -1.715199812 -0.349675313
v 0.650035250 -1.732683625 -0.224541188
v 0.743320938 -1.683225563 -0.290304750
v 1.363524125 -1.167690937 0.490988875
v 1.340408125 -1.139771750 0.605620438
v 1.277848125 -1.233672438 0.559852812
v 1.034039125 -1.413252437 0.637039437
v 1.134255062 -1.362026063 0.574551188
v 1.057261687 -1.442841625 0.519508500
v 1.009513563 -1.544463250 0.234346625
v 0.999587125 -1.527250062 0.361998625
v 0.909456063 -1.596109938 0.296193625
v 0.640369875 -1.715837000 0.341631625
v 0.742647875 -1.684083000 0.287837125
v 0.648706625 -1.734783000 0.218217125
v 0.570858813 -1.775770812 -0.064997750
v 0.570254875 -1.776898062 0.055500750
v 0.472110812 -1.807828875 -0.006285125
v 0.221327438 -1.859502313 0.051875062
v 0.222460750 -1.858298500 -0.061582187
v 0.311760812 -1.845644188 -0.006306375
v -0.323388375 -0.958742312 1.572539625
v -0.403075500 -1.021733188 1.514105562
v -0.298263125 -1.050240125 1.516605313
v -0.276821437 -1.408494125 1.187472312
v -0.156193375 -1.434423625 1.174037875
v -0.185546437 -1.358915125 1.259218187
v 0.577792062 -1.487668625 0.915949000
v 0.620538375 -1.566871438 0.742451063
v 0.673622875 -1.505309500 0.837804125
v 0.553436062 -1.535202063 0.821289438
v -0.175550875 -1.149285625 1.457260938
v -0.139528062 -1.238077875 1.384265875
v -0.055047813 -1.173419500 1.445272437
v 0.201259812 -1.045787125 1.528308562
v 0.242178562 -1.137148438 1.453924750
v 0.120722375 -1.126266312 1.478050313
v 0.450751937 -1.442295187 1.048435875
v 0.380087313 -1.400314062 1.144008438
v 0.266009313 -1.440534688 1.112006562
v 0.344331687 -1.460651812 1.039281750
v 0.057115813 -1.772145562 0.513273563
v 0.241086313 -1.773906125 0.449953812
v 0.127127563 -1.804361250 0.417005500
v 0.161915062 -1.748722687 0.518751625
v 0.379833500 -1.216111500 1.354719562
v 0.418763813 -1.294555187 1.264577063
v 0.499759063 -1.216951312 1.314061875
v 0.739127375 -1.047102437 1.351246688
v 0.777120500 -1.128421125 1.260784500
v 0.665385500 -1.138958812 1.312769312
v -0.167113500 -1.700936875 0.716360375
v -0.070074250 -1.727030750 0.644739312
v -0.113400750 -1.647845438 0.817765188
v -0.047190000 -1.674172062 0.736743625
v 0.544924500 -1.707320375 0.472153562
v 0.423038750 -1.731786125 0.474943750
v 0.565015625 -1.654360938 0.584216375
v 0.462228125 -1.679237688 0.561024563
v -0.041165000 -1.498926813 1.082905000
v 0.083577688 -1.482913687 1.086102687
v -0.058207250 -1.560356312 0.976107062
v 0.044018688 -1.530136437 0.997008500
v 0.923112062 -1.413565500 0.787083312
v 0.820022562 -1.440425625 0.844758875
v 0.894926250 -1.363146625 0.899335313
v 0.899901250 -1.175659875 1.130827437
v 0.932341688 -1.240358625 1.031104500
v 1.002067938 -1.150642875 1.071950312
v 1.217387875 -1.021401313 0.985640062
v 1.185863375 -0.961148500 1.081147687
v 1.133466500 -1.050740812 1.050560375
v 0.165672375 1.626189625 -0.066647938
v 0.114581375 1.626189688 -0.136967438
v 0.189430000 1.630290812 -0.137628375
v -0.094857438 1.626189750 -0.151298125
v -0.012191688 1.626189750 -0.178158000
v -0.072357000 1.630291250 -0.222687000
v -0.173206625 1.626189750 0.043459625
v -0.173206625 1.626189750 -0.043459625
v -0.234148500 1.630291250 0.000000000
v -0.012191688 1.626189750 0.178158000
v -0.094857438 1.626189750 0.151298125
v -0.072357000 1.630291250 0.222687000
v 0.165672375 1.626189625 0.066647938
v 0.114581375 1.626189688 0.136967438
v 0.189430000 1.630290812 0.137628375
v -0.929002750 0.226514625 1.218286875
v -0.853713938 0.228928313 1.248357813
v -0.870403438 0.315069938 1.223157312
v -0.749224375 -0.133037437 1.348903375
v -0.649028063 -0.127676375 1.383996063
v -0.707334437 -0.063828313 1.354708937
v -0.861010750 0.532133813 1.179059562
v -0.837504437 0.460835375 1.203941813
v -0.786726938 0.542996562 1.203941750
v -0.618066187 0.729627625 1.218285062
v -0.586553937 0.661208875 1.248356375
v -0.671064625 0.637611750 1.223156313
v -0.753129313 0.160497750 1.314419813
v -0.710024813 0.074289125 1.345737375
v -0.654566750 0.168319125 1.364267188
v -0.412987438 0.255242562 1.446834562
v -0.516318813 0.255242187 1.413259937
v -0.459199125 0.347665875 1.413259500
v -0.480365187 0.601847437 1.314418688
v -0.443281625 0.510192562 1.364266125
v -0.383981937 0.601847500 1.345735812
v -0.216075062 0.729629625 1.348900938
v -0.176060563 0.637614125 1.383994000
v -0.259243750 0.661210000 1.354706812
v -0.517503812 -0.179158750 1.436436438
v -0.474371688 -0.241134250 1.459969625
v -0.425645500 -0.179158250 1.466283312
v -0.186729625 -0.133033188 1.531669687
v -0.288417313 -0.127673750 1.501166312
v -0.224032687 -0.063824563 1.511744000
v -0.272344500 0.168321187 1.488459688
v -0.216584625 0.074292438 1.506066937
v -0.163305875 0.160501125 1.506066500
v 0.035483125 0.226520875 1.531668625
v -0.043102000 0.228932937 1.511742938
v -0.014788625 0.315074937 1.501164813
v -0.071192312 0.543000313 1.436434437
v -0.030111500 0.460839875 1.466281313
v 0.003530312 0.532139187 1.459967625
v 1.400650250 0.151995000 0.293801437
v 1.387506750 0.084180062 0.252317687
v 1.397621500 0.147531313 0.188266625
v 1.332436312 -0.205177312 0.503745062
v 1.313655625 -0.292119125 0.446689250
v 1.331990438 -0.206507312 0.423179937
v 1.421557250 0.259334813 -0.000005813
v 1.406787250 0.198654812 0.047957375
v 1.406786875 0.198653625 -0.047966438
v 1.400648813 0.151988250 -0.293809750
v 1.387505688 0.084174187 -0.252323437
v 1.397620500 0.147526812 -0.188274063
v 1.378898813 -0.052799188 0.257583812
v 1.362552187 -0.138391375 0.307893125
v 1.378766250 -0.146053812 0.199508313
v 1.365086625 -0.324118563 0.000000375
v 1.382611687 -0.232355625 0.053935750
v 1.382611687 -0.232356063 -0.053936125
v 1.378897875 -0.052804125 -0.257586813
v 1.378765750 -0.146056625 -0.199509938
v 1.362551250 -0.138396750 -0.307895625
v 1.332434750 -0.205188000 -0.503746937
v 1.313654188 -0.292127687 -0.446689750
v 1.331989313 -0.206515438 -0.423182188
v 1.285412937 -0.436870125 0.421515625
v 1.274840250 -0.508887687 0.451554437
v 1.269829062 -0.518468313 0.373554938
v 1.236972500 -0.705032250 0.209945500
v 1.252482563 -0.612425750 0.258423125
v 1.250005812 -0.635783750 0.170864500
v 1.313941250 -0.485483563 0.000001625
v 1.278856812 -0.576626188 0.050311812
v 1.278856812 -0.576626625 -0.050306313
v 1.236972000 -0.705036125 -0.209935375
v 1.250005375 -0.635786000 -0.170856500
v 1.252481750 -0.612429750 -0.258415250
v 1.285411438 -0.436878125 -0.421512312
v 1.269827938 -0.518475062 -0.373549250
v 1.274838375 -0.508897312 -0.451548688
v -0.561980875 -0.576853813 -1.331686750
v -0.450879562 -0.566534437 -1.359018625
v -0.515803438 -0.499044375 -1.357214250
v 0.313426500 0.651721438 -1.359856500
v 0.275685313 0.755472313 -1.332735312
v 0.224350937 0.681124625 -1.358007563
v 0.061769687 0.247024437 -1.515053000
v -0.041986750 0.253480938 -1.513864813
v 0.014680188 0.345450250 -1.495308437
v -0.193476500 -0.165591437 -1.515035625
v -0.302861000 -0.167073750 -1.495251000
v -0.245572250 -0.075646062 -1.513852500
v 0.093224125 0.621309438 -1.393298375
v 0.030648875 0.521895375 -1.435988250
v -0.006272000 0.632086563 -1.390336750
v -0.151684875 0.827625687 -1.303933125
v -0.216042938 0.728218500 -1.331273937
v -0.118557063 0.729970438 -1.341224937
v -0.181315500 0.177727812 -1.513095438
v -0.240078000 0.082787187 -1.513089437
v -0.288707500 0.178501750 -1.495308000
v -0.528782000 0.257600750 -1.415448563
v -0.422138125 0.261041437 -1.450139562
v -0.466230125 0.358142312 -1.415478625
v -0.364553250 0.634089625 -1.343547375
v -0.438297437 0.531555875 -1.365257875
v -0.466507438 0.626813625 -1.316777000
v -0.576394625 0.736464750 -1.250192125
v -0.641973187 0.640131937 -1.255014188
v -0.561529437 0.676701187 -1.265526313
v -0.455364938 -0.257877625 -1.435687625
v -0.518197688 -0.356185813 -1.392761062
v -0.571941875 -0.271744188 -1.389816687
v -0.812925000 -0.223329187 -1.303071437
v -0.710157750 -0.212204312 -1.340540688
v -0.751067250 -0.123732875 -1.330649875
v -0.671983938 0.158007312 -1.365050937
v -0.731485750 0.048910625 -1.343160125
v -0.770067437 0.143477438 -1.316421062
v -0.915537250 0.198399687 -1.249706375
v -0.856183625 0.208982312 -1.265115187
v -0.857922000 0.297526375 -1.254704687
v -0.755369188 0.531807188 -1.250336875
v -0.809089187 0.446591312 -1.250259438
v -0.814111875 0.510409250 -1.241775562
v 0.434588500 0.553709000 -1.372841500
v 0.530619000 0.549023812 -1.360181813
v 0.487015875 0.472038937 -1.384252188
v 0.712998313 0.157414438 -1.382318813
v 0.666535875 0.071856250 -1.396180250
v 0.643124062 0.162644438 -1.395585562
v 0.489593937 0.328166687 -1.420341875
v 0.538049812 0.240535813 -1.421343000
v 0.439000875 0.240572250 -1.452289875
v 0.195364813 0.163789813 -1.515428375
v 0.246742875 0.073311437 -1.514883563
v 0.301760438 0.162962000 -1.498201563
v 0.654147062 -0.083980250 -1.402125937
v 0.686856375 -0.170601250 -1.394897438
v 0.617408063 -0.173296250 -1.407428875
v 0.450081687 -0.345157812 -1.432296000
v 0.506768312 -0.253920562 -1.432318500
v 0.413471125 -0.257738375 -1.457498875
v 0.241435187 -0.084654125 -1.513857375
v 0.288877313 -0.178962000 -1.497306500
v 0.183541375 -0.178216375 -1.513851750
v -0.059317063 -0.247930875 -1.515410812
v -0.011526188 -0.342813125 -1.498148375
v 0.044590375 -0.253542000 -1.514871438
v 0.424833000 -0.481629000 -1.407279562
v 0.450991375 -0.546572375 -1.394639125
v 0.360077625 -0.553596125 -1.401842937
v 0.166391813 -0.711716875 -1.381622375
v 0.224859625 -0.632036625 -1.395689938
v 0.133082188 -0.650152875 -1.395017187
v -0.022572375 -0.500430750 -1.452022625
v 0.018957875 -0.589408062 -1.420888187
v -0.081115500 -0.584746313 -1.419862562
v -0.265726500 -0.717756125 -1.359192687
v -0.310168625 -0.633536937 -1.372031812
v -0.213627500 -0.645454187 -1.383516125
v -1.341579813 -0.660694687 -0.881301563
v -1.332248187 -0.661765063 -0.967933313
v -1.252740375 -0.660695062 -1.003579125
v -1.270716250 -0.644172187 -0.923227875
v -1.386047375 -0.724509938 -0.752996938
v -1.374794375 -0.835854875 -0.651409438
v -1.421997063 -0.790563375 -0.708975812
v -1.353049687 -0.762328688 -0.685666812
v -1.310978500 -0.963485938 -0.605044375
v -1.210886000 -1.074830500 -0.625734375
v -1.293197375 -1.048161187 -0.615397375
v -1.234891875 -0.998642500 -0.599819875
v -1.102602250 -1.138646250 -0.707673812
v -1.074648375 -1.176960250 -0.780775688
v -1.013762375 -1.138646250 -0.829951312
v -1.034400500 -1.116799750 -0.751533937
v -1.113699562 -0.790564188 -1.133311625
v -1.144456937 -0.724510812 -1.085518562
v -1.044364000 -0.835855375 -1.106208500
v -1.070224875 -0.762329500 -1.074941937
v -0.980547813 -0.963486000 -1.059843500
v -0.984899437 -1.048161187 -1.039733187
v -0.969294813 -1.074830562 -0.958256000
v -0.952066938 -0.998642875 -0.989095313
v -1.048035313 -0.810472750 -0.968058750
v -1.056925062 -0.762428688 -1.010069375
v -1.095093375 -0.758124562 -0.958331500
v -1.220194875 -0.666207625 -0.886521812
v -1.175177437 -0.710927937 -0.897731313
v -1.216944812 -0.710927938 -0.840243375
v -1.244541187 -0.810472312 -0.697591813
v -1.249831750 -0.758124125 -0.745352500
v -1.287242687 -0.762427937 -0.693064813
v -1.000838687 -0.904865125 -0.933768500
v -0.995548437 -0.957213000 -0.886007812
v -0.960703875 -0.954869625 -0.940160687
v -1.028435813 -1.004409125 -0.791116875
v -1.027752187 -1.051089875 -0.746703375
v -1.070203250 -1.004409125 -0.733629000
v -1.197344500 -0.904865062 -0.663301125
v -1.191021187 -0.954869250 -0.623155438
v -1.150286812 -0.957212938 -0.673028437
v 0.023154125 -1.625783562 0.731684125
v 0.038073375 -1.572979750 0.772133562
v 0.061764688 -1.616904813 0.676027375
v 0.059662188 -1.568514000 0.714207313
v 0.450240437 -1.527021625 0.730710750
v 0.426549063 -1.483096563 0.826816562
v 0.472903437 -1.521722937 0.794992375
v 0.420993813 -1.484911250 0.765069438
v 0.091451312 -1.517929375 0.926570500
v 0.069573187 -1.523235750 0.862018125
v 0.148249313 -1.480328937 0.922813125
v 0.114532438 -1.481863563 0.870780250
v 0.133980938 -1.642651437 0.600741875
v 0.236348875 -1.643669312 0.565431062
v 0.179732125 -1.681606875 0.568451625
v 0.185457938 -1.613362875 0.583065063
v 0.404606625 -1.629576375 0.600105625
v 0.340064500 -1.619672000 0.580030438
v 0.418740688 -1.576765187 0.640825812
v 0.366123562 -1.571561313 0.608496125
v 0.316325750 -1.465899625 0.958224750
v 0.354332875 -1.457349938 0.902101750
v 0.251964937 -1.456332063 0.937412562
v 0.295198063 -1.440062375 0.896211312
v 0.099413937 -1.531342750 0.705944438
v 0.137826125 -1.530772125 0.689675812
v 0.128278313 -1.513069375 0.728408000
v 0.140777938 -1.466021062 0.823977562
v 0.148176812 -1.481645813 0.785188750
v 0.179884500 -1.464353875 0.809690187
v 0.286658125 -1.449604812 0.804681875
v 0.245402312 -1.449194625 0.818912688
v 0.276973313 -1.434508812 0.843148812
v 0.183445438 -1.547036438 0.642117562
v 0.194245312 -1.565152188 0.607082562
v 0.224701250 -1.547446625 0.627886750
v 0.330440750 -1.533639875 0.626253750
v 0.290219125 -1.532287313 0.637109250
v 0.321927125 -1.514995063 0.661610625
v 0.332277500 -1.465869062 0.757123625
v 0.341825625 -1.483571500 0.718391375
v 0.371804750 -1.468318187 0.744286875
v -0.042183563 -1.868807750 0.111122875
v -0.115117125 -1.842217875 0.305222687
v 1.312821313 -0.937201250 0.943992687
v 1.217310687 -1.110669937 0.877633563
v -0.405234813 -0.859296500 1.609459437
v -0.201710875 -0.906736688 1.619418062
v 1.415009375 -0.858678063 0.864050688
v 1.479779812 -0.898519687 0.662479938
v 1.312821187 -0.937203062 -0.943990875
v 1.217548375 -1.110594625 -0.877687688
v -0.120724562 -1.867950187 -0.000368375
v -0.326834562 -1.840850000 0.000103313
v -1.654172188 -0.867777812 0.113018500
v -1.601438188 -0.912907687 0.308808750
v -0.037352750 -1.867785812 -0.112956312
v -0.100336813 -1.840635250 -0.308807750
v -0.660221563 -0.913585938 -1.480816062
v -0.802897688 -0.933047250 -1.411606813
v 1.273872563 -0.866377687 -1.060034187
v 1.111581188 -0.910048312 -1.193387063
v 1.437273313 -0.742104875 0.932570250
v 1.542386313 -0.570710812 0.855158375
v 1.718019688 0.727921687 -0.068522312
v 1.757636500 0.556364500 -0.192685562
v -0.465723938 -0.727929375 1.655106063
v -0.360926813 -0.555827438 1.734458375
v 0.587331438 0.746756250 1.609461000
v 0.720550000 0.586478875 1.619577188
v -1.713322875 -0.749477125 0.070043688
v -1.763791438 -0.588202625 0.190853625
v -1.331077313 0.742106187 1.078735438
v -1.291106813 0.571402875 1.205862250
v -0.676168750 -0.819527813 -1.484957062
v -0.857373375 -0.670813062 -1.465698688
v -1.404449125 0.739118000 -0.972644813
v -1.522675500 0.581594000 -0.898032312
v 1.349194125 -0.746756187 -1.055934062
v 1.313716562 -0.586227625 -1.188032812
v 0.614506812 0.866377875 1.539092000
v 0.788562812 0.912913875 1.427628000
v -1.259030937 0.858680125 1.078734938
v -1.088478562 0.899264875 1.205861188
v -1.394413625 0.862468562 -0.891107875
v -1.477105438 0.912912313 -0.691460437
v 0.443622687 0.964562375 -1.485144125
v 0.231265500 1.063016187 -1.466267563
v 1.655915812 0.859288562 -0.111941875
v 1.602826125 0.906765250 -0.308065062
v 0.492106812 0.937203625 1.540275187
v 0.458489188 1.110595688 1.429176500
v 0.120796125 1.760435000 -0.371776563
v 0.094801937 1.679943875 -0.291773000
v -1.303483250 0.937201938 0.956843813
v -1.210983812 1.110594375 0.886723687
v -1.287573375 0.927589438 -0.972673312
v -1.199835375 1.103123875 -0.898068750
v 0.531033125 0.995166375 -1.479233375
v 0.477904312 1.142786312 -1.403702875
v -0.500073375 -0.937100625 1.539091250
v -0.463070875 -1.113354375 1.427870000
v -0.397294250 -1.331582812 1.242738437
v -0.339973875 -1.485119813 1.070893187
v -0.272425687 -1.651283625 0.808871750
v -0.210979000 -1.757165875 0.578665688
v 0.092461750 -1.869521500 0.065937312
v 0.258866812 -1.844773625 0.178563062
v 0.496625563 -1.762551188 0.337909250
v 0.687433562 -1.658618437 0.482227187
v 0.902253187 -1.491524750 0.654370812
v 1.052719000 -1.333871187 0.764707437
v 1.273872563 -0.866376750 1.060035062
v 1.113876125 -0.913001938 1.190981000
v 0.863554687 -0.956973062 1.345956125
v 0.641246063 -0.975792812 1.450304625
v 0.336243313 -0.975393062 1.550212375
v 0.094422062 -0.954998187 1.597090375
v 1.415008687 -0.858682875 -0.864046750
v 1.479778250 -0.898528125 -0.662471562
v 1.476135063 -0.977105750 -0.374775187
v 1.461238250 -1.053312750 -0.135451250
v 1.461238750 -1.053310187 0.135466188
v 1.476136562 -0.977098562 0.374788250
v 0.094615625 -1.868350000 -0.071140375
v 0.262303438 -1.841374000 -0.192370313
v 0.494404000 -1.761410438 -0.359626500
v 0.677863813 -1.663316875 -0.492491500
v 0.900428125 -1.493295688 -0.654192000
v 1.054030937 -1.333652750 -0.764158125
v -1.618084875 -0.940679625 0.001738875
v -1.501485000 -1.113368187 0.001234375
v -1.301115438 -1.334547500 -0.001209750
v -1.112022375 -1.493548750 -0.001590500
v -0.837658750 -1.663375000 -0.000375688
v -0.611735937 -1.761285062 0.000024625
v -0.618161875 -0.859296625 1.540275750
v -0.788283750 -0.906772000 1.429178312
v -1.013485437 -0.955147125 1.238583000
v -1.181821375 -0.975452562 1.058516438
v -1.371914687 -0.975450938 0.796876563
v -1.490821687 -0.956595125 0.581313938
v -0.532405187 -0.984241875 -1.485759125
v -0.475172062 -1.130901500 -1.412116000
v -0.404367125 -1.336700250 -1.235205250
v -0.345140312 -1.493553562 -1.057099625
v -0.259203250 -1.663377937 -0.796539625
v -0.188877313 -1.761235937 -0.581311438
v -1.655480750 -0.867188438 -0.108574625
v -1.606188687 -0.910695188 -0.296176625
v -1.512957625 -0.945442312 -0.520143000
v -1.445419938 -0.945554500 -0.613408750
v -1.547970438 -0.598125875 -0.833242687
v -1.471727000 -0.685257125 -0.850895937
v -0.441255562 -0.936241937 -1.503241437
v -0.213963437 -0.988694187 -1.517556188
v 0.048095438 -0.988181187 -1.529553187
v 0.287532187 -0.932136062 -1.537174500
v 0.599700125 -0.905719938 -1.490239500
v 0.842495938 -0.923638812 -1.370609688
v 1.718019688 0.727922813 0.068516437
v 1.757636875 0.556368125 0.192673938
v 1.729167563 0.347787375 0.403957875
v 1.697240562 0.182407188 0.590869188
v 1.653227375 -0.048048563 0.726330375
v 1.607394125 -0.289828688 0.778746625
v 1.437272312 -0.742110188 -0.932567500
v 1.542384000 -0.570721812 -0.855155125
v 1.607391313 -0.289843000 -0.778746687
v 1.653224937 -0.048061687 -0.726335063
v 1.697238563 0.182397062 -0.590878313
v 1.729166125 0.347780313 -0.403970625
v 0.442785500 0.742110250 1.655106125
v 0.335728437 0.571410125 1.734458000
v 0.239599563 0.292811812 1.784427312
v 0.175245313 0.051074750 1.812901875
v 0.032697250 -0.179576812 1.812902250
v -0.154735937 -0.345247375 1.784428188
v 1.349194312 -0.746753812 1.055935438
v 1.317648938 -0.586476875 1.185759000
v 1.242861187 -0.344951500 1.345306438
v 1.159356062 -0.137555063 1.451081188
v 1.021801687 0.137554312 1.551020813
v 0.895399750 0.344951250 1.597752687
v -1.421187188 0.746753875 0.956844375
v -1.534907750 0.586476062 0.886725563
v -1.663533563 0.344949562 0.766296812
v -1.738325000 0.137553938 0.654194687
v -1.790864750 -0.137553312 0.492493687
v -1.796441812 -0.345357062 0.359269750
v -0.596057125 -0.727929750 1.612758500
v -0.727486062 -0.555829125 1.615356125
v -0.923673250 -0.345251688 1.534584875
v -1.092049000 -0.179583437 1.447449125
v -1.207375750 0.051066563 1.363659437
v -1.242705187 0.292803125 1.302795000
v -1.289145750 0.722108875 -1.118617250
v -1.211836875 0.536077937 -1.280604750
v -1.165661813 0.252694812 -1.374589625
v -1.170578938 0.010215562 -1.394584375
v -1.116810688 -0.248133688 -1.420089500
v -1.019013125 -0.461842937 -1.442012000
v -1.713792688 -0.749265500 -0.067795562
v -1.764205688 -0.587930062 -0.189639750
v -1.795736563 -0.345311000 -0.360566438
v -1.790013875 -0.137572688 -0.494171375
v -1.738123750 0.137549375 -0.654591437
v -1.660642563 0.343795500 -0.768969313
v 0.650851125 0.802519437 -1.504213812
v 0.796674688 0.620067563 -1.518761375
v 0.909768062 0.383839938 -1.530563625
v 0.963179500 0.143972375 -1.537953687
v 1.076699562 -0.143530625 -1.490678750
v 1.202303937 -0.345976312 -1.369517687
v 1.655915812 0.859289250 0.111939813
v 1.602826125 0.906765875 0.308063437
v 1.491149750 0.955143250 0.581137438
v 1.371914687 0.975450875 0.796876500
v 1.181821438 0.975452500 1.058516312
v 1.013551688 0.956598938 1.238216313
v 0.384498063 0.858683375 1.612757438
v 0.171796312 0.899269563 1.615353687
v -0.104283500 0.980568375 1.534581125
v -0.327762000 1.057076375 1.447445000
v -0.585636188 1.057074937 1.363655875
v -0.817649813 0.980564500 1.302792687
v -1.401810438 0.866376375 0.883941688
v -1.477105438 0.912912313 0.691460437
v -1.547788500 0.956597500 0.405982813
v -1.578295375 0.975451938 0.161700062
v -1.578295812 0.975451562 -0.161700000
v -1.547788875 0.956597062 -0.405982813
v -1.218577875 0.835153125 -1.118668750
v -1.013168312 0.853278500 -1.280797625
v -0.734774188 0.939127812 -1.375077813
v -0.518106000 1.048476500 -1.395766125
v -0.261405000 1.111192313 -1.422542187
v -0.026457437 1.116121500 -1.444298562
v 0.651034375 0.909591000 -1.485639562
v 0.802826000 0.927428375 -1.411870625
v 1.015388313 0.957988312 -1.236425188
v 1.181821438 0.975453062 -1.058516312
v 1.371914687 0.975451375 -0.796876438
v 1.491149750 0.955143375 -0.581137875
v 0.390912375 1.760433750 0.000000000
v 0.306790625 1.679943000 0.000000000
v 0.190571812 1.755346312 0.586527625
v 0.258916375 1.663317500 0.796873437
v 0.343926437 1.493295938 1.058513125
v 0.401044750 1.333653375 1.238579812
v 1.618298750 0.937092688 -0.000000437
v 1.501098625 1.113584250 0.000000000
v 1.301939250 1.334354875 0.000000000
v 1.112991750 1.493290875 0.000000000
v 0.837887750 1.663314125 0.000000000
v 0.616716500 1.755344000 0.000000000
v 0.120796125 1.760435000 0.371776563
v 0.094801937 1.679943875 0.291773000
v -0.498932438 1.755345875 0.362491563
v -0.677863813 1.663316938 0.492491375
v -0.900428125 1.493295750 0.654191938
v -1.052479625 1.333652813 0.766293687
v -0.316254188 1.760435000 -0.229769375
v -0.248198937 1.679943938 -0.180324812
v -0.498932438 1.755345875 -0.362491563
v -0.677863813 1.663316938 -0.492491375
v -0.900428125 1.493295750 -0.654191938
v -1.049844313 1.331887062 -0.768975375
v -0.316254188 1.760435000 0.229769375
v -0.248198937 1.679943938 0.180324812
v 0.190571812 1.755346312 -0.586527625
v 0.258916375 1.663317500 -0.796873437
v 0.343926437 1.493296313 -1.058513125
v 0.404099125 1.339220937 -1.234492062
v 0.409904313 1.786084375 -0.139311125
v 0.259158875 1.786085250 -0.346790313
v 0.412983687 1.620856250 -0.816982750
v 0.577748500 1.655542687 -0.623826813
v 0.904621250 1.620852875 -0.140312313
v 0.771831250 1.655541125 -0.356699250
v 0.551169625 1.276055813 -1.245008625
v 0.724940813 1.326788750 -1.088419437
v 1.357047438 1.271788687 -0.136752375
v 1.259171250 1.326784187 -0.353123250
v 1.095631750 1.362220563 -0.633510250
v 0.941071437 1.362221813 -0.846241812
v 0.537245750 1.774523875 -0.137577438
v 0.623582437 1.719597625 -0.353121937
v 0.296859750 1.774525313 -0.468434125
v 0.528536000 1.719598250 -0.483939812
v 1.045168125 1.533990750 -0.140312625
v 1.135577625 1.430735062 -0.356700438
v 0.827594938 1.589173563 -0.496994625
v 1.051275563 1.450932250 -0.496995500
v 0.728410375 1.589174250 -0.633508812
v 0.797530625 1.450934188 -0.846241250
v 0.456414250 1.533994938 -0.950650625
v 0.690150625 1.430738687 -0.969769437
v 1.521142375 1.031273437 -0.325319562
v 1.457636375 1.159079375 -0.131056188
v 1.463108125 1.059058125 -0.462258500
v 1.301676813 1.241774062 -0.483941375
v 1.265033438 1.094264937 -0.816985562
v 1.222373125 1.257145750 -0.623829063
v 1.167917562 1.094265625 -0.950653125
v 0.971029375 1.257147688 -0.969770563
v 0.893614062 1.061770813 -1.246495062
v 0.862493250 1.241777625 -1.088420000
v 0.784686875 1.038552500 -1.339804937
v 0.580186937 1.168377562 -1.337873625
v -0.249734500 1.786085750 -0.353637688
v -0.005828187 1.786085750 -0.432888563
v -0.649380125 1.620856187 -0.645231063
v -0.414763938 1.655543187 -0.742241563
v 0.146092562 1.620856813 -0.903699500
v -0.100737250 1.655543688 -0.844276688
v -1.002914375 1.261327813 -0.924032938
v -0.794577563 1.318688750 -1.040296375
v 0.294668250 1.289466187 -1.319872687
v 0.059655625 1.345546062 -1.293606188
v -0.254538062 1.376110313 -1.229669563
v -0.502217563 1.369762500 -1.154924500
v 0.035170125 1.774525500 -0.553460813
v -0.143145688 1.719598875 -0.702178875
v -0.353774438 1.774525375 -0.427083250
v -0.296930688 1.719598750 -0.652210188
v 0.189522812 1.533995438 -1.037367313
v 0.014228438 1.436434062 -1.186465500
v -0.216934062 1.589175875 -0.940665375
v -0.145035312 1.456282312 -1.149997875
v -0.377415750 1.589175750 -0.888520938
v -0.553750437 1.451399312 -1.021605625
v -0.763084625 1.533994875 -0.727841938
v -0.704074500 1.430085750 -0.958803313
v 0.193483500 1.148293250 -1.451593063
v 0.340309625 1.203243562 -1.393774000
v 0.049606250 1.179392750 -1.438519500
v -0.039211375 1.290530625 -1.354314062
v -0.323945062 1.181165625 -1.394911125
v -0.191392062 1.297205125 -1.330965063
v -0.472174500 1.160098188 -1.365771375
v -0.587912875 1.270348250 -1.226377250
v -0.815965812 1.015526812 -1.306433375
v -0.725810063 1.227050563 -1.188543938
v -0.950719250 0.978945562 -1.237480688
v -1.067759937 1.134345188 -1.000033000
v -0.413504250 1.786085313 0.128228312
v -0.413504250 1.786085313 -0.128228312
v -0.814326062 1.620855687 0.418201938
v -0.834086875 1.655542250 0.165092375
v -0.814326062 1.620855687 -0.418201938
v -0.834086875 1.655542250 -0.165092375
v -1.177631250 1.271249562 0.687810125
v -1.226250937 1.326787687 0.454433125
v -1.175604000 1.269891312 -0.689873000
v -1.226250937 1.326787687 -0.454433125
v -1.258753062 1.362221375 -0.131474000
v -1.258753000 1.362221375 0.131474000
v -0.515505813 1.774525313 -0.204479187
v -0.712048562 1.719598313 -0.080849250
v -0.515505813 1.774525313 0.204479187
v -0.712048563 1.719598313 0.080849250
v -0.928030875 1.533994312 -0.500812125
v -1.128363812 1.430737750 -0.378893687
v -0.961665125 1.589174187 -0.084369375
v -1.142626500 1.450933688 -0.215843375
v -0.961665125 1.589174188 0.084369375
v -1.142626500 1.450933688 0.215843375
v -0.928030875 1.533994312 0.500812125
v -1.128363812 1.430737750 0.378893687
v -1.421686875 1.032729438 -0.630571688
v -1.252839500 1.156611250 -0.754464812
v -1.455264313 1.060177500 -0.485752625
v -1.337532438 1.241776250 -0.373583875
v -1.503646562 1.094264687 -0.082610125
v -1.355598375 1.257146750 -0.213801312
v -1.503646188 1.094264750 0.082610125
v -1.355598000 1.257146750 0.213801313
v -1.455264250 1.060177563 0.485752625
v -1.337532375 1.241776250 0.373583875
v -1.421686875 1.032729438 0.630571688
v -1.255474812 1.158377000 0.751783125
v -0.005828188 1.786085750 0.432888563
v -0.249734500 1.786085750 0.353637688
v 0.146092562 1.620856813 0.903699500
v -0.100737250 1.655543688 0.844276688
v -0.649380125 1.620856188 0.645231062
v -0.414763938 1.655543187 0.742241562
v 0.283915563 1.268799437 1.334433563
v 0.048406687 1.326211625 1.306619250
v -1.014062812 1.268798312 0.912687875
v -0.807184250 1.326210438 1.028616313
v -0.511023875 1.371745938 1.150824437
v -0.263023563 1.371746313 1.231405875
v -0.353774438 1.774525375 0.427083250
v -0.296930688 1.719598750 0.652210188
v 0.035170125 1.774525500 0.553460813
v -0.143145688 1.719598875 0.702178875
v -0.763084625 1.533994875 0.727841938
v -0.707831437 1.431890875 0.955864000
v -0.377415750 1.589175750 0.888520938
v -0.557235938 1.452808812 1.019207750
v -0.216934062 1.589175875 0.940665375
v -0.148274062 1.452809312 1.152089500
v 0.189522812 1.533995375 1.037367313
v 0.010792313 1.431891750 1.189362625
v -1.016842313 1.021146625 1.171427500
v -1.094110687 1.152002437 0.973217625
v -0.886352062 1.057467625 1.239766813
v -0.758331750 1.244925188 1.160310187
v -0.521166562 1.161514750 1.350305687
v -0.613647875 1.278334000 1.211679063
v -0.372071875 1.161515062 1.398750250
v -0.215769437 1.278334687 1.340959625
v -0.011656563 1.057471313 1.523975312
v -0.068523813 1.244927062 1.384445375
v 0.134080750 1.021150438 1.545389437
v 0.313096563 1.152004438 1.430453937
v 0.259158875 1.786085250 0.346790313
v 0.409904313 1.786084375 0.139311125
v 0.904621250 1.620852875 0.140312313
v 0.771831250 1.655541125 0.356699250
v 0.412983688 1.620856250 0.816982750
v 0.577748500 1.655542687 0.623826813
v 1.357047438 1.271788687 0.136752375
v 1.259171250 1.326784187 0.353123250
v 0.548427125 1.271250563 1.248648063
v 0.724940813 1.326788750 1.088419437
v 0.941071437 1.362221813 0.846241812
v 1.095631750 1.362220563 0.633510250
v 0.296859750 1.774525313 0.468434125
v 0.528536000 1.719598250 0.483939813
v 0.537245750 1.774523875 0.137577438
v 0.623582437 1.719597625 0.353121937
v 0.456414250 1.533994875 0.950650625
v 0.690150625 1.430738687 0.969769437
v 0.728410375 1.589174250 0.633508813
v 0.797530625 1.450934188 0.846241250
v 0.827594938 1.589173563 0.496994625
v 1.051275563 1.450932250 0.496995500
v 1.045168125 1.533990750 0.140312625
v 1.135577625 1.430735062 0.356700438
v 0.779518500 1.032731250 1.345793313
v 0.573800813 1.158378375 1.346158625
v 0.891808313 1.060179375 1.248367875
v 0.862493250 1.241777625 1.088420000
v 1.167917563 1.094265250 0.950653125
v 0.971029375 1.257147688 0.969770562
v 1.265033438 1.094264562 0.816985562
v 1.222373125 1.257145750 0.623829063
v 1.463108125 1.059058125 0.462258125
v 1.301676813 1.241774062 0.483941375
v 1.521142375 1.031273500 0.325319125
v 1.457636375 1.159079375 0.131056188
v 1.730942250 0.576991875 -0.334023000
v 1.635580313 0.795238750 -0.404735000
v 1.384393187 0.855549062 -0.903703188
v 1.525430875 0.650022000 -0.845896938
v 1.698185750 0.187429500 -0.713914188
v 1.658476375 0.378698812 -0.764792937
v 1.013740562 0.830510813 -1.328042625
v 1.163977000 0.642404250 -1.305196313
v 1.590419750 -0.319203937 -0.893281188
v 1.548871812 -0.121840500 -1.025125562
v 1.432886625 0.149997875 -1.167021188
v 1.322531188 0.372228063 -1.246067937
v 1.739812687 0.463036500 -0.433501688
v 1.670249875 0.495459938 -0.660310187
v 1.580574937 0.821373438 -0.546167625
v 1.602539938 0.636401750 -0.703768125
v 1.672721125 0.054092875 -0.792286000
v 1.587783625 0.022581688 -0.975634125
v 1.586635625 0.378210437 -0.898204063
v 1.540726562 0.156078375 -1.030749375
v 1.517747813 0.517101313 -0.942864625
v 1.361148375 0.516676875 -1.154907188
v 1.287277313 0.855550062 -1.037371750
v 1.272832312 0.650454500 -1.191031250
v 1.534360500 -0.452337125 -0.939034937
v 1.390730250 -0.463356875 -1.147179313
v 1.342648813 -0.340412938 -1.238318812
v 1.441386250 -0.130184500 -1.162731625
v 1.142720875 -0.002938375 -1.445104500
v 1.367214875 0.004157438 -1.245332500
v 1.076863062 0.139752500 -1.490018562
v 1.189998375 0.368023437 -1.373318937
v 0.966794625 0.504690937 -1.499066750
v 1.132575500 0.506184000 -1.388083000
v 0.891316250 0.629368250 -1.500795062
v 0.906039937 0.819221938 -1.413078188
v -1.082409875 0.530821250 -1.360952750
v -0.949085437 0.743123750 -1.361108063
v -1.594651438 0.603748375 -0.754457375
v -1.559490375 0.809760125 -0.630572187
v -1.651182500 0.855548625 -0.082610062
v -1.730661438 0.650286563 -0.213801750
v -1.786917000 0.144038750 -0.501119312
v -1.784306250 0.369406687 -0.378895187
v -1.599056812 0.827518313 0.485753188
v -1.708834313 0.641001875 0.373584937
v -1.822196000 -0.341272813 -0.201359750
v -1.856492625 -0.132145625 -0.080849000
v -1.851468312 0.149450187 0.084370313
v -1.808748625 0.373132625 0.215844375
v -1.661463500 0.483910375 -0.689868188
v -1.735105687 0.503448750 -0.454434625
v -1.599056875 0.827517813 -0.485753125
v -1.708834313 0.641001375 -0.373584812
v -1.813712688 0.003489500 -0.418600187
v -1.853776063 0.005657313 -0.165092563
v -1.808748625 0.373132187 -0.215844313
v -1.851468312 0.149449813 -0.084369438
v -1.781333938 0.516674188 -0.131474438
v -1.781333938 0.516674250 0.131474500
v -1.651182438 0.855548688 0.082610500
v -1.730661438 0.650286625 0.213802125
v -1.803425187 -0.467505687 0.120169500
v -1.803416000 -0.467443687 -0.120093688
v -1.822285187 -0.341318625 0.201256250
v -1.856492625 -0.132145563 0.080849813
v -1.813914000 0.003494375 0.418203875
v -1.853776062 0.005657750 0.165093750
v -1.787071875 0.144042625 0.500814187
v -1.784306250 0.369407250 0.378895250
v -1.663687250 0.484798500 0.687812500
v -1.735105687 0.503449375 0.454434688
v -1.597542438 0.604902438 0.751784937
v -1.559490375 0.809760250 0.630572250
v -1.179776250 0.577903875 1.265989812
v -1.044506750 0.796776625 1.265989312
v 0.080389125 -0.049675812 1.768414500
v 0.021333750 -0.013177438 1.630971375
v -0.901290000 0.851109000 1.268482500
v -0.813195125 0.744587500 1.211764375
v -1.164323438 0.425507500 1.268483562
v -1.029650437 0.394351438 1.211765375
v 0.196353938 0.425516438 1.710596750
v 0.120740250 0.394359438 1.585551438
v -0.016448500 0.851114563 1.555986500
v -0.054379188 0.744592875 1.458319937
v -0.422829813 -0.446561938 1.717663687
v -0.667535938 -0.446563313 1.638153625
v -0.449508750 1.010104625 1.383421187
v -0.424657500 0.878790813 1.306940062
v -1.104484812 -0.049683687 1.383424187
v -0.975920625 -0.013184437 1.306942562
v -0.768604937 -0.365917687 1.555989438
v -0.690293438 -0.284352437 1.458322438
v -0.292769875 -0.365914688 1.710598250
v -0.298719063 -0.284349500 1.585553313
v 0.210319125 0.577912437 1.717662187
v 0.100882000 0.796783375 1.638151187
v 0.850540250 0.604904688 1.547223500
v 0.891004188 0.809762063 1.426792938
v 1.287277312 0.855548688 1.037371875
v 1.274463625 0.650286563 1.190226438
v 1.151395500 0.144042000 1.455585000
v 1.220821687 0.369406625 1.355323750
v 1.580574937 0.821373187 0.546166062
v 1.602540000 0.636400688 0.703767062
v 1.358856250 -0.339592187 1.228558812
v 1.456389125 -0.128875562 1.153582875
v 1.544272250 0.156386688 1.028587500
v 1.586635250 0.378209125 0.898204312
v 0.941656250 0.484800250 1.534347500
v 1.136614938 0.503449812 1.387517750
v 1.008139750 0.827519750 1.332887188
v 1.162884688 0.641002437 1.306665812
v 1.221670062 0.003492687 1.404527625
v 1.402676500 0.007250625 1.223706063
v 1.336437438 0.373131000 1.237777375
v 1.447889250 0.151305000 1.157872500
v 1.363850625 0.516673063 1.153406000
v 1.517747313 0.517098937 0.942865687
v 1.384393187 0.855548000 0.903703625
v 1.525430812 0.650020438 0.845897437
v 1.534362313 -0.452326938 0.939036875
v 1.395203437 -0.463419750 1.144547563
v 1.590421687 -0.319193312 0.893282563
v 1.552418500 -0.121527750 1.022963688
v 1.672722687 0.054102188 0.792281937
v 1.590511875 0.022822875 0.973970125
v 1.698187500 0.187437813 0.713908563
v 1.658477187 0.378700875 0.764790437
v 1.739813625 0.463040625 0.433491375
v 1.670250438 0.495460688 0.660306437
v 1.730942687 0.576995375 0.334012688
v 1.635580313 0.795239687 0.404730812
v -0.073457063 -0.946035312 -1.498728063
v -0.059537000 -0.838690562 -1.408980875
v -1.101654188 -0.105815937 -1.385527687
v -0.989167438 -0.071333563 -1.305083437
v -1.075740062 0.381490250 -1.356758625
v -0.964727125 0.357035875 -1.287079375
v 0.096003063 1.052583438 -1.426042938
v 0.081665938 0.938009438 -1.340816438
v 1.141219812 -0.481217875 -1.384962312
v 0.937013563 -0.499388813 -1.512043375
v 0.753958687 -0.475738000 -1.531564687
v 0.663587812 -0.419274625 -1.441786125
v 0.401293625 -0.819313187 -1.521344625
v 0.355769813 -0.725132125 -1.435901438
v -0.810427000 0.803228562 -1.357101563
v -0.739538313 0.714253937 -1.287404688
v 0.947615875 -0.156661625 -1.545778437
v 0.866205375 -0.389248688 -1.551480313
v -0.381965062 1.037105875 -1.386896438
v -0.363668687 0.921159125 -1.305973938
v 0.911089375 -0.009103000 -1.522011562
v 0.806559313 -0.009614187 -1.436532500
v 0.528062438 0.850359937 -1.465789875
v 0.474074687 0.762869688 -1.379121000
v 1.074852250 -0.804603500 -1.293024375
v 1.200027000 -0.603144500 -1.291774188
v 0.936963750 -0.809559250 -1.385862625
v 0.858652437 -0.624911375 -1.511984938
v 0.551484125 -0.787194437 -1.545303625
v 0.725637813 -0.612913375 -1.551308062
v 0.819938750 0.473592812 -1.499907312
v 0.729742875 0.414085625 -1.410086563
v -0.539034812 -0.845577688 -1.464710313
v -0.484565813 -0.758606062 -1.377772938
v -0.908590000 -0.543359750 -1.424626813
v -0.811897312 -0.480191812 -1.339560437
v -1.297365688 0.423074125 -1.237253938
v -1.490765500 0.451880125 -0.999945437
v -1.712454937 -0.003513062 -0.729523625
v -1.593361250 -0.009088000 -0.960145313
v -1.251643625 -0.084241062 -1.363679312
v -1.400449188 -0.036271937 -1.225166750
v -1.748994750 -0.484880000 -0.424881250
v -1.669702313 -0.498301125 -0.657343750
v -1.041449813 -0.561380187 -1.435474000
v -1.179277875 -0.531683875 -1.351194938
v -1.372471125 -0.499054813 -1.154272250
v -1.524001500 -0.494869188 -0.943909813
v -1.270124188 0.287569500 -1.306122438
v -1.421228563 0.106365437 -1.188346000
v -1.576112750 0.334708375 -0.923998625
v -1.534360625 0.123129000 -1.040394625
v -1.207329938 -0.226501625 -1.390922625
v -1.253791500 -0.398951687 -1.326493937
v -1.452219125 -0.161222625 -1.153359063
v -1.350903875 -0.380254000 -1.226785812
v -1.545101875 -0.153114750 -1.024219500
v -1.589318250 -0.367784875 -0.894778813
v -1.738136875 -0.144087875 -0.649200438
v -1.664252312 -0.365140750 -0.749316563
v -0.918106375 -0.835411250 -1.401430937
v -0.946703688 -0.676572437 -1.451791875
v -1.003548500 -0.828593563 -1.336795938
v -1.174234375 -0.635223000 -1.302179437
v -1.275078000 -0.602294375 -1.210910375
v -1.264040688 -0.685257187 -1.136752062
v -0.966330125 -0.948729625 -1.274387938
v -1.030047625 -0.945554563 -1.185119812
v -1.589427750 -0.817510000 -0.523083625
v -1.609218188 -0.622993687 -0.695914125
v -1.636909563 -0.806876750 -0.394271188
v -1.735127625 -0.604673187 -0.330093875
v -1.519678250 0.463419250 0.973220688
v -1.368083875 0.452822437 1.171429813
v -1.271956062 -0.053302625 1.350310875
v -1.417801813 -0.022824750 1.211686000
v -1.713305500 -0.003493750 0.727845813
v -1.597269062 -0.007252938 0.955870375
v -0.951031563 -0.462493312 1.523979875
v -1.144128250 -0.495465375 1.384452562
v -1.750389625 -0.485111125 0.422526625
v -1.670843250 -0.503448187 0.652215812
v -1.518409500 -0.516674625 0.940673625
v -1.365730500 -0.517102687 1.152098250
v -1.588345000 0.339590438 0.912691875
v -1.547177250 0.128873375 1.028622438
v -1.342213563 0.319862312 1.239770062
v -1.452626313 0.121526438 1.160316375
v -1.740146875 -0.144042000 0.645235125
v -1.666246250 -0.369406563 0.742248187
v -1.548628750 -0.151307500 1.019215562
v -1.590180813 -0.373132187 0.888528812
v -1.455455938 -0.156389875 1.150832750
v -1.344543687 -0.378213187 1.231414688
v -1.205277625 -0.186658312 1.398755875
v -1.239860813 -0.378704438 1.340967438
v -1.632299375 -0.809757000 0.406492562
v -1.734524000 -0.605308625 0.332222750
v -1.579186562 -0.827515875 0.546911875
v -1.602066750 -0.641000750 0.702184500
v -1.384392562 -0.855548688 0.903704188
v -1.525805937 -0.650286563 0.844283438
v -1.287276687 -0.855549688 1.037372437
v -1.275882500 -0.650024313 1.189370375
v -1.007860187 -0.821378063 1.334438062
v -1.164536625 -0.636405500 1.306626438
v -0.890344563 -0.795245250 1.430457125
v -0.853366875 -0.576603375 1.545392687
v 0.418244250 0.452829437 1.751847875
v 0.657390000 0.463423438 1.680600375
v 0.958271062 -0.003493812 1.595898812
v 0.730366937 -0.007252563 1.712168812
v 0.235339000 -0.053296312 1.840062500
v 0.434811500 -0.022821500 1.813638562
v 1.168266187 -0.484800438 1.369705188
v 0.968379063 -0.503451625 1.509748750
v -0.126367813 -0.462490625 1.791928875
v 0.111863000 -0.495464125 1.792546938
v 0.427716875 -0.517103312 1.734821938
v 0.675508063 -0.516676563 1.653518000
v 0.357147563 0.319869625 1.791929125
v 0.493177125 0.121530187 1.792549000
v 0.748521750 0.339592750 1.671993375
v 0.647077250 0.128874875 1.741583500
v 0.152922188 -0.186652687 1.840062250
v 0.214870750 -0.378702375 1.813637000
v 0.501045000 -0.156389125 1.786539187
v 0.363954063 -0.378212875 1.786537875
v 0.653785312 -0.151307625 1.734824437
v 0.764220187 -0.373134000 1.653519188
v 1.028545375 -0.144043125 1.544841063
v 0.911739312 -0.369408937 1.579886250
v -0.120032625 -0.795217438 1.680477312
v -0.217964250 -0.576601188 1.751847125
v 0.031614375 -0.821343187 1.671833000
v 0.174120500 -0.636405813 1.741579437
v 0.432118187 -0.855584312 1.595625312
v 0.333121813 -0.650025000 1.712164313
v 0.589070250 -0.855612875 1.544570313
v 0.738149250 -0.650289500 1.579883563
v 0.955921125 -0.827608625 1.370533438
v 0.883368125 -0.641004375 1.509747500
v 1.081473000 -0.809830000 1.288183625
v 1.208668250 -0.604904250 1.287027750
v 1.748501250 0.449022125 0.128565938
v 1.748500813 0.449019375 -0.128580813
v 1.450642938 -0.843639438 -0.464414437
v 1.321434750 -0.726752000 -0.397134750
v 1.531792188 -0.418736937 -0.714171875
v 1.388028188 -0.378064750 -0.602093375
v 1.682693500 0.371394125 0.249745188
v 1.517068625 0.297600000 0.204947750
v 1.621361000 0.055868875 0.621852562
v 1.459551812 0.028010875 0.521884125
v 1.531795188 -0.418722000 0.714174750
v 1.388030750 -0.378050812 0.602095875
v 1.511210375 -0.793453313 0.601739688
v 1.552986750 -0.574709750 0.730311438
v 1.621358500 0.055856000 -0.621860062
v 1.459549375 0.027998563 -0.521891062
v 1.682692500 0.371388812 -0.249759938
v 1.517067625 0.297595500 -0.204961500
v 1.450644937 -0.843629188 0.464426312
v 1.321436312 -0.726742625 0.397145625
v 1.419305750 -1.002103875 0.000007875
v 1.289978687 -0.859884125 0.000006938
v 1.511208000 -0.793464938 -0.601730188
v 1.552983875 -0.574723563 -0.730306062
v 1.102960813 -1.158377500 -0.961701500
v 1.036436313 -1.029265438 -1.159851437
v 0.504168063 -1.026404938 -1.444659438
v 0.605423125 -1.226256875 -1.244632500
v 0.763084563 -1.533994750 -0.727842187
v 0.707745875 -1.428362188 -0.957696438
v -0.031304813 -1.091745125 -1.498222000
v 0.047862687 -1.240545187 -1.387698000
v 0.348832875 -1.782679375 -0.422800188
v 0.296930125 -1.719598375 -0.652212000
v 0.216933125 -1.589174312 -0.940667750
v 0.145897438 -1.448755438 -1.154862062
v 1.018063125 -1.271250063 -0.907437750
v 0.809449688 -1.323699438 -1.027943875
v 0.903367313 -1.046620937 -1.243611312
v 0.761510187 -1.228708250 -1.165694938
v 0.649379750 -1.620856125 -0.645231937
v 0.414763125 -1.655542625 -0.742243750
v 0.556693937 -1.447845000 -1.022143625
v 0.377414875 -1.589174312 -0.888523250
v 0.506903437 -1.349152875 -1.165590625
v 0.256518437 -1.350336500 -1.245959313
v 0.345675375 -1.031321312 -1.489469938
v 0.197457937 -1.231264563 -1.373011125
v 0.234209937 -1.822282438 -0.332579938
v 0.005724875 -1.822107875 -0.406491000
v -0.033909938 -1.782545125 -0.546909375
v 0.143144812 -1.719598375 -0.702180687
v -0.146313562 -1.620902937 -0.903443688
v 0.100736313 -1.655542625 -0.844278937
v -0.189810063 -1.534055313 -1.037034375
v -0.013262938 -1.429545437 -1.190983125
v -0.291721687 -1.278065312 -1.327735188
v -0.056227687 -1.328707125 -1.305045000
v -0.333418375 -1.176201000 -1.412610125
v -0.176638750 -1.078657063 -1.499885438
v -0.578106500 -1.165167813 -1.340761563
v -0.776731375 -1.038548625 -1.345451750
v -0.924518188 -1.290707438 -0.963121062
v -1.003740875 -1.205851937 -0.947632562
v -0.459282875 -1.534604250 -0.947309125
v -0.692034812 -1.434919313 -0.962619688
v -1.468414625 -1.059534500 -0.435162875
v -1.294858750 -1.251707000 -0.467519562
v -0.294029000 -1.782544687 -0.462391937
v -0.528647437 -1.719705250 -0.483894188
v -0.826517875 -1.590041000 -0.499340125
v -1.045213188 -1.455986438 -0.499465312
v -0.552272750 -1.274289500 -1.244173500
v -0.724806687 -1.330960625 -1.082363562
v -0.871246937 -1.062575188 -1.258648125
v -0.844771625 -1.251708188 -1.087009500
v -0.414197563 -1.621114000 -0.815569063
v -0.578734000 -1.655861063 -0.622788563
v -0.798009375 -1.455987500 -0.839710750
v -0.730310250 -1.590041625 -0.631757437
v -0.927226312 -1.377721063 -0.837007188
v -1.082571563 -1.377720625 -0.623193062
v -1.201676250 -1.290707000 -0.581645938
v -1.211426875 -1.205851937 -0.661776875
v -0.385334063 -1.822158062 -0.131031250
v -0.243559562 -1.822107750 -0.325494125
v -0.531012938 -1.782582688 -0.136733063
v -0.623575063 -1.719704625 -0.353240438
v -0.903652188 -1.621110812 -0.141902625
v -0.771149750 -1.655859562 -0.357955250
v -1.042876500 -1.534600625 -0.144071813
v -1.129359937 -1.434917062 -0.360698125
v -1.355370812 -1.272121875 -0.138901375
v -1.253370063 -1.330958000 -0.354863500
v -1.458121063 -1.158682563 -0.128840625
v -1.524884125 -1.030925875 -0.312881437
v -1.457605875 -1.159060813 0.131147750
v -1.520814437 -1.032725125 0.325495500
v -1.265034000 -1.094264063 0.816985188
v -1.222374562 -1.257144750 0.623828375
v -1.044939562 -1.534051250 0.139936500
v -1.135579000 -1.430734125 0.356699812
v -0.891757750 -1.059062125 1.248649875
v -0.862243062 -1.241513563 1.088938187
v -0.532757750 -1.782758750 0.136856062
v -0.625464812 -1.719548750 0.353745125
v -0.727852938 -1.588111250 0.635726375
v -0.796469125 -1.449820500 0.848433688
v -1.356930563 -1.271799313 0.136669375
v -1.259172250 -1.326783625 0.353122812
v -1.462856250 -1.060174438 0.462393875
v -1.301678125 -1.241773188 0.483940938
v -0.904445500 -1.620899563 0.140023625
v -0.772143187 -1.655388687 0.357123688
v -1.051277438 -1.450930813 0.496995625
v -0.827733063 -1.588948063 0.497532937
v -1.095633625 -1.362219125 0.633510313
v -0.940821813 -1.361957250 0.846760500
v -1.167918062 -1.094264687 0.950653063
v -0.970837250 -1.256944125 0.970169250
v -0.257778125 -1.823208063 0.323794750
v -0.389870750 -1.822615813 0.131300437
v -0.308017563 -1.782472938 0.462252125
v -0.532514750 -1.718993562 0.486377375
v -0.412998625 -1.613248812 0.829494875
v -0.577369500 -1.653127438 0.629111625
v -0.454061438 -1.526497812 0.963245250
v -0.687639062 -1.428108625 0.974950063
v -0.547748062 -1.270647500 1.250403250
v -0.723878812 -1.325675562 1.090611312
v -0.574362687 -1.158796125 1.346191375
v -0.779452438 -1.031279062 1.346159875
v 1.425829312 -1.020604000 -0.605010688
v 1.263691875 -1.152002938 -0.739805813
v 0.928031000 -1.533994312 -0.500812125
v 1.127818250 -1.431889375 -0.377799813
v 1.440754813 -1.160487000 -0.078365562
v 1.342008312 -1.278331125 -0.209172313
v 0.509279062 -1.783283375 -0.202772813
v 0.711619250 -1.720320562 -0.082249875
v 1.449567188 -1.056707562 0.459788062
v 1.337819375 -1.244905437 0.362770375
v 1.141334125 -1.452740000 0.215496125
v 0.961384500 -1.589281938 0.084504000
v 1.449565437 -1.056714375 -0.459778062
v 1.337863375 -1.244924062 -0.362647938
v 1.181388375 -1.268798000 -0.682382250
v 1.227712250 -1.326209250 -0.449806625
v 1.440754937 -1.160485813 0.078378125
v 1.341974000 -1.278317437 0.209268813
v 1.252419250 -1.371742750 -0.130378750
v 1.252374375 -1.371726625 0.130499250
v 1.141524562 -1.452806312 -0.215001313
v 0.961551125 -1.589291938 -0.084528000
v 0.814326500 -1.620855625 -0.418201875
v 0.833962188 -1.655704250 -0.165361000
v 1.263491125 -1.152052625 0.739814375
v 1.425830750 -1.020597063 0.605019375
v 1.180994688 -1.268819313 0.682731000
v 1.227522000 -1.326141938 0.450301500
v 0.929966687 -1.532522125 0.501416062
v 1.127367375 -1.431733813 0.378964812
v 0.816369250 -1.619654250 0.417152750
v 0.833251188 -1.656125438 0.164738500
v 0.507995125 -1.786322812 0.189363250
v 0.710947875 -1.721277750 0.077754625
v 0.386371937 -1.826220687 0.108433875
v 0.387455437 -1.823853625 -0.123756125
v -0.323025187 -1.158673875 1.426652562
v -0.158144062 -1.031129875 1.546563188
v 0.391156875 -1.094287063 1.453413938
v 0.227793187 -1.252947375 1.354690125
v -0.191448375 -1.518478813 1.052642250
v -0.002286500 -1.414669125 1.201579125
v 0.909655062 -1.061062313 1.232471687
v 0.766964688 -1.240926437 1.154846750
v 0.584136813 -1.418239562 1.034329562
v 0.480458187 -1.480707750 0.954683812
v -0.076386375 -1.781365125 0.519891375
v 0.025787938 -1.728666688 0.603349250
v -0.282294188 -1.270329187 1.333526625
v -0.040024812 -1.321502563 1.308250188
v -0.006554875 -1.058709125 1.532792312
v 0.070828937 -1.237914687 1.387102188
v 0.351769125 -1.785129562 0.373197000
v 0.321579188 -1.731608188 0.501319063
v 0.684214000 -1.603748375 0.627189625
v 0.548914250 -1.607628500 0.676986312
v 0.274868625 -1.348008250 1.243954250
v 0.522749000 -1.349957750 1.159487250
v 0.543699062 -1.095000750 1.402412188
v 0.622642000 -1.255502625 1.221249500
v -0.015528938 -1.823376000 0.391858750
v 0.226658563 -1.825325875 0.309241937
v 0.151018938 -1.414475625 1.182636750
v 0.184667063 -1.477766250 1.056714000
v -0.180424250 -1.596220375 0.923284688
v -0.042667750 -1.601745875 0.881047062
v 0.773356437 -1.525813062 0.724389938
v 0.715956500 -1.420053563 0.957364812
v 1.015837813 -1.272067437 0.906478312
v 0.809711875 -1.325351813 1.024400500
v 1.102055313 -1.158735375 0.961204063
v 1.038184375 -1.033104312 1.156622125
v 0.226350250 1.631557250 0.000000000
v 0.094584250 1.629340000 0.000000000
v 0.029227687 1.629340000 0.089954312
v 0.069945000 1.631557687 0.215270375
v -0.076520437 1.629340000 0.055594688
v -0.183121375 1.631557750 0.133043812
v -0.076520437 1.629340000 -0.055594688
v -0.183121375 1.631557750 -0.133043812
v 0.029227688 1.629340000 -0.089954312
v 0.069945000 1.631557687 -0.215270375
v 0.259035187 1.646978875 -0.084721750
v 0.160621062 1.646979313 -0.220175250
v -0.159766250 1.646979750 -0.220796750
v -0.000530625 1.646979750 -0.272535875
v -0.259362312 1.646979688 0.083714375
v -0.259362312 1.646979688 -0.083714375
v -0.000530625 1.646979750 0.272535875
v -0.159766250 1.646979750 0.220796750
v 0.259035187 1.646978875 0.084721750
v 0.160621062 1.646979313 0.220175250
v 0.090413125 0.292333375 1.553962875
v 0.041769688 0.108816125 1.571524125
v -0.078640313 -0.086014750 1.571524687
v -0.221027562 -0.211596188 1.553964375
v -0.734580250 -0.211600062 1.387100312
v -0.860096813 -0.086020250 1.317613187
v -0.957513188 0.108809250 1.246836062
v -0.986546937 0.292326000 1.204035875
v -0.139257187 0.751667063 1.387097812
v -0.307712437 0.807769563 1.317610375
v -0.525538813 0.807768500 1.246833750
v -0.702664500 0.751663562 1.204034438
v -0.944467000 0.475489000 1.180926875
v -0.847670313 0.632111187 1.180926438
v -0.479148750 0.716841813 1.272065000
v -0.594622625 0.540048500 1.294604063
v -0.855439062 0.107981750 1.272066937
v -0.748953437 0.290331563 1.294604688
v -0.092962688 0.644860188 1.409145188
v -0.165960687 0.517168500 1.428983000
v -0.618345625 -0.205240750 1.409147250
v -0.536781750 -0.082844375 1.428985000
v -0.290786125 0.301911313 1.465842062
v -0.400077063 0.125070437 1.465842938
v -0.913560500 0.385181812 1.194660875
v -0.778153875 0.399896000 1.253617250
v -0.753075188 0.644856250 1.194660250
v -0.705678125 0.517166313 1.253617063
v -0.802185687 0.001475937 1.310758000
v -0.608202563 0.008831125 1.396866813
v -0.626355000 0.301910125 1.356808375
v -0.537934563 0.125069687 1.421050000
v -0.550149938 0.425215000 1.356807937
v -0.352438562 0.425215437 1.421048687
v -0.360072250 0.716842063 1.310755687
v -0.279898437 0.540049187 1.396864937
v -0.394003563 -0.275209500 1.510534812
v -0.569111812 -0.275210875 1.453638375
v -0.328022313 -0.205238688 1.503479625
v -0.405670500 -0.082843562 1.471586000
v -0.121463250 0.001480688 1.531939187
v -0.329012562 0.008833187 1.487581750
v -0.055640125 0.107986750 1.531938750
v -0.155039250 0.290334312 1.487580438
v 0.036875313 0.385187813 1.503477750
v -0.107325188 0.399899250 1.471584125
v 0.069950938 0.475495875 1.510532813
v -0.008360688 0.632117000 1.453636313
v 1.261208375 -0.729584062 -0.294489250
v 1.245212250 -0.784897938 -0.113835937
v 1.245212375 -0.784895500 0.113847875
v 1.261209063 -0.729577688 0.294500187
v 1.444128625 0.228199313 0.268466437
v 1.414916813 0.103687438 0.408447312
v 1.377927313 -0.089991812 0.522291188
v 1.348441625 -0.272823062 0.562966562
v 1.348439563 -0.272835812 -0.562966625
v 1.377925312 -0.090003687 -0.522295188
v 1.414914875 0.103678063 -0.408455250
v 1.444127187 0.228193313 -0.268477688
v 1.456208313 0.291450062 0.091538250
v 1.456207812 0.291448062 -0.091551437
v 1.378177438 0.018816813 -0.355486938
v 1.395322875 0.012291250 -0.145731312
v 1.378178875 0.018824750 0.355481812
v 1.395323438 0.012294375 0.145727938
v 1.305712375 -0.362891312 -0.496424875
v 1.312201500 -0.375979750 -0.350153187
v 1.305714312 -0.362880813 0.496426500
v 1.312202500 -0.375974188 0.350154375
v 1.339686687 -0.401114000 -0.103198750
v 1.339686687 -0.401113125 0.103200500
v 1.417737562 0.223679625 0.151648438
v 1.403738688 0.103314500 0.068433812
v 1.417736625 0.223676125 -0.151658875
v 1.403738250 0.103312812 -0.068439375
v 1.357978937 -0.086943750 0.417650937
v 1.341945938 -0.267193187 0.310005875
v 1.396599563 -0.103113750 0.071956875
v 1.363067375 -0.278689688 0.175157187
v 1.396599437 -0.103114687 -0.071958438
v 1.363067250 -0.278691500 -0.175157375
v 1.357977500 -0.086952500 -0.417654938
v 1.341945313 -0.267197937 -0.310006875
v 1.283913188 -0.610699250 0.438731375
v 1.313658187 -0.454952812 0.530274062
v 1.256438687 -0.620891063 0.344776437
v 1.289965937 -0.492406250 0.281719375
v 1.242473938 -0.691735000 0.062173125
v 1.294594937 -0.515125437 0.164278937
v 1.242473875 -0.691735813 -0.062164000
v 1.294594812 -0.515127062 -0.164274562
v 1.256437625 -0.620897687 -0.344768000
v 1.289965313 -0.492410125 -0.281715000
v 1.283911250 -0.610709125 -0.438723000
v 1.313655750 -0.454965000 -0.530269625
v -0.684399312 -0.537562875 -1.323490750
v -0.540789000 -0.667762688 -1.340349500
v 0.322877875 0.520244687 -1.406502313
v 0.410885375 0.660762250 -1.351539438
v 0.367499313 0.774905813 -1.341576312
v 0.187993750 0.848204938 -1.324664125
v -0.365158000 -0.750716500 -1.357033063
v -0.170835875 -0.783273125 -1.370226500
v 0.061980625 -0.777590938 -1.383932812
v 0.250511875 -0.731101875 -1.396342125
v -0.948325375 0.260100312 -1.257113063
v -0.953468312 0.068521937 -1.266391375
v -0.821694250 -0.349480250 -1.306985875
v -0.905540813 -0.160126188 -1.289353313
v 0.518067250 0.652194875 -1.358223875
v 0.631349875 0.491125312 -1.371298750
v 0.727132563 0.278913250 -1.384830750
v 0.766674437 0.088705188 -1.397041125
v -0.418016187 -0.658026875 -1.350520625
v -0.326695250 -0.518774500 -1.405955813
v -0.182092937 -0.295150437 -1.495685937
v -0.070300125 -0.116514125 -1.529800250
v 0.183278625 0.294302563 -1.495765125
v 0.072778125 0.114998688 -1.529800250
v -0.645447125 0.740557563 -1.257550437
v -0.474927250 0.827895438 -1.267069938
v -0.040952188 0.890384687 -1.308050062
v -0.247967750 0.883878687 -1.290261312
v 0.199544438 0.546131750 -1.414523813
v 0.122594125 0.752420563 -1.341285125
v -0.321232625 0.764896562 -1.302128437
v -0.257355813 0.580189312 -1.388650875
v -0.062656375 0.120458687 -1.528928375
v -0.157358875 0.314903062 -1.491850625
v -0.708720875 0.632472188 -1.247057750
v -0.693369000 0.518690687 -1.277937312
v -0.324302125 -0.298082937 -1.467531562
v -0.429537313 -0.122254938 -1.464147562
v -0.639363313 0.303783000 -1.359831875
v -0.555153625 0.114515812 -1.421356875
v 0.123491313 0.422613000 -1.467706750
v -0.080881500 0.438696125 -1.464291688
v -0.001221250 0.770322000 -1.335184250
v -0.128312312 0.579693750 -1.405289438
v -0.135753000 0.002182125 -1.528928750
v -0.352287250 0.000494500 -1.491806437
v -0.294032875 0.317745312 -1.469309562
v -0.415916000 0.121486625 -1.469267000
v -0.348856750 0.445727437 -1.421473313
v -0.555871563 0.437355500 -1.359900688
v -0.447066688 0.746847313 -1.277540875
v -0.588617187 0.554720750 -1.302934937
v -0.625023438 -0.438099688 -1.340413625
v -0.403199437 -0.419189000 -1.414071188
v -0.695498187 -0.334660750 -1.334348438
v -0.578338937 -0.140055750 -1.404907937
v -0.830143250 -0.044413375 -1.301486563
v -0.635570250 -0.024450125 -1.388318938
v -0.869146437 0.076406188 -1.276972688
v -0.758995125 0.283816813 -1.302718062
v -0.878977250 0.362394187 -1.246811875
v -0.771689437 0.394405750 -1.277826500
v -0.886702500 0.445015250 -1.253241188
v -0.785708062 0.605223063 -1.253387250
v 0.387565687 0.403887375 -1.429142688
v 0.578183375 0.395628750 -1.383513875
v 0.138231000 -0.003697875 -1.528928750
v 0.348789063 -0.004966313 -1.496202938
v 0.713846000 -0.007513250 -1.393482125
v 0.585215437 -0.004941250 -1.426464313
v -0.119898437 -0.415768875 -1.473166125
v 0.085465625 -0.425725750 -1.474311625
v 0.342867875 -0.421438312 -1.440318750
v 0.522846062 -0.406848500 -1.405817062
v 0.635274312 0.284410438 -1.387132812
v 0.544309563 0.113160563 -1.434218250
v 0.319430312 0.291499750 -1.473330063
v 0.419445250 0.111944250 -1.474437375
v 0.750972625 -0.105460875 -1.404710250
v 0.682326750 -0.290448188 -1.406103125
v 0.528398250 -0.123169312 -1.440407750
v 0.592642625 -0.295001000 -1.405866875
v 0.408621937 -0.124781562 -1.475610500
v 0.292950250 -0.311186562 -1.475575125
v 0.065134375 -0.121974125 -1.528928375
v 0.159637125 -0.310211000 -1.496164562
v 0.418919062 -0.633214813 -1.404277000
v 0.556129875 -0.491267187 -1.405949563
v 0.315733375 -0.641185813 -1.393004438
v 0.260651875 -0.524473437 -1.426206937
v 0.019203062 -0.696514500 -1.386408750
v 0.137058000 -0.538734188 -1.433895625
v -0.105860312 -0.694044375 -1.382734062
v -0.193169937 -0.526521625 -1.428721875
v -1.405134625 -0.695003125 -0.832664125
v -1.336501812 -0.676227250 -0.799539125
v -1.315843687 -0.880633875 -0.613044812
v -1.382459937 -0.919362438 -0.627966000
v -1.308032562 -0.671639750 -1.053799938
v -1.406429062 -0.671639687 -0.918368437
v -1.077597562 -0.865432125 -1.167199000
v -1.188457563 -0.742109812 -1.144283625
v -1.180773750 -1.143721500 -0.669656000
v -1.132094000 -1.085040250 -0.651027688
v -1.226123188 -0.695003625 -1.079053000
v -1.173410625 -0.676227750 -1.024015937
v -1.443070062 -0.865431687 -0.664169062
v -1.455533562 -0.742109313 -0.776684375
v -1.024436625 -0.919362562 -1.120743000
v -0.989660188 -0.880634062 -1.061998500
v -1.372599563 -1.006371750 -0.612969437
v -1.261739625 -1.129694063 -0.635884875
v -1.007126937 -1.006371750 -1.115999313
v -0.994663500 -1.129694063 -1.003484000
v -1.043768000 -1.200164125 -0.861799937
v -1.142164500 -1.200164125 -0.726368500
v -1.001761875 -1.143721500 -0.916044875
v -0.969002062 -1.085040312 -0.875504188
v -1.253028500 -0.859388875 -0.641019750
v -1.183600937 -0.860442000 -0.739476688
v -1.069038813 -0.860442062 -0.897157875
v -0.996854937 -0.859389063 -0.993612625
v -1.200231000 -0.654710937 -0.953158938
v -1.277400875 -0.654710875 -0.846943000
v -1.016282500 -0.808597688 -1.044534125
v -1.103227938 -0.711878500 -1.026561937
v -1.133575500 -0.788650312 -0.883817625
v -1.141166313 -0.698854937 -0.963782437
v -1.190856562 -0.788650250 -0.804977063
v -1.269252750 -0.698854813 -0.787486062
v -1.307461187 -0.808597187 -0.643761187
v -1.317235938 -0.711877937 -0.732004937
v -1.061783563 -0.932233437 -0.831657563
v -0.980631188 -1.019922688 -0.847146375
v -1.250293250 -0.922931813 -0.602226125
v -1.163348312 -1.019650938 -0.620198688
v -0.959114875 -0.922932187 -1.002999500
v -0.949340188 -1.019651313 -0.914755750
v -0.989175313 -1.076818438 -0.799817312
v -1.066345625 -1.076818438 -0.693601750
v -1.119064625 -0.932233437 -0.752816938
v -1.108717937 -1.019922625 -0.670850250
v -0.012361125 -1.622853937 0.799829187
v 0.017982000 -1.679112187 0.676738312
v 0.373854125 -1.682650750 0.553983625
v 0.474621375 -1.627696312 0.631849062
v 0.027881313 -1.559303500 0.914661125
v 0.128648188 -1.504349063 0.992526125
v 0.063501375 -1.525121687 0.800686187
v 0.026540688 -1.571550562 0.839738750
v 0.077800250 -1.666589125 0.631798375
v 0.104428625 -1.601002875 0.634661375
v 0.299288937 -1.668791500 0.555398000
v 0.281270938 -1.602761312 0.573661250
v 0.469517250 -1.575955812 0.686938063
v 0.417185625 -1.528639000 0.678686000
v 0.261149812 -1.473691813 1.011177688
v 0.392260625 -1.474995625 0.965952313
v 0.110241687 -1.712004625 0.580557812
v 0.241352500 -1.713308438 0.535332437
v 0.418257312 -1.480917375 0.894877750
v 0.376258375 -1.452757875 0.844710813
v 0.196768687 -1.478714875 0.971278063
v 0.199416062 -1.450999375 0.905710875
v 0.514863375 -1.564146250 0.746681062
v 0.484519875 -1.507888000 0.869771500
v 0.073943000 -1.527195375 0.746046437
v 0.092441125 -1.561491875 0.671007313
v 0.313830875 -1.563693250 0.594640813
v 0.375261188 -1.530191687 0.642109313
v 0.099270812 -1.487197937 0.818319875
v 0.160701062 -1.453696438 0.865788688
v 0.136826875 -1.554583875 0.648963563
v 0.192185438 -1.524785437 0.690598313
v 0.278197875 -1.477877500 0.757062187
v 0.334547000 -1.446755125 0.801746562
v 0.107057937 -1.499390125 0.769724375
v 0.179235437 -1.500774812 0.743131875
v 0.205917812 -1.445476125 0.846116063
v 0.222241500 -1.477321125 0.776363812
v 0.244095562 -1.434401062 0.877527500
v 0.324024063 -1.435195875 0.849956875
v 0.150507875 -1.582193875 0.610472625
v 0.230436375 -1.582988688 0.582902000
v 0.265456063 -1.555862875 0.604594063
v 0.248141813 -1.525341813 0.671296687
v 0.364316313 -1.501948500 0.680985375
v 0.291148187 -1.501887813 0.704528625
v 0.400589000 -1.490194312 0.714382813
v 0.382090812 -1.455897875 0.789422250
v 0.041821750 -1.867197250 0.143639750
v 0.182628750 -1.845336000 0.243822500
v -0.017191500 -1.843803500 0.311833250
v 1.366166250 -0.938123000 0.861093000
v 1.285859250 -1.088697500 0.800494750
v 1.426137750 -0.976127250 0.685583500
v -0.130199000 -1.865746750 0.090481750
v -0.197041000 -1.842923000 0.258286500
v -0.308909000 -1.842228250 0.095628750
v -0.125927250 -1.865163000 -0.091058250
v -0.304721250 -1.841805750 -0.095355500
v -0.184661500 -1.841733000 -0.259639750
v 0.047231250 -1.865277250 -0.147550000
v -0.003216750 -1.841733000 -0.318594250
v 0.189739000 -1.841983750 -0.256371000
v 1.467354250 -0.780186250 0.850548750
v 1.515863500 -0.808915500 0.677730250
v 1.549321750 -0.633727000 0.780701750
v -0.384839750 -0.774443250 1.655323500
v -0.207899500 -0.812373250 1.666181000
v -0.292385750 -0.625295250 1.727925750
v -1.689523500 -0.791273000 0.147253500
v -1.645854250 -0.826530750 0.318595250
v -1.732207000 -0.653826000 0.255857000
v -0.722684250 -0.846002750 -1.485510250
v -0.845581750 -0.859528000 -1.433999250
v -0.870978750 -0.723859500 -1.470078000
v 1.282062250 -0.790126000 -1.108992750
v 1.141668500 -0.824250000 -1.227128500
v 1.248430750 -0.652700750 -1.225316250
v 1.413447000 -0.690562250 1.006605250
v 1.509272500 -0.540834250 0.941439750
v 1.388951250 -0.549543750 1.117394500
v -0.538831000 -0.666872250 1.658368750
v -0.450545500 -0.518445500 1.719941750
v -0.646450750 -0.518446500 1.656288250
v -1.737413000 -0.695702500 0.000632250
v -1.782357750 -0.553524500 0.101511500
v -1.782463500 -0.553432750 -0.101168250
v 1.413446250 -0.690566750 -1.006603500
v 1.386514500 -0.549455750 -1.118816000
v 1.509270750 -0.540843500 -0.941437750
v 0.581406750 0.944388250 1.505969750
v 0.730450000 0.988827750 1.407889500
v 0.555923000 1.094547750 1.408414750
v -1.241124750 0.938124750 1.033196000
v -1.093284500 0.976494500 1.146038500
v -1.158729250 1.088662000 0.975662500
v -1.349050000 0.940601000 -0.883030250
v -1.418489750 0.988826250 -0.709649250
v -1.273821250 1.092011000 -0.816507750
v 0.444353250 1.020976500 -1.484132250
v 0.270145000 1.100966000 -1.469192500
v 0.395862500 1.145787000 -1.427858750
v 1.612934000 0.942374750 -0.090672250
v 1.565179500 0.986736250 -0.259388250
v 1.511339750 1.095557000 -0.095391000
v 0.005835250 1.759870750 -0.380083750
v -0.228132000 1.759870750 -0.304062500
v -0.179985000 1.679817500 -0.246874250
v 0.000498500 1.679817500 -0.305517250
v 0.819070500 1.669522750 -0.103935000
v 0.705913250 1.699251000 -0.288975750
v 0.627894500 1.749684500 -0.102985500
v 1.289304000 1.342579250 -0.102985750
v 1.204153750 1.391323000 -0.288976750
v 1.126960000 1.479237250 -0.103935250
v 0.458666500 1.787081000 -0.201678250
v 0.527635500 1.746015500 -0.383349000
v 0.333542250 1.787081750 -0.373893750
v 0.492969500 1.699252500 -0.582062250
v 0.351950250 1.669525750 -0.746860000
v 0.291971750 1.749686500 -0.565334750
v 0.972288500 1.573205750 -0.207870250
v 1.049608750 1.484381250 -0.393861000
v 0.858259750 1.602640500 -0.393860250
v 1.019086500 1.433962750 -0.600714000
v 0.886226750 1.433963750 -0.783577750
v 0.826811000 1.552794750 -0.600713250
v 0.639798500 1.602642250 -0.694542000
v 0.698927750 1.484384000 -0.876525250
v 0.498145500 1.573209250 -0.860462000
v 0.646931750 1.391327750 -1.055916500
v 0.497384500 1.345229250 -1.192320750
v 0.447091500 1.479242500 -1.039680500
v 1.408085750 1.207687500 -0.198376750
v 1.463081000 1.097290500 -0.367025000
v 1.325709250 1.252781750 -0.383350250
v 1.438570500 1.043642000 -0.561769000
v 1.335861000 1.061440000 -0.746862750
v 1.299384000 1.200864500 -0.582064250
v 1.147306500 1.288987500 -0.694544000
v 1.184329750 1.149127750 -0.860464500
v 1.015087000 1.288988500 -0.876526500
v 1.123113500 1.061441750 -1.039683000
v 0.979906000 1.045254250 -1.193312750
v 0.955106500 1.200867250 -1.055917750
v 0.774250500 1.252786250 -1.142360250
v 0.803153250 1.100086000 -1.275683500
v 0.625702000 1.211519000 -1.274692750
v 0.741402250 1.001884000 -1.394842250
v 0.610239250 0.982997000 -1.464695250
v 0.568623750 1.113603250 -1.392069750
v 0.363287750 1.759869500 -0.111901250
v 0.218685250 1.759870250 -0.310925500
v 0.179174250 1.679817000 -0.247462750
v 0.290720750 1.679816500 -0.093934750
v 0.154253250 1.669526250 -0.811094750
v -0.056698000 1.699253250 -0.760657250
v 0.096080500 1.749686750 -0.628982750
v 0.302458000 1.348805500 -1.253394500
v 0.099777250 1.398104750 -1.229863750
v 0.249394250 1.479242750 -1.103915000
v -0.050075000 1.787082250 -0.498536500
v -0.201541750 1.746016250 -0.620269250
v -0.252526000 1.787082250 -0.432755250
v -0.401241000 1.699252750 -0.648706500
v -0.601549500 1.669525500 -0.565516000
v -0.447442750 1.749686250 -0.452378750
v 0.102751000 1.573210000 -0.988931250
v -0.048694500 1.487585500 -1.117868250
v -0.109372000 1.602643500 -0.937958500
v -0.253030750 1.439350750 -1.151603250
v -0.466768250 1.436095500 -1.085094250
v -0.315818250 1.552797000 -0.971971000
v -0.462843750 1.602643000 -0.823106750
v -0.614867500 1.484329750 -0.936844250
v -0.664415000 1.573209250 -0.739660250
v -0.798364500 1.388989250 -0.946266000
v -0.977587000 1.339033000 -0.846489000
v -0.850637500 1.479242250 -0.746487500
v 0.258014000 1.247279250 -1.371555250
v 0.131082000 1.195557000 -1.428832750
v 0.058093250 1.293931500 -1.350309000
v -0.043130000 1.167123000 -1.441594250
v -0.235892000 1.165296750 -1.421663250
v -0.122617750 1.261674000 -1.376250250
v -0.285270500 1.317612500 -1.289540000
v -0.399313250 1.211779750 -1.354054250
v -0.495756000 1.308497500 -1.229378750
v -0.553362750 1.104466000 -1.373439250
v -0.730489000 1.021056500 -1.350888250
v -0.656273500 1.199821500 -1.258705250
v -0.810782750 1.232078750 -1.123842500
v -0.888847250 1.050541750 -1.229457250
v -0.988986500 1.183587250 -1.024416750
v -1.032608750 0.937701500 -1.206929500
v -1.210051500 0.918604750 -1.064369000
v -1.133054250 1.071457500 -1.001790250
v 0.218685250 1.759870250 0.310925500
v 0.363287750 1.759869500 0.111901250
v 0.290720750 1.679816500 0.093934750
v 0.179174250 1.679817000 0.247462750
v -0.723731750 1.669525250 -0.397346500
v -0.740950750 1.699252250 -0.181136000
v -0.568509000 1.749686250 -0.285745500
v -1.101834250 1.341316250 -0.676417500
v -1.144036000 1.391326750 -0.473990000
v -0.972820000 1.479241750 -0.578317250
v -0.489612250 1.787082000 -0.106434250
v -0.652193500 1.746016000 0.000000000
v -0.489612250 1.787082000 0.106434250
v -0.740950750 1.699252250 0.181136000
v -0.723731750 1.669525250 0.397346500
v -0.568509000 1.749686250 0.285745500
v -0.908779500 1.573208500 -0.403320250
v -1.080656250 1.484383250 -0.298299750
v -0.925851750 1.602641750 -0.185829500
v -1.177549750 1.433963500 -0.113014750
v -1.177549750 1.433963500 0.113014750
v -1.021995750 1.552795000 0.000000000
v -0.925851750 1.602641750 0.185829500
v -1.080656250 1.484383250 0.298299750
v -0.908779500 1.573208500 0.403320250
v -1.144036000 1.391326750 0.473990000
v -1.103185750 1.342221750 0.675042250
v -0.972820000 1.479241750 0.578317250
v -1.254000750 1.206424000 -0.669062500
v -1.399306750 1.098038500 -0.562867500
v -1.297848750 1.252785000 -0.469088500
v -1.493945500 1.044388500 -0.390911000
v -1.519730250 1.061440500 -0.180970500
v -1.393353000 1.200866000 -0.292854000
v -1.336433500 1.288988000 -0.112470250
v -1.463912000 1.149127250 0.000000000
v -1.336433250 1.288988000 0.112470250
v -1.519729750 1.061440750 0.180970500
v -1.493945250 1.044388750 0.390911000
v -1.393352750 1.200866000 0.292854000
v -1.297848750 1.252785000 0.469088500
v -1.399306750 1.098038500 0.562867500
v -1.255352250 1.207329500 0.667687250
v -1.418489750 0.988826250 0.709649250
v -1.355563250 0.944387000 0.876601250
v -1.277605000 1.094546500 0.812657250
v -0.228132000 1.759870750 0.304062500
v 0.005835250 1.759870750 0.380083750
v 0.000498500 1.679817500 0.305517250
v -0.179985000 1.679817500 0.246874250
v -0.601549500 1.669525500 0.565516000
v -0.401241000 1.699252750 0.648706500
v -0.447442750 1.749686250 0.452378750
v -0.981370750 1.341568500 0.842638500
v -0.802896000 1.391551000 0.942243750
v -0.850637500 1.479242250 0.746487500
v -0.252526000 1.787082250 0.432755250
v -0.201541750 1.746016250 0.620269250
v -0.050075000 1.787082250 0.498536500
v -0.056698000 1.699253250 0.760657250
v 0.154253250 1.669526250 0.811094750
v 0.096080500 1.749686750 0.628982750
v -0.664415000 1.573209250 0.739660250
v -0.616966750 1.485261500 0.935297250
v -0.462843750 1.602643000 0.823106750
v -0.470214000 1.437074750 1.083237750
v -0.256312000 1.437075000 1.152739750
v -0.315818250 1.552797000 0.971971000
v -0.109372000 1.602643500 0.937958500
v -0.050629250 1.485262250 1.119314250
v 0.102751000 1.573210000 0.988931250
v 0.095706500 1.391551750 1.234222250
v 0.298641750 1.341569000 1.258546750
v 0.249394250 1.479242500 1.103915000
v -1.014661500 1.200791750 0.998289000
v -0.948200750 1.088317000 1.170723500
v -0.838552000 1.249356750 1.097233500
v -0.802831500 1.058619500 1.288781750
v -0.612715250 1.118091250 1.341732750
v -0.696161000 1.217528000 1.229310250
v -0.513752500 1.311535000 1.222261000
v -0.438040000 1.207146750 1.348124000
v -0.302806250 1.311535250 1.290802750
v -0.292968500 1.118092500 1.445626000
v -0.108036750 1.058622750 1.514536250
v -0.159378500 1.217529500 1.403723750
v 0.033451250 1.249358750 1.380568750
v 0.078962500 1.088320500 1.504473000
v 0.234084500 1.200793750 1.404037500
v 0.210846500 0.976498250 1.569781750
v 0.396778500 0.938127250 1.565391000
v 0.363936750 1.088664000 1.470414250
v -0.359679750 1.759870250 -0.123003000
v -0.359679750 1.759870250 0.123003000
v -0.290411750 1.679817250 0.094885000
v -0.290411750 1.679817250 -0.094885000
v 0.351950250 1.669525750 0.746860000
v 0.492969500 1.699252500 0.582062250
v 0.291971750 1.749686500 0.565334750
v 0.495704250 1.342222500 1.194560500
v 0.646931750 1.391327750 1.055916500
v 0.447091500 1.479242250 1.039680500
v 0.333542250 1.787081750 0.373893750
v 0.527635500 1.746015500 0.383349000
v 0.458666500 1.787081000 0.201678250
v 0.705913250 1.699251000 0.288975750
v 0.819070500 1.669522750 0.103935000
v 0.627894500 1.749684500 0.102985500
v 0.498145500 1.573209250 0.860462000
v 0.698927750 1.484384000 0.876525250
v 0.639798500 1.602642250 0.694542000
v 0.886226750 1.433963750 0.783577750
v 1.019086500 1.433962750 0.600714000
v 0.826811000 1.552794750 0.600713250
v 0.858259750 1.602640500 0.393860250
v 1.049608750 1.484381250 0.393861000
v 0.972288500 1.573205750 0.207870250
v 1.204153750 1.391323000 0.288976750
v 1.289304000 1.342579250 0.102985750
v 1.126960000 1.479237250 0.103935250
v 0.623133250 1.207330750 1.278051750
v 0.801209000 1.098040250 1.277864750
v 0.774250500 1.252786250 1.142360250
v 0.978850250 1.044390250 1.194374750
v 1.123113500 1.061441500 1.039683000
v 0.955106500 1.200867250 1.055917750
v 1.015087000 1.288988500 0.876526500
v 1.184329750 1.149127500 0.860464500
v 1.147306500 1.288987500 0.694544000
v 1.335861000 1.061439750 0.746862750
v 1.438570500 1.043642000 0.561768750
v 1.299384000 1.200864500 0.582064250
v 1.325709250 1.252781750 0.383350250
v 1.463081000 1.097290500 0.367024750
v 1.408085750 1.207687500 0.198376750
v 1.565179500 0.986736500 0.259387750
v 1.612934000 0.942375000 0.090671500
v 1.511339750 1.095557000 0.095391000
v 1.732029750 0.625553000 -0.255861250
v 1.649051000 0.812384750 -0.316883000
v 1.693232250 0.774435500 -0.145513250
v 1.718206750 0.239017000 -0.628821500
v 1.693568000 0.401942000 -0.669691250
v 1.742481500 0.377676500 -0.478338000
v 1.623823750 -0.243628750 -0.843523750
v 1.600057000 -0.078335250 -0.953002250
v 1.663602250 -0.046898500 -0.796874750
v 1.719052250 0.557600500 -0.427256750
v 1.653694500 0.588652750 -0.621904500
v 1.634862250 0.746387250 -0.488006000
v 1.545209250 0.707931250 -0.761603000
v 1.424275750 0.884613500 -0.811098000
v 1.526480500 0.867090500 -0.625255500
v 1.673918250 0.148470000 -0.796489250
v 1.594128500 0.126860000 -0.957563250
v 1.631980500 0.315698250 -0.845552500
v 1.487318750 0.221662500 -1.090792250
v 1.392706500 0.411722250 -1.157507750
v 1.528949000 0.413430500 -0.975230750
v 1.482051250 0.618952750 -0.939067750
v 1.348877000 0.618955250 -1.120617000
v 1.361159000 0.795474750 -0.988935750
v 1.200686250 0.709648750 -1.234394000
v 1.068525250 0.870416000 -1.256170000
v 1.211528250 0.884615500 -1.103919250
v 1.543605250 -0.361066000 -0.967225000
v 1.415843500 -0.370734750 -1.147929250
v 1.499648250 -0.191745750 -1.083449000
v 1.271548750 -0.280121000 -1.320153000
v 1.163001500 -0.104992250 -1.429059000
v 1.357158750 -0.098834250 -1.255104500
v 1.350757750 0.109379000 -1.257886500
v 1.158868000 0.103519750 -1.430542000
v 1.256775250 0.300310000 -1.325623000
v 1.022673250 0.209977250 -1.519504250
v 0.973705250 0.402795250 -1.517882750
v 1.118205250 0.401974750 -1.428367750
v 1.105945750 0.604080250 -1.374029250
v 0.963434250 0.599183500 -1.474842250
v 0.982027000 0.766315250 -1.390365500
v 0.822600750 0.681988500 -1.512724000
v 0.701014250 0.829404000 -1.502629000
v 0.831656750 0.842951500 -1.446667250
v -1.024795750 0.494459750 -1.355781250
v -0.890140250 0.708551500 -1.355953250
v -0.812093500 0.635820000 -1.285326000
v -0.925229250 0.456352250 -1.285162500
v -1.135388750 0.592446250 -1.321610750
v -1.207272000 0.751082750 -1.186066000
v -1.029380500 0.761409500 -1.321727000
v -1.546195750 0.651585500 -0.816496000
v -1.518792000 0.826535000 -0.709649500
v -1.444153500 0.786903250 -0.883022250
v -1.758026000 0.208587250 -0.578523000
v -1.756064500 0.401049500 -0.473991750
v -1.692392000 0.385879500 -0.676415250
v -1.821186500 -0.278365250 -0.283971500
v -1.851220000 -0.097195500 -0.181136250
v -1.816641750 -0.099309750 -0.397917500
v -1.639790000 0.582309000 -0.669059500
v -1.700934250 0.600583500 -0.469089750
v -1.607896500 0.760535500 -0.562868250
v -1.697206000 0.709225000 -0.292854500
v -1.629016000 0.884613750 -0.180970500
v -1.602233000 0.869176750 -0.390911250
v -1.813434000 0.109283750 -0.403525250
v -1.847498250 0.111393750 -0.185830000
v -1.810953500 0.302744250 -0.298301000
v -1.845910000 0.219681500 0.000000250
v -1.809188000 0.411958750 0.113015250
v -1.809188000 0.411958500 -0.113015250
v -1.750570750 0.618905250 -0.112470500
v -1.750570750 0.618905250 0.112470750
v -1.682484000 0.795473750 0.000000250
v -1.697206000 0.709225250 0.292854750
v -1.602232750 0.869177250 0.390911250
v -1.629015750 0.884614000 0.180970750
v -1.824643500 -0.374488000 -0.104293500
v -1.824672000 -0.374519250 0.104285500
v -1.853353500 -0.197497000 0.000000250
v -1.821400750 -0.278392250 0.283597500
v -1.816930750 -0.099303000 0.397348250
v -1.851220000 -0.097195250 0.181137000
v -1.847498250 0.111394250 0.185831000
v -1.813537250 0.109286500 0.403322250
v -1.810953500 0.302744750 0.298301250
v -1.758129250 0.208590000 0.578319500
v -1.693874500 0.386471750 0.675044750
v -1.756064500 0.401050250 0.473991750
v -1.700934250 0.600584250 0.469090000
v -1.641272500 0.582901250 0.667689250
v -1.607896500 0.760536000 0.562868500
v -1.550347250 0.653242500 0.812658500
v -1.450903500 0.790124500 0.876601500
v -1.518792000 0.826535000 0.709649500
v -1.223101000 0.634842250 1.237327750
v -1.114807750 0.810066000 1.237327250
v -1.262365000 0.780188750 1.132690750
v -0.185090750 -0.307617500 1.733506000
v 0.005034750 -0.144910500 1.762657250
v -0.042620750 -0.103285000 1.629342500
v -0.204629250 -0.241017000 1.607107000
v -0.564998500 0.995139500 1.348503750
v -0.796407750 0.914999500 1.289358000
v -0.727458250 0.804625250 1.227249250
v -0.530247250 0.871952500 1.275061250
v 0.131868750 0.060314250 1.762656750
v 0.192368500 0.303133750 1.733504750
v 0.124062000 0.290824250 1.607105500
v 0.073325750 0.084323250 1.629342000
v -0.985630250 0.759858500 1.259030000
v -1.120426000 0.541752250 1.259030500
v -0.998246000 0.494349750 1.201571750
v -0.888591250 0.671776750 1.201571250
v -1.174562750 0.303124750 1.289359750
v -1.142749750 0.060305750 1.348506500
v -1.017026750 0.084315500 1.275063500
v -1.045005750 0.290816000 1.227250750
v 0.166395250 0.541761000 1.677146250
v 0.057341250 0.759865500 1.597913750
v 0.012609750 0.671783250 1.494390750
v 0.101324000 0.494357500 1.558845250
v -0.113571250 0.915003750 1.511226250
v -0.335551500 0.995141000 1.423056000
v -0.320495750 0.871953750 1.343214000
v -0.132844500 0.804629250 1.420452000
v -1.040136500 -0.144917500 1.423059250
v -0.869184750 -0.307622000 1.511229500
v -0.779083000 -0.241021250 1.420454750
v -0.923221750 -0.103291250 1.343216750
v -0.653989000 -0.391107750 1.597916250
v -0.410139750 -0.391106250 1.677148000
v -0.396843000 -0.311705000 1.558847250
v -0.595211750 -0.311706500 1.494393000
v 0.262215250 0.634849750 1.719940500
v 0.355481750 0.780193250 1.658367750
v 0.174602750 0.810072000 1.656286000
v 0.776576500 0.653244750 1.568731000
v 0.811596250 0.826536750 1.466846500
v 0.658538500 0.790126250 1.562010250
v 1.082422500 0.208590000 1.501277000
v 1.142075500 0.401050250 1.415659500
v 0.973583500 0.386473000 1.541762000
v 1.307830500 -0.277808500 1.298203500
v 1.391711000 -0.095820000 1.234032500
v 1.236369750 -0.099305250 1.389427500
v 0.935350500 0.582903000 1.504892000
v 1.100355250 0.600585000 1.379288500
v 0.969962500 0.760537500 1.400471250
v 1.200930500 0.709225750 1.234517750
v 1.211528250 0.884614500 1.103919250
v 1.066457500 0.869178500 1.258024500
v 1.230112500 0.109285000 1.392267000
v 1.385310000 0.112392500 1.236814750
v 1.289753250 0.302743250 1.305783500
v 1.492410000 0.222104500 1.087688250
v 1.528948250 0.413428000 0.975232000
v 1.397235500 0.411956750 1.154844000
v 1.350133000 0.618904500 1.119949000
v 1.482051000 0.618950750 0.939068750
v 1.361159000 0.795473250 0.988936250
v 1.545209250 0.707930000 0.761603000
v 1.526480500 0.867090000 0.625255000
v 1.424275750 0.884612750 0.811098250
v 1.421553500 -0.370538250 1.144511750
v 1.543606750 -0.361057500 0.967226750
v 1.504740500 -0.191299250 1.080345000
v 1.623826000 -0.243616750 0.843523500
v 1.663604250 -0.046887250 0.796871250
v 1.601876500 -0.078170750 0.951892750
v 1.595947000 0.127020250 0.956453750
v 1.673919500 0.148477000 0.796485500
v 1.631980750 0.315699500 0.845551250
v 1.718208500 0.239025250 0.628813750
v 1.742482750 0.377682250 0.478327500
v 1.693569000 0.401945000 0.669686500
v 1.653694750 0.588652750 0.621901250
v 1.719052750 0.557603250 0.427248000
v 1.634862250 0.746387750 0.488002250
v 1.732030000 0.625556250 0.255851750
v 1.693232250 0.774437000 0.145508750
v 1.649051000 0.812386000 0.316879000
v 0.210656000 1.018627750 -1.435659750
v 0.428812500 0.916607000 -1.455668250
v 0.387742500 0.826138500 -1.369343250
v 0.190253500 0.913243250 -1.349767250
v 0.286845500 -0.868607500 -1.517009500
v 0.045937250 -0.931383500 -1.505950000
v 0.051472750 -0.830338000 -1.416686000
v 0.260265000 -0.773972750 -1.430656250
v 1.119164000 -0.384722250 -1.429384750
v 0.943038750 -0.401690000 -1.532690750
v 1.011687750 -0.214340250 -1.525465000
v -0.972482250 -0.441798250 -1.414548500
v -1.070232250 -0.220996250 -1.394557500
v -0.965624250 -0.182314250 -1.313592500
v -0.876160000 -0.388295750 -1.331110500
v 0.888340750 -0.132266250 -1.526524750
v 0.807780750 -0.368371750 -1.531473500
v 0.719738250 -0.321642750 -1.441986250
v 0.792179750 -0.115861500 -1.439861500
v -0.192107500 -0.938612750 -1.490846250
v -0.427046500 -0.887606250 -1.473891250
v -0.385812750 -0.799172750 -1.386323000
v -0.171862750 -0.838768250 -1.401548500
v -1.111742500 0.014192500 -1.378014250
v -1.100098500 0.260946250 -1.362754250
v -0.992974250 0.253066250 -1.289419000
v -1.004447500 0.038104000 -1.298136250
v -0.264310000 1.058464500 -1.396156500
v -0.022970750 1.066033000 -1.416154000
v -0.028920750 0.956271500 -1.332306500
v -0.253347500 0.947898250 -1.314605500
v 0.680299000 -0.570791250 -1.531298250
v 0.502354000 -0.745604250 -1.526015000
v 0.445403250 -0.666360750 -1.439379500
v 0.599763000 -0.512140750 -1.441821250
v 1.125375250 -0.578581250 -1.363661500
v 1.018047500 -0.751336000 -1.364286000
v 0.947502500 -0.591676250 -1.478388750
v 0.838778500 -0.834314000 -1.429863500
v 0.633533500 -0.817568500 -1.525070500
v 0.772296250 -0.674293250 -1.532523000
v -0.712123750 0.877440750 -1.363266000
v -0.494520250 0.994560000 -1.379061250
v -0.468951250 0.887708250 -1.298902250
v -0.657897750 0.784599750 -1.289902750
v 0.858354000 0.359473500 -1.507026750
v 0.906021750 0.115221250 -1.517829500
v 0.809441500 0.097594750 -1.431430500
v 0.770160250 0.310307250 -1.417696750
v 0.614484250 0.767242750 -1.475099250
v 0.762077000 0.577255750 -1.492121500
v 0.681320250 0.515375250 -1.402746500
v 0.553269250 0.691236250 -1.387644750
v -0.641678750 -0.784585500 -1.454654000
v -0.828235750 -0.631972750 -1.434455750
v -0.742688250 -0.567421500 -1.348454250
v -0.578892500 -0.707977500 -1.367981750
v -1.297241750 0.513715500 -1.206739250
v -1.463751250 0.538300500 -1.001704250
v -1.360924000 0.676125750 -1.064295000
v -1.236226250 0.014601750 -1.372275250
v -1.366403500 0.058595500 -1.258134000
v -1.237625750 0.210169000 -1.350450250
v -1.072440250 -0.471467500 -1.437867500
v -1.192184000 -0.444186000 -1.371350250
v -1.155075500 -0.297262500 -1.417643500
v -1.334231000 0.334779000 -1.229237500
v -1.463454750 0.178823250 -1.123767000
v -1.499614750 0.359294000 -1.024332500
v -1.599102750 0.093713750 -0.946654500
v -1.703199000 0.099297250 -0.747060750
v -1.634661250 0.276149500 -0.846480000
v -1.267306250 -0.174627000 -1.350340000
v -1.312877000 -0.326640750 -1.285062500
v -1.395359250 -0.137053250 -1.226644000
v -1.405413500 -0.409381250 -1.151088750
v -1.531078500 -0.404746250 -0.976527750
v -1.494367250 -0.224015250 -1.085869250
v -1.601059250 -0.113475750 -0.940246750
v -1.638209500 -0.299939250 -0.829839500
v -1.702294750 -0.109330500 -0.743528750
v -1.696915750 -0.398179750 -0.655375750
v -1.765507750 -0.386630750 -0.453549250
v -1.760329750 -0.208634000 -0.569383000
v -1.016962000 -0.643116250 -1.427425500
v -0.994941750 -0.780493000 -1.378104500
v -1.134558500 -0.620579500 -1.350445500
v -1.287608500 -1.224459250 -0.537223000
v -1.451357500 -1.042854000 -0.505218250
v -1.399165000 -1.022679750 -0.595978500
v -1.277835250 -1.157648750 -0.621058250
v -0.931227250 -1.044688250 -1.222110500
v -0.908823750 -1.224459750 -1.058574750
v -0.985536250 -1.157648750 -1.023373500
v -0.999176750 -1.022679750 -1.146515000
v -1.548056000 -0.849458250 -0.575473750
v -1.566551250 -0.666579000 -0.739886250
v -1.489931500 -0.733460250 -0.775155000
v -1.476290750 -0.868429250 -0.652013500
v -1.652465500 -0.594494750 -0.620643250
v -1.635673000 -0.756053750 -0.479597750
v -1.719836250 -0.582515250 -0.425420750
v -1.649707250 -0.824687250 -0.308313000
v -1.690865750 -0.790668500 -0.143178500
v -1.733335250 -0.653194500 -0.252717750
v -1.491922750 0.549543750 0.975664750
v -1.362331250 0.541165250 1.146040250
v -1.394126250 0.690563000 1.033197000
v -1.703487750 0.099303750 0.746491250
v -1.603702250 0.095817750 0.942249500
v -1.638812750 0.277806500 0.842642500
v -1.767257500 -0.386680000 0.450232500
v -1.699294750 -0.401049250 0.648712000
v -1.762288250 -0.208589250 0.565519500
v -1.527786250 0.370537250 0.998293000
v -1.492465750 0.191297750 1.097239250
v -1.397465250 0.361387500 1.170727000
v -1.400317500 0.078170000 1.229316250
v -1.274060250 0.048000500 1.341737250
v -1.305892000 0.244642750 1.288785250
v -1.704253250 -0.109285750 0.739665000
v -1.640432250 -0.302744000 0.823113750
v -1.604369000 -0.112394500 0.935304000
v -1.530094000 -0.411958750 0.971979500
v -1.399974500 -0.413431750 1.152748750
v -1.495637000 -0.222107500 1.083246250
v -1.402821750 -0.127023000 1.222268750
v -1.308481250 -0.315703000 1.290811000
v -1.275594000 -0.148061000 1.348130250
v -1.160256000 -0.401948750 1.403730750
v -0.995165250 -0.376802750 1.514541000
v -1.131062500 -0.237991250 1.445631250
v -1.720378000 -0.583108500 0.425266000
v -1.631665250 -0.760533250 0.489719000
v -1.651812250 -0.600582500 0.620274250
v -1.526009000 -0.869175250 0.625508500
v -1.424275250 -0.884613250 0.811098750
v -1.545206750 -0.709224500 0.760662750
v -1.482351000 -0.618905750 0.937966000
v -1.361158000 -0.795474500 0.988937000
v -1.351088500 -0.618954000 1.119322250
v -1.211527750 -0.884615250 1.103919750
v -1.066362250 -0.867094250 1.258551250
v -1.201825500 -0.707934250 1.234229250
v -1.102486000 -0.588657750 1.380575500
v -0.969319500 -0.746393000 1.404042000
v -0.938096000 -0.557343500 1.504477500
v -0.810953750 -0.812392000 1.470416500
v -0.661621500 -0.774443750 1.565392250
v -0.779096500 -0.625297000 1.569784250
v 0.428512500 0.541171750 1.727926500
v 0.633497500 0.549547750 1.666263750
v 0.520560250 0.690566750 1.655324750
v 0.242079500 0.048007750 1.834362750
v 0.410302250 0.078174750 1.817624500
v 0.298953750 0.244650500 1.810233500
v -0.085116000 -0.376799000 1.810233750
v 0.113578000 -0.401946250 1.817623250
v 0.065329250 -0.237985750 1.834362750
v 0.442428500 0.361394000 1.768549000
v 0.562482250 0.191301000 1.764936500
v 0.649213500 0.370541000 1.705649750
v 0.743575750 0.095818500 1.704931500
v 0.939367250 0.099304250 1.605213250
v 0.830525500 0.277808000 1.644986750
v 0.239565500 -0.148056000 1.840436250
v 0.299866000 -0.315701250 1.813393750
v 0.416473750 -0.127020750 1.813394750
v 0.455037250 -0.413432250 1.755476750
v 0.666558750 -0.411960250 1.685713500
v 0.573279250 -0.222107750 1.755478000
v 0.748201000 -0.112394750 1.699702750
v 0.843323000 -0.302745750 1.630135250
v 0.944002000 -0.109286500 1.600139000
v 0.993455250 -0.401052000 1.523638750
v 1.165451250 -0.386473500 1.402361250
v 1.093314500 -0.208591000 1.493363250
v -0.125368250 -0.557341500 1.768547750
v -0.040767000 -0.746374500 1.705566250
v 0.080454000 -0.588657250 1.764933500
v 0.123806500 -0.867044250 1.644757750
v 0.332031750 -0.884611250 1.604909000
v 0.246842000 -0.707935000 1.704926250
v 0.435137250 -0.618955000 1.699699000
v 0.520122000 -0.795504000 1.599979250
v 0.647928500 -0.618908000 1.630132500
v 0.675527000 -0.884725500 1.493069000
v 0.866613500 -0.869306250 1.402799250
v 0.802995500 -0.709228000 1.523635750
v 0.971758000 -0.600586500 1.472720250
v 1.032093000 -0.760583250 1.355180500
v 1.142201500 -0.582903250 1.354605500
v 1.144156000 -0.826581750 1.225077000
v 1.282062250 -0.790125000 1.108993500
v 1.251978500 -0.653243750 1.223330500
v 1.769527500 0.519294250 0.102966000
v 1.769527250 0.519292000 -0.102979000
v 1.743713500 0.666865250 -0.000004000
v 1.670173500 0.313359250 0.359016000
v 1.638457750 0.151037500 0.548516000
v 1.478370250 0.117586750 0.460854250
v 1.508530500 0.254459250 0.300666000
v 1.553725500 -0.296371250 -0.717406000
v 1.599334500 -0.053814250 -0.668924500
v 1.442701500 -0.069177750 -0.570631000
v 1.407415000 -0.274989250 -0.611867500
v 1.421109750 -0.987008500 -0.120393250
v 1.437072250 -0.907173750 -0.358376250
v 1.309721250 -0.786519500 -0.311189250
v 1.292960250 -0.853232000 -0.109763000
v 1.466646500 -0.752322000 -0.547365500
v 1.508235250 -0.534560500 -0.675365500
v 1.368715750 -0.477619750 -0.575490000
v 1.334979750 -0.654263500 -0.471658750
v 1.686088000 0.396689500 -0.128005250
v 1.686088500 0.396692250 0.127989750
v 1.521970000 0.324829750 0.103822000
v 1.521969500 0.324827500 -0.103836500
v 1.599337250 -0.053800000 0.668919250
v 1.553728500 -0.296356000 0.717406000
v 1.407417500 -0.274975000 0.611867500
v 1.442704000 -0.069164250 0.570626250
v 1.508238250 -0.534546000 0.675371000
v 1.466649000 -0.752309750 0.547375500
v 1.334982000 -0.654252250 0.471668000
v 1.368718500 -0.477606250 0.575495000
v 1.638455500 0.151026250 -0.548525750
v 1.670172000 0.313351750 -0.359029500
v 1.508529000 0.254452500 -0.300678500
v 1.478368000 0.117576000 -0.460863250
v 1.437073750 -0.907166000 0.358389750
v 1.421110250 -0.987006000 0.120408750
v 1.292960500 -0.853229500 0.109776750
v 1.309722250 -0.786512250 0.311201500
v 1.515861500 -0.808925750 -0.677722250
v 1.467353000 -0.780193000 -0.850544500
v 1.549319250 -0.633738750 -0.780696750
v 1.167694500 -1.094546750 -0.963936750
v 1.111784250 -0.986992250 -1.131171750
v 1.252600000 -0.944387750 -1.018319000
v 0.850637500 -1.479242000 -0.746487750
v 0.803462750 -1.389743250 -0.942664000
v 0.982914750 -1.342222000 -0.840581750
v 0.444437750 -1.753702500 -0.450414000
v 0.401240500 -1.699252500 -0.648708250
v 0.601549250 -1.669525500 -0.565516750
v 1.022942750 -1.207330250 -0.987573250
v 0.844780000 -1.248350500 -1.092443500
v 0.964705000 -1.093353500 -1.160268000
v 0.692705750 -1.170768500 -1.255559250
v 0.605507000 -0.998534250 -1.428669500
v 0.815320250 -1.013589250 -1.321802250
v 0.664414750 -1.573209000 -0.739661000
v 0.462843000 -1.602642000 -0.823108750
v 0.616784750 -1.482799500 -0.936679750
v 0.315817500 -1.552795250 -0.971973250
v 0.253831000 -1.430135500 -1.157462750
v 0.468956000 -1.429528500 -1.088069750
v 0.503559750 -1.258890000 -1.257169750
v 0.289189750 -1.260589500 -1.325405500
v 0.416974250 -1.087764500 -1.430124250
v 0.132695000 -1.182301750 -1.427895000
v 0.061855500 -1.053676250 -1.517019750
v 0.256971250 -1.013829750 -1.518814500
v 0.247784750 -1.799617000 -0.425447750
v 0.049468250 -1.799527500 -0.489716750
v 0.201541000 -1.746016000 -0.620270750
v -0.094951000 -1.753613000 -0.625505750
v -0.154400500 -1.669556750 -0.810924250
v 0.056697250 -1.699252500 -0.760659000
v 0.109371000 -1.602642000 -0.937960750
v -0.102898750 -1.573240000 -0.988761500
v 0.049223750 -1.483406250 -1.120588500
v -0.249806500 -1.479329250 -1.103436000
v -0.301718250 -1.344980750 -1.255755000
v -0.098563500 -1.391442500 -1.234337000
v -0.050451250 -1.259884000 -1.373701000
v -0.250986500 -1.221022500 -1.389969750
v -0.115367750 -1.130227250 -1.474106250
v -0.389753000 -1.119232500 -1.446199750
v -0.440810750 -0.993948500 -1.501920500
v -0.255625250 -1.039526000 -1.511672500
v -0.566303250 -1.108909500 -1.396449250
v -0.737318000 -1.002567000 -1.398482000
v -0.612506000 -0.980454000 -1.466361000
v -0.449886750 -1.479836000 -1.036424500
v -0.649568000 -1.394392500 -1.049438000
v -0.499419250 -1.344334250 -1.190387000
v -0.290842250 -1.753612750 -0.561857000
v -0.493264750 -1.699370750 -0.581774750
v -0.352362500 -1.669613000 -0.746380250
v -0.625237750 -1.210052750 -1.274851000
v -0.770065750 -1.256175000 -1.139424250
v -0.794055500 -1.100610500 -1.280086000
v -1.498932500 -0.567984500 -0.935554500
v -1.355305000 -0.570406000 -1.134360250
v -1.328500250 -0.656335250 -1.078441500
v -1.436189500 -0.656335250 -0.930219750
v -0.500940750 -1.573803000 -0.857206000
v -0.642265250 -1.603323500 -0.691825500
v -0.701645250 -1.487565750 -0.870157750
v -0.827373750 -1.553983000 -0.601120250
v -1.013300750 -1.440292750 -0.600341500
v -0.884087250 -1.440293250 -0.778188250
v -1.193119000 -0.671145500 -1.256528250
v -1.030936250 -0.853437250 -1.289760250
v -1.076302750 -0.868429500 -1.202550250
v -1.197632500 -0.733460500 -1.177470750
v -0.975706000 -1.322491000 -0.862371500
v -1.121675500 -1.322490750 -0.661461750
v -1.146967250 -1.234774000 -0.720087250
v -1.039278250 -1.234774000 -0.868308750
v -0.327867750 -1.799527000 -0.367113750
v -0.450724000 -1.799552500 -0.198363500
v -0.527666000 -1.746077250 -0.383370000
v -0.624496750 -1.753637250 -0.102972750
v -0.818741750 -1.669610250 -0.104474500
v -0.705732250 -1.699369250 -0.289343750
v -0.856439750 -1.603322000 -0.397043250
v -0.970056000 -1.573800000 -0.211533000
v -1.044393000 -1.487564000 -0.398409750
v -1.124727000 -1.479831500 -0.107598250
v -1.287279750 -1.343079750 -0.106102250
v -1.198806750 -1.394389250 -0.293482750
v -1.321623500 -1.256172750 -0.380274250
v -1.407269500 -1.207643750 -0.198331250
v -1.464889000 -1.097619000 -0.355517250
v -1.512427750 -1.095006500 -0.092222250
v -1.613596250 -0.945206250 -0.087040000
v -1.568535500 -0.987029500 -0.249339500
v -1.511431250 -1.095494250 0.095744750
v -1.564708500 -0.988821000 0.259640750
v -1.612388250 -0.945750250 0.091466500
v -1.126631500 -1.479324500 0.103395250
v -1.204154750 -1.391322500 0.288976250
v -1.289050000 -1.342633250 0.102641250
v -0.624962000 -1.753684000 0.103021250
v -0.706509000 -1.699188250 0.289278000
v -0.818953250 -1.669553750 0.103742750
v -1.408043250 -1.207685000 0.198379250
v -1.325710250 -1.252781000 0.383350000
v -1.462913250 -1.098034500 0.367115250
v -1.299385250 -1.200863750 0.582063750
v -1.335861500 -1.061439500 0.746862500
v -1.438402750 -1.044386250 0.561859250
v -0.972171750 -1.573236500 0.207677750
v -0.858390750 -1.602530500 0.394139750
v -1.049610250 -1.484380000 0.393861000
v -0.826710500 -1.552441750 0.601471000
v -0.885867750 -1.433584750 0.784322500
v -1.019088500 -1.433961250 0.600714500
v -1.147308000 -1.288986250 0.694543750
v -1.014959500 -1.288852250 0.876792500
v -1.184330500 -1.149126750 0.860464250
v -0.954978500 -1.200731250 1.056183500
v -0.978816500 -1.043645250 1.194562750
v -1.123113750 -1.061441000 1.039683000
v -0.455377000 -1.800022000 0.198615000
v -0.339931500 -1.800313250 0.366570500
v -0.532187250 -1.746132750 0.384332500
v -0.303228750 -1.751084500 0.564828000
v -0.356067000 -1.662408000 0.757582250
v -0.495433750 -1.697185500 0.587349000
v -0.638075250 -1.600152250 0.699625500
v -0.495664500 -1.566799250 0.871770250
v -0.696480750 -1.481821250 0.881573250
v -0.443598250 -1.472753000 1.050822750
v -0.493056500 -1.339973000 1.199197500
v -0.644484500 -1.388765250 1.060964000
v -0.773890750 -1.252408000 1.143104250
v -0.623119750 -1.207298000 1.278528500
v -0.801175500 -1.097295250 1.278052750
v -0.557312000 -1.095411500 1.408075000
v -0.584651000 -0.942382750 1.505969750
v -0.730355250 -0.986743000 1.408415750
v 1.426136500 -0.976133750 -0.685576000
v 1.285986000 -1.088662750 -0.800506000
v 1.366165750 -0.938126500 -0.861089500
v 1.459285250 -1.116706500 -0.168047750
v 1.384274500 -1.217526000 -0.282197000
v 1.468402000 -1.057417250 -0.365183500
v 1.468403500 -1.057411250 0.365195250
v 1.384252250 -1.217515000 0.282265000
v 1.459285750 -1.116703750 0.168061000
v 1.404778750 -1.087955250 -0.539965750
v 1.302664000 -1.249356250 -0.458433750
v 1.262984500 -1.200792000 -0.656498250
v 1.144242000 -1.391549750 -0.472419750
v 0.972820000 -1.479241750 -0.578317250
v 1.104665000 -1.341568000 -0.672937750
v 1.415120000 -1.206599500 0.000005500
v 1.321179750 -1.311522750 0.110963250
v 1.321202750 -1.311531500 -0.110897250
v 1.175464750 -1.437048750 0.112622750
v 1.021885500 -1.552861000 -0.000015750
v 1.175529250 -1.437071500 -0.112452750
v 1.080179000 -1.485259750 -0.297738500
v 0.925783000 -1.602722750 -0.185953250
v 0.908780000 -1.573208500 -0.403320250
v 0.740797750 -1.699494250 -0.181590750
v 0.565420250 -1.753863250 -0.284111000
v 0.723732000 -1.669525000 -0.397346250
v 1.404780250 -1.087949000 0.539974000
v 1.262816250 -1.200812000 0.656594750
v 1.302600250 -1.249330750 0.458605500
v 1.103933500 -1.341543250 0.673863250
v 0.973718000 -1.478215500 0.579307500
v 1.143802750 -1.391398000 0.473554500
v 1.079739750 -1.485108250 0.298873750
v 0.909781750 -1.572262000 0.404113750
v 0.925282500 -1.602740750 0.186448750
v 0.725395250 -1.668937000 0.393049250
v 0.564803250 -1.756081000 0.272728250
v 0.739624250 -1.700802000 0.178774250
v 0.651242250 -1.747694000 -0.003327750
v 0.479245250 -1.803216250 0.094560750
v 0.480149000 -1.801228250 -0.107780250
v 0.299793500 -1.845483500 0.091701750
v 0.152791250 -1.866774750 -0.003535500
v 0.301120750 -1.843434250 -0.105006250
v -0.375318500 -1.095379000 1.466887000
v -0.236113000 -0.986692500 1.568504250
v -0.412180500 -0.942382750 1.562008250
v -0.242702250 -1.470246250 1.114938000
v -0.084857250 -1.383943250 1.239273500
v -0.292241500 -1.339679250 1.261559250
v 0.693689000 -1.553935750 0.728886000
v 0.640883500 -1.456235250 0.943471500
v 0.526000750 -1.504538250 0.891921500
v 0.561496500 -1.570349000 0.747930250
v -0.240311250 -1.206971500 1.399702250
v -0.033027000 -1.249799000 1.378573250
v -0.097271250 -1.096951000 1.503377500
v 0.163676750 -1.198204750 1.414330500
v 0.302996500 -1.061225000 1.499551500
v 0.095515750 -1.043301500 1.540245750
v 0.492048750 -1.402849000 1.098819750
v 0.263720500 -1.400885250 1.176962000
v 0.264702750 -1.464535500 1.057338250
v 0.418076000 -1.466060750 1.004433750
v 0.015894750 -1.799161500 0.459182750
v 0.241134500 -1.801125500 0.382044250
v 0.241543750 -1.744839000 0.500695000
v 0.088170500 -1.743313750 0.553599500
v 0.316486000 -1.284324750 1.304733000
v 0.523635250 -1.285857000 1.234340250
v 0.456172000 -1.149645250 1.389335250
v 0.707325750 -1.200764500 1.232531750
v 0.831460250 -1.045251000 1.298605250
v 0.640612250 -1.062252750 1.387782500
v -0.188664750 -1.649180500 0.823143750
v -0.133538250 -1.746811000 0.610446750
v -0.019754750 -1.704836000 0.666111500
v -0.055250250 -1.639025250 0.810103000
v 0.452885000 -1.752048750 0.409361750
v 0.628330000 -1.656381750 0.543187500
v 0.514421500 -1.644690000 0.613600000
v 0.396544000 -1.708975750 0.522513250
v 0.050053250 -1.450998250 1.145989000
v -0.124624250 -1.546735000 1.009271000
v -0.008174750 -1.564684250 0.944433250
v 0.109702500 -1.500398500 1.035519750
v 0.851948750 -1.476774500 0.746117750
v 0.980492500 -1.342931500 0.840300500
v 0.803692500 -1.388939000 0.940504750
v 0.844834000 -1.252701250 1.087491250
v 1.020895750 -1.208168250 0.986325750
v 0.965756000 -1.098900250 1.155459500
v 1.167379500 -1.094665250 0.963788500
v 1.252600000 -0.944387000 1.018319750
v 1.112972500 -0.988954000 1.129550000
v 0.218025000 1.630924000 -0.073153250
v 0.136946000 1.630924250 -0.184747250
v 0.099959500 1.627313500 -0.072624500
v -0.002201000 1.630924500 -0.229958250
v -0.133388000 1.630924500 -0.187332750
v -0.038181750 1.627313500 -0.117508750
v -0.219384500 1.630924500 -0.068968500
v -0.219384500 1.630924500 0.068968500
v -0.123557000 1.627313500 0.000000000
v -0.133388000 1.630924500 0.187332750
v -0.002201000 1.630924500 0.229958250
v -0.038181750 1.627313500 0.117508750
v 0.136946000 1.630924250 0.184747250
v 0.218025000 1.630924000 0.073153250
v 0.099959500 1.627313500 0.072624500
v -0.903225000 0.158922500 1.241658750
v -0.808531750 0.313099750 1.255759500
v -0.929044000 0.304278000 1.204293750
v -0.689302000 -0.175200000 1.378476500
v -0.619538250 -0.064884500 1.393071750
v -0.787827500 -0.071869750 1.325500000
v -0.892764000 0.462195250 1.184369750
v -0.773055750 0.477776250 1.231684500
v -0.812657000 0.591813000 1.184369500
v -0.641631750 0.583154000 1.255758750
v -0.546082000 0.736800500 1.241656750
v -0.687637750 0.694887000 1.204292500
v -0.789373250 0.080172500 1.307169000
v -0.622391000 0.089126000 1.386544500
v -0.697193000 0.238729500 1.332197250
v -0.468118250 0.182506750 1.440713500
v -0.372587500 0.337082500 1.440712750
v -0.545406000 0.337082000 1.384560250
v -0.525320750 0.516830000 1.332196500
v -0.358060750 0.516830250 1.386543000
v -0.424730000 0.670187750 1.307167250
v -0.219035000 0.583155500 1.393069750
v -0.151565250 0.694890000 1.378474250
v -0.288049000 0.736801500 1.325497500
v -0.546640500 -0.230043000 1.435843500
v -0.401724250 -0.230042000 1.482930000
v -0.471407750 -0.125514000 1.450845250
v -0.252590000 -0.175196750 1.520373500
v -0.141743500 -0.071865000 1.535426250
v -0.317610250 -0.064882250 1.491174750
v -0.311468000 0.089128000 1.487570250
v -0.129720500 0.080176750 1.521504500
v -0.219010000 0.238731750 1.487569500
v 0.000892000 0.158928250 1.535425500
v 0.043740500 0.304284250 1.520372000
v -0.084007000 0.313103500 1.491173250
v -0.098558750 0.477779500 1.450843250
v 0.026098750 0.462201000 1.482928000
v -0.038710500 0.591817750 1.435841500
v 1.389351000 0.091400000 0.337435000
v 1.395218000 0.085483250 0.157595750
v 1.410542000 0.193830000 0.228111750
v 1.319571000 -0.282499250 0.508095750
v 1.323545500 -0.289798250 0.378181250
v 1.345570250 -0.137839000 0.472179500
v 1.420948250 0.248318500 0.075694000
v 1.404322750 0.145678750 -0.000003500
v 1.420947750 0.248316750 -0.075705250
v 1.395217250 0.085479500 -0.157601000
v 1.389349500 0.091392250 -0.337441750
v 1.410540750 0.193824750 -0.228121250
v 1.368668500 -0.058951000 0.344411250
v 1.361562250 -0.215960500 0.249597250
v 1.389929750 -0.067426750 0.162292000
v 1.364436250 -0.313610250 0.090206500
v 1.364436250 -0.313611000 -0.090206000
v 1.393746500 -0.160140250 -0.000000500
v 1.389929250 -0.067429500 -0.162294250
v 1.361561750 -0.215964000 -0.249598500
v 1.368667250 -0.058958000 -0.344415000
v 1.323544500 -0.289804750 -0.378182000
v 1.319569250 -0.282510000 -0.508096000
v 1.345568750 -0.137849000 -0.472182750
v 1.289606250 -0.439398000 0.479932250
v 1.265009750 -0.568186750 0.404234500
v 1.289928500 -0.453297500 0.352070250
v 1.245451000 -0.670596500 0.279984250
v 1.235929000 -0.711927500 0.134747750
v 1.272338250 -0.557922500 0.220586250
v 1.308829500 -0.492073250 0.087306500
v 1.256760750 -0.644907500 0.000003750
v 1.308829500 -0.492074000 -0.087303000
v 1.235928750 -0.711929750 -0.134737750
v 1.245450250 -0.670601750 -0.279974750
v 1.272337750 -0.557925250 -0.220580250
v 1.289927500 -0.453303250 -0.352066750
v 1.265008250 -0.568195000 -0.404227250
v 1.289604250 -0.439408250 -0.479928500
v -0.495096500 -0.621982250 -1.340441250
v -0.606820000 -0.513615000 -1.331253750
v -0.417202750 -0.497317500 -1.386843250
v 0.264702250 0.592214000 -1.387472000
v 0.199070500 0.768643500 -1.332241250
v 0.345209750 0.714692750 -1.341486000
v 0.006901000 0.174777750 -1.525919250
v -0.073947000 0.342442000 -1.493225000
v 0.102613750 0.330056000 -1.495652750
v -0.249980500 -0.238894250 -1.495581750
v -0.339695500 -0.086394750 -1.493173250
v -0.153228500 -0.084325500 -1.525919750
v 0.118460500 0.523436000 -1.431203250
v -0.054692000 0.539278500 -1.427356750
v 0.053485000 0.705017750 -1.361148250
v -0.180962250 0.647249500 -1.369767000
v -0.236955500 0.808873500 -1.300294750
v -0.071359000 0.812983250 -1.315837750
v -0.147566500 0.091210000 -1.524757250
v -0.332439500 0.090945750 -1.493608500
v -0.229646500 0.256705250 -1.493633500
v -0.481772500 0.180210750 -1.443017500
v -0.555717500 0.344139250 -1.387148750
v -0.375948000 0.350451000 -1.443061750
v -0.346519000 0.544158750 -1.385063500
v -0.522536750 0.534778750 -1.335487000
v -0.398578000 0.703864750 -1.306640000
v -0.625919000 0.592275250 -1.274785750
v -0.644310750 0.690980500 -1.247595000
v -0.508492750 0.756400500 -1.259449500
v -0.418003000 -0.337006500 -1.430858500
v -0.612000750 -0.356141750 -1.360437750
v -0.509036750 -0.188910000 -1.427041000
v -0.764776000 -0.289529250 -1.314953000
v -0.833036000 -0.138642500 -1.299523750
v -0.662592000 -0.121267000 -1.369277750
v -0.642584000 0.070513500 -1.384819000
v -0.809281000 0.050414000 -1.306136500
v -0.712120750 0.232414750 -1.335287750
v -0.904258750 0.128269750 -1.258893250
v -0.903901250 0.279191000 -1.247220250
v -0.808607750 0.302294500 -1.274530500
v -0.755587000 0.471515500 -1.265690500
v -0.850391750 0.439759750 -1.243858250
v -0.766104750 0.573464250 -1.243980000
v 0.565085250 0.475622000 -1.369748500
v 0.401631250 0.483549750 -1.400966250
v 0.475953750 0.608138250 -1.355941750
v 0.719554250 0.077041000 -1.387849000
v 0.606074250 0.082405000 -1.414361000
v 0.684132000 0.228919750 -1.381601250
v 0.568744250 0.316740000 -1.400350000
v 0.487382000 0.168596250 -1.447579000
v 0.402875500 0.320948750 -1.446197500
v 0.336944000 0.081602750 -1.497297500
v 0.155706500 0.082810000 -1.525919750
v 0.250099750 0.236233250 -1.497152750
v 0.705919750 -0.091561000 -1.394508500
v 0.647736750 -0.240133000 -1.398618250
v 0.592780500 -0.092537000 -1.420432250
v 0.525655750 -0.330050000 -1.416839250
v 0.369226000 -0.340202250 -1.452997750
v 0.467578500 -0.181815250 -1.453032750
v 0.330434250 -0.093867000 -1.496680250
v 0.231116000 -0.254114000 -1.496658750
v 0.150044500 -0.092725500 -1.524757250
v 0.076927500 -0.338141000 -1.497251500
v -0.100237250 -0.329136500 -1.497084000
v -0.004423000 -0.176293000 -1.525919250
v 0.496944500 -0.480961000 -1.398474000
v 0.388027000 -0.597867500 -1.394141500
v 0.342421500 -0.493678000 -1.420251250
v 0.241792500 -0.682866750 -1.387251250
v 0.089718750 -0.716542750 -1.380858250
v 0.190466000 -0.581380750 -1.413964500
v 0.063082000 -0.511932000 -1.447304000
v -0.037725500 -0.650802250 -1.399723750
v -0.111015500 -0.503687000 -1.445884500
v -0.184338750 -0.717064250 -1.368842500
v -0.342589250 -0.694014250 -1.354928250
v -0.259958250 -0.573755500 -1.400367000
v -1.374503750 -0.670074500 -0.901036000
v -1.281683000 -0.670074750 -1.028793250
v -1.224493500 -0.652555500 -0.978315250
v -1.308823500 -0.652555250 -0.862244250
v -1.409068500 -0.852885500 -0.661240750
v -1.420825750 -0.736551000 -0.767380500
v -1.351437750 -0.713710750 -0.739287250
v -1.340756000 -0.819404000 -0.642856000
v -1.238013250 -1.102173500 -0.634559250
v -1.342591250 -0.985839250 -0.612942250
v -1.279599750 -0.941715500 -0.598423250
v -1.184587750 -1.047408500 -0.618063250
v -1.032392750 -1.168650500 -0.847673000
v -1.125213750 -1.168650500 -0.719915750
v -1.080817250 -1.108564500 -0.696587500
v -0.996486750 -1.108564500 -0.812658250
v -1.168883750 -0.736551750 -1.114149750
v -1.064305500 -0.852886000 -1.135766750
v -1.025710500 -0.819404500 -1.076479250
v -1.120723000 -0.713711500 -1.056839500
v -0.997828000 -0.985839250 -1.087468250
v -0.986070750 -1.102173500 -0.981328500
v -0.953872500 -1.047408750 -0.935615500
v -0.964554250 -0.941715750 -1.032046750
v -1.024017500 -0.808499250 -1.008328250
v -1.087455750 -0.805881750 -0.923922750
v -1.097517750 -0.726736500 -0.993135250
v -1.183241500 -0.676216250 -0.928267500
v -1.177691250 -0.752702500 -0.855640750
v -1.248478000 -0.676216250 -0.838476750
v -1.214747000 -0.805881500 -0.748721500
v -1.275417750 -0.808498750 -0.662305750
v -1.283681000 -0.726736000 -0.736903500
v -0.965234250 -0.991301500 -0.897025500
v -1.034276500 -0.912239500 -0.885285750
v -0.973497250 -0.909539000 -0.971623250
v -1.000437500 -1.041821250 -0.795452000
v -1.065674250 -1.041821250 -0.705661500
v -1.071332750 -0.965418250 -0.778366500
v -1.151397500 -0.991301250 -0.640793500
v -1.224897250 -0.909538750 -0.625600250
v -1.161567750 -0.912239500 -0.710084250
v 0.017118750 -1.599465500 0.786615750
v 0.043697750 -1.648744750 0.678794750
v 0.076555000 -1.586763500 0.672182750
v 0.055386750 -1.547516500 0.758053500
v 0.478939000 -1.548041000 0.740061000
v 0.452359750 -1.498761750 0.847881500
v 0.404116500 -1.466829500 0.807141750
v 0.425284750 -1.506076500 0.721271000
v 0.140635250 -1.495661750 0.955407750
v 0.052369000 -1.543798750 0.887202250
v 0.083778750 -1.502680250 0.839070250
v 0.154076000 -1.464343000 0.893390750
v 0.124512250 -1.677556750 0.594545750
v 0.239358250 -1.678698750 0.554930750
v 0.233112250 -1.610879500 0.572774500
v 0.141646500 -1.609970000 0.604324750
v 0.355422500 -1.651844250 0.571268250
v 0.443689000 -1.603707250 0.639474250
v 0.396892750 -1.550912500 0.640254000
v 0.326595500 -1.589249750 0.585933500
v 0.371545500 -1.469949750 0.932130500
v 0.256699500 -1.468807750 0.971745500
v 0.247559250 -1.442713500 0.906549750
v 0.339025000 -1.443623000 0.874999500
v 0.113795500 -1.544261000 0.676247500
v 0.161741000 -1.516726500 0.713064750
v 0.098626250 -1.516136000 0.737783250
v 0.120334500 -1.481854500 0.799728250
v 0.184004750 -1.481567750 0.776594750
v 0.170710250 -1.454381750 0.838655000
v 0.257310250 -1.464606750 0.786913500
v 0.307732250 -1.438495500 0.826107000
v 0.242187000 -1.437843750 0.848716250
v 0.163564000 -1.562004500 0.624363750
v 0.229109250 -1.562656250 0.601754500
v 0.212782750 -1.534924250 0.659853500
v 0.300586000 -1.546118250 0.611815750
v 0.350962000 -1.518645250 0.650742250
v 0.286088500 -1.517963000 0.670172250
v 0.308352250 -1.482804250 0.733702250
v 0.372670250 -1.484363750 0.712687250
v 0.357500750 -1.456239000 0.774223250
vt 0.236357000 0.920672000
vt 0.236371000 0.920662000
vt 0.236379000 0.920685000
vt 0.236355000 0.920690000
vt 0.236327000 0.920695000
vt 0.236345000 0.920665000
vt 0.236363000 0.920633000
vt 0.236154000 0.920709000
vt 0.236138000 0.920714000
vt 0.236130000 0.920688000
vt 0.236156000 0.920691000
vt 0.236185000 0.920694000
vt 0.236167000 0.920720000
vt 0.236146000 0.920746000
vt 0.236386000 0.920655000
vt 0.236397000 0.920666000
vt 0.236391000 0.920634000
vt 0.236417000 0.920638000
vt 0.236404000 0.920679000
vt 0.236397000 0.920696000
vt 0.236418000 0.920672000
vt 0.236416000 0.920703000
vt 0.236386000 0.920710000
vt 0.236371000 0.920710000
vt 0.236388000 0.920723000
vt 0.236359000 0.920736000
vt 0.236122000 0.920716000
vt 0.236111000 0.920701000
vt 0.236119000 0.920730000
vt 0.236093000 0.920719000
vt 0.236221000 0.920492000
vt 0.236224000 0.920477000
vt 0.236252000 0.920483000
vt 0.236237000 0.920501000
vt 0.236219000 0.920523000
vt 0.236205000 0.920497000
vt 0.236190000 0.920468000
vt 0.236576000 0.920467000
vt 0.236593000 0.920473000
vt 0.236579000 0.920492000
vt 0.236560000 0.920476000
vt 0.236543000 0.920455000
vt 0.236574000 0.920456000
vt 0.236604000 0.920460000
vt 0.236615000 0.920691000
vt 0.236623000 0.920699000
vt 0.236600000 0.920718000
vt 0.236598000 0.920697000
vt 0.236598000 0.920675000
vt 0.236624000 0.920678000
vt 0.236649000 0.920682000
vt 0.236896000 0.920896000
vt 0.236886000 0.920911000
vt 0.236863000 0.920896000
vt 0.236886000 0.920881000
vt 0.236913000 0.920865000
vt 0.236914000 0.920896000
vt 0.236913000 0.920928000
vt 0.236104000 0.920683000
vt 0.236112000 0.920669000
vt 0.236091000 0.920680000
vt 0.236093000 0.920647000
vt 0.236230000 0.920464000
vt 0.236250000 0.920463000
vt 0.236219000 0.920455000
vt 0.236248000 0.920443000
vt 0.236608000 0.920482000
vt 0.236606000 0.920497000
vt 0.236623000 0.920478000
vt 0.236639000 0.920493000
vt 0.236872000 0.920926000
vt 0.236852000 0.920923000
vt 0.236877000 0.920941000
vt 0.236835000 0.920955000
vt 0.236594000 0.920958000
vt 0.236610000 0.920947000
vt 0.236625000 0.920969000
vt 0.236597000 0.920975000
vt 0.236567000 0.920981000
vt 0.236578000 0.920951000
vt 0.236593000 0.920922000
vt 0.236299000 0.921013000
vt 0.236279000 0.921018000
vt 0.236276000 0.920992000
vt 0.236305000 0.920995000
vt 0.236334000 0.920998000
vt 0.236310000 0.921024000
vt 0.236282000 0.921047000
vt 0.236519000 0.921128000
vt 0.236510000 0.921144000
vt 0.236490000 0.921125000
vt 0.236509000 0.921116000
vt 0.236534000 0.921105000
vt 0.236536000 0.921125000
vt 0.236538000 0.921154000
vt 0.236514000 0.921347000
vt 0.236518000 0.921362000
vt 0.236495000 0.921370000
vt 0.236501000 0.921345000
vt 0.236502000 0.921317000
vt 0.236521000 0.921334000
vt 0.236541000 0.921350000
vt 0.236838000 0.921122000
vt 0.236824000 0.921128000
vt 0.236808000 0.921118000
vt 0.236835000 0.921110000
vt 0.236866000 0.921108000
vt 0.236854000 0.921127000
vt 0.236845000 0.921140000
vt 0.266477000 0.922731000
vt 0.266477000 0.922694000
vt 0.266491000 0.922691000
vt 0.266492000 0.922730000
vt 0.266492000 0.922763000
vt 0.266477000 0.922760000
vt 0.266463000 0.922758000
vt 0.266463000 0.922732000
vt 0.266462000 0.922697000
vt 0.236697000 0.921339000
vt 0.236713000 0.921335000
vt 0.236711000 0.921363000
vt 0.236687000 0.921356000
vt 0.236661000 0.921346000
vt 0.236688000 0.921326000
vt 0.236707000 0.921310000
vt 0.236688000 0.921395000
vt 0.236705000 0.921389000
vt 0.236697000 0.921414000
vt 0.236676000 0.921410000
vt 0.236650000 0.921411000
vt 0.236683000 0.921385000
vt 0.236679000 0.921312000
vt 0.236688000 0.921295000
vt 0.236661000 0.921315000
vt 0.236668000 0.921279000
vt 0.236642000 0.921317000
vt 0.236632000 0.921334000
vt 0.236602000 0.921319000
vt 0.236632000 0.921302000
vt 0.236676000 0.921373000
vt 0.236658000 0.921376000
vt 0.236637000 0.921379000
vt 0.236624000 0.921394000
vt 0.236596000 0.921382000
vt 0.236629000 0.921365000
vt 0.236620000 0.921350000
vt 0.236599000 0.921351000
vt 0.236579000 0.921352000
vt 0.236567000 0.921366000
vt 0.236570000 0.921335000
vt 0.236872000 0.921132000
vt 0.236875000 0.921143000
vt 0.236888000 0.921125000
vt 0.236904000 0.921136000
vt 0.236904000 0.921116000
vt 0.236900000 0.921103000
vt 0.236940000 0.921098000
vt 0.236923000 0.921118000
vt 0.236611000 0.921408000
vt 0.236619000 0.921420000
vt 0.236587000 0.921427000
vt 0.236591000 0.921408000
vt 0.236571000 0.921407000
vt 0.236558000 0.921419000
vt 0.236530000 0.921409000
vt 0.236563000 0.921394000
vt 0.236555000 0.921380000
vt 0.236537000 0.921378000
vt 0.236523000 0.921376000
vt 0.236513000 0.921387000
vt 0.266476000 0.922643000
vt 0.266475000 0.922585000
vt 0.266491000 0.922581000
vt 0.266491000 0.922639000
vt 0.266461000 0.922647000
vt 0.266460000 0.922588000
vt 0.236623000 0.921285000
vt 0.236603000 0.921286000
vt 0.236604000 0.921251000
vt 0.236633000 0.921268000
vt 0.236560000 0.921319000
vt 0.236541000 0.921319000
vt 0.236540000 0.921287000
vt 0.236570000 0.921303000
vt 0.236643000 0.921251000
vt 0.236661000 0.921251000
vt 0.236633000 0.921234000
vt 0.236668000 0.921224000
vt 0.236623000 0.921217000
vt 0.236603000 0.921216000
vt 0.236602000 0.921183000
vt 0.236632000 0.921200000
vt 0.236582000 0.921286000
vt 0.236571000 0.921269000
vt 0.236560000 0.921251000
vt 0.236539000 0.921251000
vt 0.236538000 0.921217000
vt 0.236571000 0.921233000
vt 0.236582000 0.921216000
vt 0.236570000 0.921198000
vt 0.236560000 0.921183000
vt 0.236537000 0.921185000
vt 0.236570000 0.921167000
vt 0.236527000 0.921319000
vt 0.236520000 0.921303000
vt 0.236511000 0.921288000
vt 0.236498000 0.921288000
vt 0.236488000 0.921260000
vt 0.236515000 0.921272000
vt 0.236522000 0.921253000
vt 0.236511000 0.921238000
vt 0.236496000 0.921227000
vt 0.236475000 0.921233000
vt 0.236458000 0.921211000
vt 0.236501000 0.921210000
vt 0.236512000 0.921191000
vt 0.236501000 0.921179000
vt 0.236495000 0.921164000
vt 0.236474000 0.921170000
vt 0.266271000 0.922612000
vt 0.266290000 0.922594000
vt 0.266301000 0.922600000
vt 0.266280000 0.922620000
vt 0.266252000 0.922635000
vt 0.266245000 0.922626000
vt 0.266237000 0.922614000
vt 0.266263000 0.922603000
vt 0.266288000 0.922598000
vt 0.236642000 0.921185000
vt 0.236632000 0.921169000
vt 0.236661000 0.921157000
vt 0.236661000 0.921187000
vt 0.236579000 0.921151000
vt 0.236567000 0.921136000
vt 0.236596000 0.921121000
vt 0.236599000 0.921151000
vt 0.236679000 0.921191000
vt 0.236688000 0.921208000
vt 0.236688000 0.921177000
vt 0.236714000 0.921198000
vt 0.236261000 0.921135000
vt 0.236250000 0.921149000
vt 0.236219000 0.921139000
vt 0.236252000 0.921124000
vt 0.236291000 0.921109000
vt 0.236282000 0.921133000
vt 0.236280000 0.921157000
vt 0.236620000 0.921152000
vt 0.236629000 0.921138000
vt 0.236198000 0.921109000
vt 0.236187000 0.921124000
vt 0.236155000 0.921106000
vt 0.236188000 0.921094000
vt 0.236221000 0.921080000
vt 0.236220000 0.921110000
vt 0.236242000 0.921110000
vt 0.236252000 0.921094000
vt 0.236262000 0.921079000
vt 0.236252000 0.921064000
vt 0.236283000 0.921077000
vt 0.236555000 0.921123000
vt 0.236563000 0.921109000
vt 0.236137000 0.921072000
vt 0.236126000 0.921086000
vt 0.236101000 0.921072000
vt 0.236128000 0.921054000
vt 0.236159000 0.921043000
vt 0.236156000 0.921075000
vt 0.236178000 0.921077000
vt 0.236189000 0.921062000
vt 0.236200000 0.921047000
vt 0.236191000 0.921030000
vt 0.236222000 0.921017000
vt 0.236221000 0.921049000
vt 0.236242000 0.921049000
vt 0.236251000 0.921033000
vt 0.236260000 0.921019000
vt 0.236250000 0.921004000
vt 0.266296000 0.922570000
vt 0.266296000 0.922542000
vt 0.266308000 0.922542000
vt 0.266308000 0.922573000
vt 0.266284000 0.922567000
vt 0.266284000 0.922542000
vt 0.236601000 0.920776000
vt 0.236603000 0.920761000
vt 0.236634000 0.920766000
vt 0.236618000 0.920784000
vt 0.236598000 0.920808000
vt 0.236583000 0.920785000
vt 0.236572000 0.920768000
vt 0.236303000 0.921073000
vt 0.236312000 0.921055000
vt 0.236334000 0.921061000
vt 0.236313000 0.921086000
vt 0.236565000 0.920794000
vt 0.236548000 0.920787000
vt 0.236563000 0.920810000
vt 0.236527000 0.920806000
vt 0.236561000 0.920828000
vt 0.236578000 0.920836000
vt 0.236559000 0.920865000
vt 0.236543000 0.920838000
vt 0.236637000 0.920793000
vt 0.236656000 0.920786000
vt 0.236678000 0.920808000
vt 0.236635000 0.920810000
vt 0.236634000 0.920829000
vt 0.236652000 0.920839000
vt 0.236631000 0.920867000
vt 0.236615000 0.920837000
vt 0.236595000 0.920846000
vt 0.236595000 0.920866000
vt 0.236594000 0.920884000
vt 0.236612000 0.920895000
vt 0.236576000 0.920894000
vt 0.236320000 0.921036000
vt 0.236340000 0.921030000
vt 0.236703000 0.920837000
vt 0.236708000 0.920823000
vt 0.236741000 0.920834000
vt 0.236717000 0.920849000
vt 0.236696000 0.920869000
vt 0.236684000 0.920840000
vt 0.236666000 0.920848000
vt 0.236664000 0.920866000
vt 0.236665000 0.920886000
vt 0.236681000 0.920895000
vt 0.236675000 0.920925000
vt 0.236650000 0.920896000
vt 0.236631000 0.920905000
vt 0.236631000 0.920923000
vt 0.236629000 0.920939000
vt 0.236646000 0.920949000
vt 0.266181000 0.923203000
vt 0.266181000 0.923227000
vt 0.266168000 0.923235000
vt 0.266168000 0.923207000
vt 0.266168000 0.923180000
vt 0.266181000 0.923178000
vt 0.266194000 0.923176000
vt 0.266194000 0.923198000
vt 0.266194000 0.923220000
vt 0.236526000 0.920848000
vt 0.236524000 0.920866000
vt 0.236492000 0.920868000
vt 0.236510000 0.920840000
vt 0.236558000 0.920905000
vt 0.236559000 0.920924000
vt 0.236526000 0.920927000
vt 0.236541000 0.920896000
vt 0.236497000 0.920832000
vt 0.236500000 0.920814000
vt 0.236481000 0.920842000
vt 0.236474000 0.920823000
vt 0.236466000 0.920853000
vt 0.236464000 0.920872000
vt 0.236438000 0.920875000
vt 0.236453000 0.920846000
vt 0.236524000 0.920886000
vt 0.236508000 0.920898000
vt 0.236492000 0.920909000
vt 0.236493000 0.920930000
vt 0.236463000 0.920932000
vt 0.236476000 0.920900000
vt 0.236462000 0.920892000
vt 0.236449000 0.920903000
vt 0.236438000 0.920915000
vt 0.236440000 0.920934000
vt 0.236420000 0.920935000
vt 0.236427000 0.920905000
vt 0.236561000 0.920944000
vt 0.236546000 0.920955000
vt 0.236531000 0.920966000
vt 0.236535000 0.920985000
vt 0.236504000 0.920989000
vt 0.236513000 0.920958000
vt 0.236496000 0.920950000
vt 0.236482000 0.920961000
vt 0.236471000 0.920971000
vt 0.236476000 0.920990000
vt 0.236445000 0.920997000
vt 0.236456000 0.920962000
vt 0.236443000 0.920953000
vt 0.236434000 0.920963000
vt 0.236428000 0.920972000
vt 0.236433000 0.920989000
vt 0.236417000 0.920987000
vt 0.236417000 0.920962000
vt 0.236828000 0.921096000
vt 0.236810000 0.921089000
vt 0.236808000 0.921060000
vt 0.236839000 0.921087000
vt 0.236845000 0.921047000
vt 0.236827000 0.921041000
vt 0.236839000 0.921015000
vt 0.236861000 0.921037000
vt 0.236883000 0.921058000
vt 0.236848000 0.921063000
vt 0.236860000 0.920988000
vt 0.236841000 0.920985000
vt 0.236870000 0.920973000
vt 0.236900000 0.920993000
vt 0.236869000 0.921005000
vt 0.236853000 0.921078000
vt 0.236874000 0.921084000
vt 0.236894000 0.921089000
vt 0.236909000 0.921077000
vt 0.236875000 0.921023000
vt 0.236892000 0.921026000
vt 0.236912000 0.921030000
vt 0.236928000 0.921014000
vt 0.236954000 0.921035000
vt 0.236918000 0.921048000
vt 0.236924000 0.921064000
vt 0.236944000 0.921066000
vt 0.236963000 0.921067000
vt 0.236976000 0.921052000
vt 0.236993000 0.921064000
vt 0.236967000 0.921082000
vt 0.236883000 0.920958000
vt 0.236907000 0.920960000
vt 0.236933000 0.920960000
vt 0.236948000 0.920944000
vt 0.236989000 0.920958000
vt 0.236941000 0.920977000
vt 0.236947000 0.920996000
vt 0.236968000 0.920998000
vt 0.236984000 0.921002000
vt 0.236998000 0.920985000
vt 0.237005000 0.921012000
vt 0.236984000 0.921022000
vt 0.236988000 0.921039000
vt 0.237004000 0.921040000
vt 0.236500000 0.921395000
vt 0.236501000 0.921407000
vt 0.236471000 0.921409000
vt 0.236484000 0.921391000
vt 0.266408000 0.922447000
vt 0.266407000 0.922475000
vt 0.266386000 0.922475000
vt 0.266388000 0.922445000
vt 0.266394000 0.922418000
vt 0.266414000 0.922422000
vt 0.266433000 0.922427000
vt 0.266429000 0.922450000
vt 0.266427000 0.922475000
vt 0.236454000 0.921173000
vt 0.236438000 0.921193000
vt 0.236428000 0.921172000
vt 0.236453000 0.921155000
vt 0.236069000 0.921056000
vt 0.236053000 0.921051000
vt 0.236051000 0.921022000
vt 0.236075000 0.921044000
vt 0.236078000 0.921071000
vt 0.236057000 0.921078000
vt 0.236068000 0.920994000
vt 0.236052000 0.920990000
vt 0.236061000 0.920962000
vt 0.236078000 0.920979000
vt 0.236102000 0.921001000
vt 0.236075000 0.921012000
vt 0.236672000 0.920499000
vt 0.236669000 0.920516000
vt 0.236657000 0.920485000
vt 0.236677000 0.920467000
vt 0.236690000 0.920497000
vt 0.236706000 0.920524000
vt 0.236083000 0.921030000
vt 0.236100000 0.921033000
vt 0.236119000 0.921037000
vt 0.236130000 0.921022000
vt 0.236089000 0.920963000
vt 0.236084000 0.920943000
vt 0.236101000 0.920928000
vt 0.236108000 0.920965000
vt 0.236127000 0.920969000
vt 0.236141000 0.920953000
vt 0.236168000 0.920975000
vt 0.236134000 0.920988000
vt 0.236142000 0.921007000
vt 0.236163000 0.921009000
vt 0.236183000 0.921012000
vt 0.236195000 0.920996000
vt 0.236107000 0.920897000
vt 0.236093000 0.920911000
vt 0.236073000 0.920893000
vt 0.236104000 0.920881000
vt 0.236129000 0.920866000
vt 0.236125000 0.920899000
vt 0.236144000 0.920902000
vt 0.236159000 0.920888000
vt 0.236183000 0.920908000
vt 0.236149000 0.920919000
vt 0.236155000 0.920937000
vt 0.236175000 0.920941000
vt 0.236195000 0.920945000
vt 0.236209000 0.920930000
vt 0.236234000 0.920952000
vt 0.236201000 0.920963000
vt 0.236208000 0.920981000
vt 0.236227000 0.920985000
vt 0.236244000 0.920987000
vt 0.236257000 0.920973000
vt 0.236307000 0.920976000
vt 0.236291000 0.920967000
vt 0.236312000 0.920939000
vt 0.236323000 0.920968000
vt 0.265826000 0.923186000
vt 0.265813000 0.923162000
vt 0.265831000 0.923153000
vt 0.265845000 0.923179000
vt 0.265856000 0.923207000
vt 0.265836000 0.923211000
vt 0.265815000 0.923214000
vt 0.265807000 0.923193000
vt 0.265795000 0.923172000
vt 0.266470000 0.923166000
vt 0.266472000 0.923193000
vt 0.266451000 0.923196000
vt 0.266449000 0.923167000
vt 0.266451000 0.923136000
vt 0.266472000 0.923139000
vt 0.266493000 0.923142000
vt 0.266491000 0.923166000
vt 0.266493000 0.923190000
vt 0.265839000 0.923238000
vt 0.265860000 0.923238000
vt 0.265856000 0.923267000
vt 0.265836000 0.923265000
vt 0.265815000 0.923262000
vt 0.265818000 0.923239000
vt 0.266477000 0.923114000
vt 0.266456000 0.923108000
vt 0.266463000 0.923082000
vt 0.266483000 0.923091000
vt 0.266502000 0.923100000
vt 0.266497000 0.923120000
vt 0.266322000 0.923112000
vt 0.266306000 0.923091000
vt 0.266322000 0.923082000
vt 0.266340000 0.923107000
vt 0.266353000 0.923133000
vt 0.266334000 0.923136000
vt 0.266315000 0.923139000
vt 0.266305000 0.923118000
vt 0.266291000 0.923099000
vt 0.265826000 0.923287000
vt 0.265845000 0.923292000
vt 0.265831000 0.923315000
vt 0.265813000 0.923307000
vt 0.265795000 0.923299000
vt 0.265807000 0.923282000
vt 0.266477000 0.923216000
vt 0.266483000 0.923237000
vt 0.266463000 0.923245000
vt 0.266456000 0.923222000
vt 0.266497000 0.923210000
vt 0.266502000 0.923228000
vt 0.266338000 0.923163000
vt 0.266357000 0.923163000
vt 0.266353000 0.923194000
vt 0.266334000 0.923190000
vt 0.266315000 0.923181000
vt 0.266319000 0.923163000
vt 0.266322000 0.923214000
vt 0.266340000 0.923220000
vt 0.266322000 0.923245000
vt 0.266306000 0.923236000
vt 0.266289000 0.923231000
vt 0.266308000 0.923207000
vt 0.236660000 0.920960000
vt 0.236679000 0.920956000
vt 0.236691000 0.920982000
vt 0.236654000 0.920977000
vt 0.236603000 0.920992000
vt 0.236622000 0.920994000
vt 0.236620000 0.921021000
vt 0.236592000 0.921003000
vt 0.236596000 0.921046000
vt 0.236617000 0.921049000
vt 0.236614000 0.921081000
vt 0.236585000 0.921058000
vt 0.236556000 0.921038000
vt 0.236588000 0.921031000
vt 0.236067000 0.920636000
vt 0.236076000 0.920622000
vt 0.236071000 0.920655000
vt 0.236051000 0.920662000
vt 0.236055000 0.920630000
vt 0.236065000 0.920604000
vt 0.236580000 0.921014000
vt 0.236560000 0.921010000
vt 0.236541000 0.921003000
vt 0.236528000 0.921014000
vt 0.236573000 0.921069000
vt 0.236582000 0.921083000
vt 0.236552000 0.921088000
vt 0.236553000 0.921064000
vt 0.236532000 0.921058000
vt 0.236522000 0.921066000
vt 0.236486000 0.921049000
vt 0.236523000 0.921041000
vt 0.236516000 0.921024000
vt 0.236497000 0.921017000
vt 0.236481000 0.921008000
vt 0.236471000 0.921017000
vt 0.236077000 0.920675000
vt 0.236070000 0.920688000
vt 0.236064000 0.920698000
vt 0.236071000 0.920715000
vt 0.236052000 0.920714000
vt 0.236051000 0.920689000
vt 0.236513000 0.921072000
vt 0.236525000 0.921087000
vt 0.236499000 0.921083000
vt 0.236495000 0.921064000
vt 0.236916000 0.920450000
vt 0.236929000 0.920458000
vt 0.236928000 0.920482000
vt 0.236909000 0.920459000
vt 0.236890000 0.920435000
vt 0.236910000 0.920435000
vt 0.236931000 0.920434000
vt 0.236462000 0.921026000
vt 0.236469000 0.921044000
vt 0.236447000 0.921043000
vt 0.236448000 0.921017000
vt 0.236779000 0.921104000
vt 0.236764000 0.921100000
vt 0.236764000 0.921079000
vt 0.236783000 0.921093000
vt 0.236791000 0.921119000
vt 0.236774000 0.921126000
vt 0.265820000 0.923082000
vt 0.265825000 0.923106000
vt 0.265805000 0.923111000
vt 0.265799000 0.923084000
vt 0.265797000 0.923055000
vt 0.265818000 0.923056000
vt 0.265838000 0.923056000
vt 0.265840000 0.923080000
vt 0.265845000 0.923102000
vt 0.265820000 0.922864000
vt 0.265827000 0.922890000
vt 0.265808000 0.922895000
vt 0.265800000 0.922866000
vt 0.265798000 0.922837000
vt 0.265818000 0.922836000
vt 0.265838000 0.922836000
vt 0.265840000 0.922861000
vt 0.265846000 0.922885000
vt 0.236959000 0.920928000
vt 0.236946000 0.920913000
vt 0.236981000 0.920899000
vt 0.236983000 0.920929000
vt 0.266422000 0.922551000
vt 0.266432000 0.922573000
vt 0.266414000 0.922581000
vt 0.266403000 0.922558000
vt 0.266394000 0.922533000
vt 0.266414000 0.922528000
vt 0.266433000 0.922523000
vt 0.266441000 0.922545000
vt 0.266450000 0.922564000
vt 0.266271000 0.922665000
vt 0.266271000 0.922692000
vt 0.266257000 0.922696000
vt 0.266257000 0.922666000
vt 0.266257000 0.922635000
vt 0.266271000 0.922637000
vt 0.266285000 0.922638000
vt 0.266285000 0.922663000
vt 0.266285000 0.922689000
vt 0.265820000 0.922809000
vt 0.265800000 0.922807000
vt 0.265808000 0.922780000
vt 0.265827000 0.922784000
vt 0.265846000 0.922789000
vt 0.265840000 0.922811000
vt 0.266408000 0.922502000
vt 0.266388000 0.922504000
vt 0.266429000 0.922500000
vt 0.265834000 0.923127000
vt 0.265844000 0.923145000
vt 0.265826000 0.923153000
vt 0.265815000 0.923133000
vt 0.265853000 0.923121000
vt 0.265862000 0.923137000
vt 0.265838000 0.922914000
vt 0.265850000 0.922936000
vt 0.265833000 0.922945000
vt 0.265819000 0.922921000
vt 0.265856000 0.922907000
vt 0.265868000 0.922927000
vt 0.236935000 0.920897000
vt 0.236946000 0.920882000
vt 0.236959000 0.920869000
vt 0.236948000 0.920854000
vt 0.236989000 0.920846000
vt 0.236983000 0.920871000
vt 0.266422000 0.922400000
vt 0.266403000 0.922394000
vt 0.266414000 0.922372000
vt 0.266432000 0.922380000
vt 0.266450000 0.922388000
vt 0.266441000 0.922406000
vt 0.265834000 0.922977000
vt 0.265825000 0.923001000
vt 0.265805000 0.922997000
vt 0.265815000 0.922970000
vt 0.265826000 0.922945000
vt 0.265844000 0.922954000
vt 0.265862000 0.922963000
vt 0.265853000 0.922984000
vt 0.265845000 0.923006000
vt 0.265820000 0.923028000
vt 0.265799000 0.923026000
vt 0.265840000 0.923031000
vt 0.265838000 0.922763000
vt 0.265819000 0.922757000
vt 0.265833000 0.922736000
vt 0.265850000 0.922744000
vt 0.265868000 0.922751000
vt 0.265856000 0.922769000
vt 0.236456000 0.921137000
vt 0.236441000 0.921138000
vt 0.236465000 0.921099000
vt 0.236476000 0.921116000
vt 0.236726000 0.920636000
vt 0.236732000 0.920655000
vt 0.236705000 0.920660000
vt 0.236711000 0.920630000
vt 0.236713000 0.920597000
vt 0.236736000 0.920622000
vt 0.236751000 0.920642000
vt 0.236671000 0.920658000
vt 0.236677000 0.920669000
vt 0.236653000 0.920660000
vt 0.236658000 0.920635000
vt 0.236682000 0.920645000
vt 0.236744000 0.920603000
vt 0.236757000 0.920606000
vt 0.236736000 0.920579000
vt 0.236750000 0.920566000
vt 0.236725000 0.920561000
vt 0.236708000 0.920562000
vt 0.236730000 0.920543000
vt 0.236693000 0.920630000
vt 0.236686000 0.920616000
vt 0.236675000 0.920600000
vt 0.236656000 0.920602000
vt 0.236651000 0.920567000
vt 0.236683000 0.920582000
vt 0.236690000 0.920564000
vt 0.236676000 0.920548000
vt 0.236663000 0.920533000
vt 0.236644000 0.920536000
vt 0.236635000 0.920664000
vt 0.236628000 0.920656000
vt 0.236562000 0.920570000
vt 0.236545000 0.920589000
vt 0.236524000 0.920580000
vt 0.236554000 0.920559000
vt 0.236584000 0.920540000
vt 0.236586000 0.920561000
vt 0.236588000 0.920573000
vt 0.236569000 0.920579000
vt 0.236557000 0.920594000
vt 0.236571000 0.920651000
vt 0.236597000 0.920656000
vt 0.236565000 0.920664000
vt 0.236532000 0.920649000
vt 0.236550000 0.920636000
vt 0.236561000 0.920629000
vt 0.236576000 0.920641000
vt 0.236595000 0.920644000
vt 0.236612000 0.920565000
vt 0.236618000 0.920553000
vt 0.236633000 0.920580000
vt 0.236622000 0.920587000
vt 0.236607000 0.920576000
vt 0.236624000 0.920537000
vt 0.236611000 0.920523000
vt 0.236600000 0.920511000
vt 0.236581000 0.920514000
vt 0.236273000 0.920961000
vt 0.236270000 0.920945000
vt 0.236224000 0.920917000
vt 0.236219000 0.920900000
vt 0.236254000 0.920893000
vt 0.236245000 0.920922000
vt 0.236173000 0.920874000
vt 0.236168000 0.920859000
vt 0.236202000 0.920849000
vt 0.236192000 0.920878000
vt 0.236266000 0.920928000
vt 0.236280000 0.920916000
vt 0.236291000 0.920904000
vt 0.236284000 0.920886000
vt 0.236314000 0.920883000
vt 0.236309000 0.920910000
vt 0.236213000 0.920882000
vt 0.236228000 0.920870000
vt 0.236244000 0.920858000
vt 0.236238000 0.920842000
vt 0.236285000 0.920833000
vt 0.236264000 0.920864000
vt 0.236280000 0.920869000
vt 0.236294000 0.920860000
vt 0.236309000 0.920854000
vt 0.236309000 0.920841000
vt 0.236342000 0.920846000
vt 0.236326000 0.920863000
vt 0.236163000 0.920845000
vt 0.236144000 0.920843000
vt 0.236159000 0.920822000
vt 0.236177000 0.920833000
vt 0.236192000 0.920822000
vt 0.236187000 0.920809000
vt 0.236221000 0.920802000
vt 0.236211000 0.920824000
vt 0.236232000 0.920828000
vt 0.236248000 0.920819000
vt 0.236262000 0.920811000
vt 0.236255000 0.920799000
vt 0.236288000 0.920798000
vt 0.236282000 0.920817000
vt 0.236290000 0.920449000
vt 0.236280000 0.920437000
vt 0.236314000 0.920434000
vt 0.236312000 0.920453000
vt 0.236318000 0.920468000
vt 0.236279000 0.920457000
vt 0.236270000 0.920465000
vt 0.236279000 0.920478000
vt 0.236643000 0.920993000
vt 0.236653000 0.921005000
vt 0.236700000 0.921017000
vt 0.236710000 0.921002000
vt 0.236729000 0.921020000
vt 0.236708000 0.921032000
vt 0.236687000 0.921055000
vt 0.236682000 0.921017000
vt 0.236157000 0.920493000
vt 0.236160000 0.920479000
vt 0.236172000 0.920497000
vt 0.236141000 0.920519000
vt 0.236140000 0.920505000
vt 0.236128000 0.920488000
vt 0.236662000 0.921019000
vt 0.236650000 0.921035000
vt 0.236638000 0.921049000
vt 0.236647000 0.921062000
vt 0.236718000 0.921043000
vt 0.236737000 0.921040000
vt 0.236741000 0.921061000
vt 0.236711000 0.921054000
vt 0.236118000 0.920546000
vt 0.236120000 0.920527000
vt 0.236133000 0.920554000
vt 0.236104000 0.920580000
vt 0.236101000 0.920558000
vt 0.236088000 0.920532000
vt 0.236657000 0.921074000
vt 0.236678000 0.921073000
vt 0.236675000 0.921098000
vt 0.236645000 0.921088000
vt 0.236088000 0.920609000
vt 0.236087000 0.920591000
vt 0.236103000 0.920616000
vt 0.236187000 0.920505000
vt 0.236185000 0.920523000
vt 0.236184000 0.920541000
vt 0.236200000 0.920550000
vt 0.236182000 0.920579000
vt 0.236166000 0.920551000
vt 0.236149000 0.920562000
vt 0.236148000 0.920581000
vt 0.236148000 0.920600000
vt 0.236165000 0.920609000
vt 0.236150000 0.920638000
vt 0.236132000 0.920612000
vt 0.236118000 0.920623000
vt 0.236120000 0.920641000
vt 0.236123000 0.920657000
vt 0.236139000 0.920664000
vt 0.236791000 0.921083000
vt 0.236783000 0.921069000
vt 0.266341000 0.922403000
vt 0.266324000 0.922382000
vt 0.266344000 0.922373000
vt 0.266363000 0.922397000
vt 0.266377000 0.922422000
vt 0.266354000 0.922426000
vt 0.266332000 0.922431000
vt 0.266323000 0.922409000
vt 0.266304000 0.922388000
vt 0.265737000 0.923228000
vt 0.265744000 0.923249000
vt 0.265717000 0.923258000
vt 0.265709000 0.923234000
vt 0.265703000 0.923208000
vt 0.265731000 0.923205000
vt 0.265760000 0.923202000
vt 0.265764000 0.923222000
vt 0.265771000 0.923241000
vt 0.266477000 0.922458000
vt 0.266476000 0.922478000
vt 0.266455000 0.922484000
vt 0.266450000 0.922463000
vt 0.266450000 0.922434000
vt 0.266477000 0.922432000
vt 0.266503000 0.922431000
vt 0.266503000 0.922453000
vt 0.266497000 0.922471000
vt 0.266477000 0.922405000
vt 0.266450000 0.922403000
vt 0.266450000 0.922372000
vt 0.266477000 0.922377000
vt 0.266503000 0.922381000
vt 0.266503000 0.922406000
vt 0.265737000 0.923127000
vt 0.265731000 0.923151000
vt 0.265703000 0.923147000
vt 0.265709000 0.923120000
vt 0.265717000 0.923095000
vt 0.265744000 0.923104000
vt 0.265771000 0.923113000
vt 0.265764000 0.923133000
vt 0.265760000 0.923154000
vt 0.266360000 0.922452000
vt 0.266383000 0.922452000
vt 0.266380000 0.922483000
vt 0.266357000 0.922480000
vt 0.266330000 0.922483000
vt 0.266339000 0.922455000
vt 0.266345000 0.922504000
vt 0.266367000 0.922510000
vt 0.266350000 0.922536000
vt 0.266330000 0.922527000
vt 0.266310000 0.922518000
vt 0.266324000 0.922498000
vt 0.265729000 0.923178000
vt 0.265701000 0.923178000
vt 0.265758000 0.923178000
vt 0.266474000 0.922487000
vt 0.266471000 0.922492000
vt 0.266493000 0.922494000
vt 0.266472000 0.922492000
vt 0.266477000 0.922482000
vt 0.266450000 0.922490000
vt 0.236834000 0.920918000
vt 0.236819000 0.920929000
vt 0.236796000 0.920908000
vt 0.236833000 0.920899000
vt 0.236874000 0.920868000
vt 0.236855000 0.920872000
vt 0.236846000 0.920847000
vt 0.236879000 0.920854000
vt 0.236857000 0.920816000
vt 0.236836000 0.920821000
vt 0.236828000 0.920797000
vt 0.236862000 0.920801000
vt 0.236899000 0.920809000
vt 0.236871000 0.920827000
vt 0.236361000 0.920764000
vt 0.236344000 0.920763000
vt 0.236376000 0.920751000
vt 0.236399000 0.920766000
vt 0.236361000 0.920777000
vt 0.236327000 0.920787000
vt 0.236885000 0.920839000
vt 0.236907000 0.920837000
vt 0.236932000 0.920838000
vt 0.236941000 0.920825000
vt 0.236868000 0.920787000
vt 0.236853000 0.920777000
vt 0.236883000 0.920767000
vt 0.236889000 0.920784000
vt 0.236911000 0.920782000
vt 0.236917000 0.920770000
vt 0.236951000 0.920781000
vt 0.236927000 0.920795000
vt 0.236946000 0.920810000
vt 0.236967000 0.920811000
vt 0.236983000 0.920811000
vt 0.236981000 0.920794000
vt 0.237009000 0.920808000
vt 0.236998000 0.920826000
vt 0.236390000 0.920736000
vt 0.236408000 0.920732000
vt 0.236430000 0.920720000
vt 0.236445000 0.920697000
vt 0.236479000 0.920692000
vt 0.236441000 0.920727000
vt 0.236459000 0.920734000
vt 0.236449000 0.920757000
vt 0.236488000 0.920722000
vt 0.236498000 0.920752000
vt 0.236510000 0.920717000
vt 0.236514000 0.920700000
vt 0.236546000 0.920711000
vt 0.236524000 0.920730000
vt 0.236538000 0.920740000
vt 0.236535000 0.920754000
vt 0.236555000 0.920736000
vt 0.236562000 0.920753000
vt 0.236569000 0.920730000
vt 0.236573000 0.920716000
vt 0.236582000 0.920739000
vt 0.236581000 0.920702000
vt 0.236571000 0.920693000
vt 0.236519000 0.920683000
vt 0.236506000 0.920668000
vt 0.236539000 0.920681000
vt 0.236454000 0.920672000
vt 0.236443000 0.920664000
vt 0.236468000 0.920625000
vt 0.236473000 0.920658000
vt 0.236559000 0.920679000
vt 0.236642000 0.920603000
vt 0.236638000 0.920628000
vt 0.236626000 0.920623000
vt 0.236629000 0.920605000
vt 0.236493000 0.920652000
vt 0.236500000 0.920634000
vt 0.236508000 0.920616000
vt 0.236496000 0.920600000
vt 0.236527000 0.920614000
vt 0.236621000 0.920647000
vt 0.236614000 0.920637000
vt 0.236541000 0.920613000
vt 0.236554000 0.920612000
vt 0.236433000 0.920657000
vt 0.236441000 0.920632000
vt 0.236449000 0.920605000
vt 0.236441000 0.920594000
vt 0.236466000 0.920554000
vt 0.236466000 0.920590000
vt 0.236485000 0.920584000
vt 0.236495000 0.920566000
vt 0.236505000 0.920548000
vt 0.236495000 0.920533000
vt 0.236525000 0.920516000
vt 0.236525000 0.920547000
vt 0.236544000 0.920545000
vt 0.236554000 0.920529000
vt 0.236562000 0.920515000
vt 0.236553000 0.920502000
vt 0.236547000 0.920488000
vt 0.236531000 0.920487000
vt 0.236488000 0.920517000
vt 0.236470000 0.920519000
vt 0.236465000 0.920478000
vt 0.236500000 0.920501000
vt 0.236433000 0.920574000
vt 0.236416000 0.920587000
vt 0.236412000 0.920540000
vt 0.236442000 0.920544000
vt 0.236513000 0.920487000
vt 0.236508000 0.920473000
vt 0.236504000 0.920460000
vt 0.236486000 0.920460000
vt 0.236497000 0.920434000
vt 0.236518000 0.920446000
vt 0.236452000 0.920522000
vt 0.236440000 0.920512000
vt 0.236416000 0.920512000
vt 0.236388000 0.920526000
vt 0.236358000 0.920518000
vt 0.236412000 0.920503000
vt 0.236401000 0.920494000
vt 0.236423000 0.920480000
vt 0.236368000 0.920495000
vt 0.236376000 0.920476000
vt 0.236345000 0.920489000
vt 0.236332000 0.920497000
vt 0.236340000 0.920474000
vt 0.236399000 0.920603000
vt 0.236387000 0.920586000
vt 0.236368000 0.920580000
vt 0.236347000 0.920601000
vt 0.236327000 0.920573000
vt 0.236369000 0.920556000
vt 0.236366000 0.920542000
vt 0.236342000 0.920545000
vt 0.236323000 0.920540000
vt 0.236307000 0.920549000
vt 0.236288000 0.920523000
vt 0.236321000 0.920522000
vt 0.236318000 0.920505000
vt 0.236300000 0.920498000
vt 0.236284000 0.920493000
vt 0.236270000 0.920501000
vt 0.236836000 0.920881000
vt 0.236822000 0.920874000
vt 0.236773000 0.920880000
vt 0.236770000 0.920897000
vt 0.236741000 0.920891000
vt 0.236760000 0.920868000
vt 0.236780000 0.920845000
vt 0.236789000 0.920873000
vt 0.236186000 0.920761000
vt 0.236171000 0.920766000
vt 0.236183000 0.920746000
vt 0.236218000 0.920749000
vt 0.236204000 0.920769000
vt 0.236196000 0.920784000
vt 0.236808000 0.920865000
vt 0.236812000 0.920846000
vt 0.236817000 0.920828000
vt 0.236803000 0.920820000
vt 0.236222000 0.920779000
vt 0.236224000 0.920793000
vt 0.236237000 0.920773000
vt 0.236256000 0.920796000
vt 0.236255000 0.920766000
vt 0.236255000 0.920750000
vt 0.236293000 0.920748000
vt 0.236274000 0.920773000
vt 0.236292000 0.920779000
vt 0.236291000 0.920794000
vt 0.236310000 0.920769000
vt 0.236327000 0.920759000
vt 0.236327000 0.920744000
vt 0.236183000 0.920730000
vt 0.236201000 0.920722000
vt 0.236219000 0.920714000
vt 0.236220000 0.920696000
vt 0.236255000 0.920697000
vt 0.236236000 0.920723000
vt 0.236255000 0.920732000
vt 0.236274000 0.920723000
vt 0.236292000 0.920714000
vt 0.236292000 0.920697000
vt 0.236310000 0.920722000
vt 0.236327000 0.920728000
vt 0.236343000 0.920717000
vt 0.236356000 0.920706000
vt 0.236254000 0.920509000
vt 0.236254000 0.920524000
vt 0.236289000 0.920559000
vt 0.236289000 0.920576000
vt 0.236253000 0.920577000
vt 0.236271000 0.920550000
vt 0.236251000 0.920660000
vt 0.236268000 0.920676000
vt 0.236236000 0.920668000
vt 0.236217000 0.920638000
vt 0.236244000 0.920638000
vt 0.236260000 0.920637000
vt 0.236265000 0.920652000
vt 0.236276000 0.920662000
vt 0.236254000 0.920541000
vt 0.236236000 0.920550000
vt 0.236218000 0.920560000
vt 0.236217000 0.920578000
vt 0.236250000 0.920616000
vt 0.236235000 0.920607000
vt 0.236266000 0.920599000
vt 0.236275000 0.920612000
vt 0.236264000 0.920623000
vt 0.236331000 0.920658000
vt 0.236337000 0.920635000
vt 0.236315000 0.920675000
vt 0.236306000 0.920661000
vt 0.236317000 0.920650000
vt 0.236321000 0.920636000
vt 0.236217000 0.920598000
vt 0.236200000 0.920608000
vt 0.236183000 0.920618000
vt 0.236184000 0.920638000
vt 0.236330000 0.920613000
vt 0.236313000 0.920597000
vt 0.236316000 0.920622000
vt 0.236305000 0.920611000
vt 0.236291000 0.920681000
vt 0.236291000 0.920665000
vt 0.236290000 0.920592000
vt 0.236290000 0.920608000
vt 0.236219000 0.920677000
vt 0.236202000 0.920667000
vt 0.236184000 0.920657000
vt 0.236168000 0.920666000
vt 0.236154000 0.920673000
vt 0.266235000 0.922591000
vt 0.266247000 0.922594000
vt 0.266225000 0.922599000
vt 0.266218000 0.922581000
vt 0.266234000 0.922578000
vt 0.266266000 0.922586000
vt 0.266235000 0.922565000
vt 0.266225000 0.922559000
vt 0.266241000 0.922543000
vt 0.266247000 0.922557000
vt 0.266259000 0.922551000
vt 0.266261000 0.922539000
vt 0.266269000 0.922559000
vt 0.266286000 0.922621000
vt 0.266319000 0.922696000
vt 0.266271000 0.922596000
vt 0.266259000 0.922594000
vt 0.266332000 0.922596000
vt 0.266315000 0.922591000
vt 0.266312000 0.922570000
vt 0.266338000 0.922588000
vt 0.266365000 0.922606000
vt 0.266342000 0.922610000
vt 0.266325000 0.922613000
vt 0.266332000 0.922555000
vt 0.266315000 0.922552000
vt 0.266323000 0.922536000
vt 0.266344000 0.922548000
vt 0.266360000 0.922563000
vt 0.266338000 0.922565000
vt 0.266349000 0.922624000
vt 0.266341000 0.922632000
vt 0.266362000 0.922628000
vt 0.266360000 0.922650000
vt 0.266243000 0.923113000
vt 0.266260000 0.923111000
vt 0.266271000 0.923133000
vt 0.266242000 0.923126000
vt 0.266213000 0.923120000
vt 0.266229000 0.923104000
vt 0.266248000 0.923091000
vt 0.266346000 0.922578000
vt 0.266365000 0.922583000
vt 0.266267000 0.923164000
vt 0.266281000 0.923158000
vt 0.266291000 0.923179000
vt 0.266264000 0.923181000
vt 0.266240000 0.923176000
vt 0.266255000 0.923153000
vt 0.266241000 0.923141000
vt 0.266227000 0.923147000
vt 0.266215000 0.923153000
vt 0.266216000 0.923170000
vt 0.266199000 0.923165000
vt 0.266203000 0.923141000
vt 0.266300000 0.923200000
vt 0.266304000 0.923187000
vt 0.266289000 0.923207000
vt 0.266276000 0.923217000
vt 0.266269000 0.923232000
vt 0.266248000 0.923233000
vt 0.266268000 0.923210000
vt 0.266259000 0.923200000
vt 0.266245000 0.923205000
vt 0.266233000 0.923209000
vt 0.266229000 0.923225000
vt 0.266213000 0.923210000
vt 0.266225000 0.923195000
vt 0.266215000 0.923185000
vt 0.266203000 0.923189000
vt 0.266309000 0.922414000
vt 0.266310000 0.922427000
vt 0.266286000 0.922425000
vt 0.266297000 0.922407000
vt 0.266326000 0.922461000
vt 0.266322000 0.922477000
vt 0.266311000 0.922482000
vt 0.266319000 0.922452000
vt 0.266285000 0.922400000
vt 0.266283000 0.922387000
vt 0.266273000 0.922404000
vt 0.266262000 0.922389000
vt 0.266258000 0.922407000
vt 0.266256000 0.922419000
vt 0.266227000 0.922415000
vt 0.266243000 0.922398000
vt 0.266310000 0.922443000
vt 0.266297000 0.922450000
vt 0.266284000 0.922457000
vt 0.266281000 0.922474000
vt 0.266256000 0.922469000
vt 0.266271000 0.922446000
vt 0.266256000 0.922435000
vt 0.266242000 0.922441000
vt 0.266231000 0.922447000
vt 0.266233000 0.922464000
vt 0.266215000 0.922460000
vt 0.266218000 0.922436000
vt 0.266468000 0.923272000
vt 0.266463000 0.923262000
vt 0.266477000 0.923245000
vt 0.266477000 0.923269000
vt 0.266477000 0.923292000
vt 0.266463000 0.923286000
vt 0.266449000 0.923279000
vt 0.266295000 0.922508000
vt 0.266308000 0.922497000
vt 0.266289000 0.922524000
vt 0.266268000 0.922525000
vt 0.266286000 0.922502000
vt 0.266277000 0.922492000
vt 0.266263000 0.922498000
vt 0.266251000 0.922502000
vt 0.266248000 0.922518000
vt 0.266231000 0.922504000
vt 0.266242000 0.922489000
vt 0.266232000 0.922479000
vt 0.266219000 0.922484000
vt 0.266379000 0.923189000
vt 0.266380000 0.923205000
vt 0.266359000 0.923203000
vt 0.266364000 0.923179000
vt 0.266371000 0.923155000
vt 0.266390000 0.923181000
vt 0.266414000 0.923212000
vt 0.265580000 0.923128000
vt 0.265595000 0.923124000
vt 0.265608000 0.923150000
vt 0.265578000 0.923142000
vt 0.265547000 0.923132000
vt 0.265565000 0.923116000
vt 0.265584000 0.923105000
vt 0.265603000 0.923182000
vt 0.265617000 0.923175000
vt 0.265618000 0.923208000
vt 0.265600000 0.923198000
vt 0.265575000 0.923194000
vt 0.265592000 0.923172000
vt 0.266431000 0.923190000
vt 0.266429000 0.923205000
vt 0.266420000 0.923182000
vt 0.266439000 0.923156000
vt 0.266442000 0.923180000
vt 0.266449000 0.923203000
vt 0.265577000 0.923159000
vt 0.265562000 0.923163000
vt 0.265546000 0.923167000
vt 0.265545000 0.923185000
vt 0.265518000 0.923174000
vt 0.265531000 0.923152000
vt 0.265595000 0.923214000
vt 0.265604000 0.923223000
vt 0.265583000 0.923239000
vt 0.265580000 0.923221000
vt 0.265564000 0.923227000
vt 0.265558000 0.923243000
vt 0.265535000 0.923243000
vt 0.265553000 0.923216000
vt 0.265542000 0.923203000
vt 0.265526000 0.923207000
vt 0.265517000 0.923212000
vt 0.265516000 0.923229000
vt 0.265506000 0.923221000
vt 0.265510000 0.923198000
vt 0.266405000 0.923173000
vt 0.266402000 0.923157000
vt 0.266400000 0.923141000
vt 0.266382000 0.923133000
vt 0.266395000 0.923113000
vt 0.266414000 0.923133000
vt 0.266426000 0.923123000
vt 0.266442000 0.923129000
vt 0.266423000 0.923108000
vt 0.266444000 0.923106000
vt 0.266423000 0.923098000
vt 0.266410000 0.923096000
vt 0.266426000 0.923082000
vt 0.266437000 0.923092000
vt 0.265515000 0.923242000
vt 0.265520000 0.923252000
vt 0.265509000 0.923263000
vt 0.265506000 0.923243000
vt 0.265606000 0.923116000
vt 0.265604000 0.923099000
vt 0.265628000 0.923102000
vt 0.265618000 0.923124000
vt 0.265663000 0.923129000
vt 0.265662000 0.923118000
vt 0.265691000 0.923142000
vt 0.265679000 0.923146000
vt 0.265661000 0.923155000
vt 0.265646000 0.923127000
vt 0.265632000 0.923133000
vt 0.265635000 0.923151000
vt 0.265632000 0.923167000
vt 0.265642000 0.923176000
vt 0.265689000 0.923162000
vt 0.265701000 0.923167000
vt 0.265699000 0.923192000
vt 0.265682000 0.923173000
vt 0.265674000 0.923185000
vt 0.265678000 0.923200000
vt 0.265654000 0.923219000
vt 0.265661000 0.923183000
vt 0.265648000 0.923187000
vt 0.265641000 0.923202000
vt 0.265635000 0.923210000
vt 0.265640000 0.923216000
vt 0.265624000 0.923222000
vt 0.265623000 0.923210000
vt 0.265682000 0.923213000
vt 0.265695000 0.923215000
vt 0.265687000 0.923235000
vt 0.265674000 0.923225000
vt 0.265670000 0.923238000
vt 0.265677000 0.923251000
vt 0.265666000 0.923265000
vt 0.265661000 0.923238000
vt 0.266393000 0.923235000
vt 0.266410000 0.923229000
vt 0.266411000 0.923250000
vt 0.266385000 0.923249000
vt 0.266366000 0.923242000
vt 0.266384000 0.923227000
vt 0.266375000 0.923220000
vt 0.266359000 0.923226000
vt 0.266181000 0.923056000
vt 0.266181000 0.923036000
vt 0.266194000 0.923036000
vt 0.266194000 0.923056000
vt 0.266194000 0.923074000
vt 0.266181000 0.923074000
vt 0.266168000 0.923074000
vt 0.266168000 0.923056000
vt 0.266168000 0.923036000
vt 0.266332000 0.922673000
vt 0.266332000 0.922653000
vt 0.266345000 0.922653000
vt 0.266345000 0.922673000
vt 0.266345000 0.922693000
vt 0.266332000 0.922693000
vt 0.266319000 0.922693000
vt 0.266319000 0.922673000
vt 0.266331000 0.922650000
vt 0.266181000 0.923122000
vt 0.266181000 0.923139000
vt 0.266168000 0.923139000
vt 0.266168000 0.923122000
vt 0.266168000 0.923106000
vt 0.266181000 0.923106000
vt 0.266194000 0.923106000
vt 0.266194000 0.923122000
vt 0.266194000 0.923139000
vt 0.266181000 0.923157000
vt 0.266181000 0.923176000
vt 0.266168000 0.923176000
vt 0.266168000 0.923157000
vt 0.266194000 0.923157000
vt 0.266194000 0.923176000
vt 0.266181000 0.923091000
vt 0.266194000 0.923091000
vt 0.266194000 0.923106000
vt 0.266181000 0.923106000
vt 0.266168000 0.923106000
vt 0.266168000 0.923090000
vt 0.266357000 0.922673000
vt 0.266357000 0.922693000
vt 0.266345000 0.922693000
vt 0.266345000 0.922673000
vt 0.266345000 0.922652000
vt 0.266357000 0.922653000
vt 0.266368000 0.922652000
vt 0.266371000 0.922669000
vt 0.266378000 0.922682000
vt 0.266417000 0.922639000
vt 0.266415000 0.922648000
vt 0.266399000 0.922653000
vt 0.266413000 0.922627000
vt 0.266433000 0.922616000
vt 0.266444000 0.922611000
vt 0.266435000 0.922602000
vt 0.266441000 0.922592000
vt 0.266417000 0.922606000
vt 0.266414000 0.922593000
vt 0.266388000 0.922619000
vt 0.266376000 0.922633000
vt 0.266371000 0.922617000
vt 0.266387000 0.922656000
vt 0.266393000 0.922643000
vt 0.266392000 0.922639000
vt 0.266377000 0.922648000
vt 0.266374000 0.922645000
vt 0.266393000 0.922636000
vt 0.266375000 0.922639000
vt 0.266352000 0.922648000
vt 0.265781000 0.923166000
vt 0.265780000 0.923176000
vt 0.265771000 0.923175000
vt 0.265771000 0.923163000
vt 0.265772000 0.923153000
vt 0.265781000 0.923156000
vt 0.265790000 0.923160000
vt 0.265790000 0.923168000
vt 0.265790000 0.923177000
vt 0.265782000 0.923136000
vt 0.265783000 0.923149000
vt 0.265774000 0.923153000
vt 0.265772000 0.923138000
vt 0.265771000 0.923124000
vt 0.265781000 0.923130000
vt 0.265791000 0.923136000
vt 0.265792000 0.923135000
vt 0.265793000 0.923145000
vt 0.265781000 0.923190000
vt 0.265781000 0.923204000
vt 0.265772000 0.923207000
vt 0.265771000 0.923190000
vt 0.265790000 0.923189000
vt 0.265790000 0.923201000
vt 0.266374000 0.922553000
vt 0.266374000 0.922539000
vt 0.266382000 0.922536000
vt 0.266382000 0.922553000
vt 0.266382000 0.922569000
vt 0.266373000 0.922568000
vt 0.266365000 0.922567000
vt 0.266365000 0.922554000
vt 0.266365000 0.922542000
vt 0.266373000 0.922584000
vt 0.266381000 0.922585000
vt 0.266380000 0.922601000
vt 0.266373000 0.922601000
vt 0.266365000 0.922600000
vt 0.266365000 0.922583000
vt 0.265781000 0.923136000
vt 0.265772000 0.923109000
vt 0.265774000 0.923095000
vt 0.265782000 0.923148000
vt 0.265790000 0.923162000
vt 0.266249000 0.922660000
vt 0.266257000 0.922660000
vt 0.266254000 0.922670000
vt 0.266246000 0.922666000
vt 0.266234000 0.922661000
vt 0.266246000 0.922654000
vt 0.266254000 0.922649000
vt 0.266242000 0.922648000
vt 0.266245000 0.922641000
vt 0.266234000 0.922648000
vt 0.266234000 0.922638000
vt 0.266227000 0.922648000
vt 0.266223000 0.922654000
vt 0.266214000 0.922649000
vt 0.266222000 0.922642000
vt 0.266242000 0.922673000
vt 0.266245000 0.922678000
vt 0.266234000 0.922682000
vt 0.266234000 0.922673000
vt 0.266227000 0.922673000
vt 0.266222000 0.922679000
vt 0.266214000 0.922671000
vt 0.266223000 0.922667000
vt 0.266219000 0.922661000
vt 0.266211000 0.922660000
vt 0.236364000 0.920667000
vt 0.236375000 0.920673500
vt 0.236367000 0.920687500
vt 0.236356000 0.920681000
vt 0.236365500 0.920677250
vt 0.236356000 0.920681000
vt 0.236341000 0.920692500
vt 0.236336000 0.920680000
vt 0.236351000 0.920668500
vt 0.236346000 0.920680500
vt 0.236351000 0.920668500
vt 0.236354000 0.920649000
vt 0.236367000 0.920647500
vt 0.236364000 0.920667000
vt 0.236359000 0.920658000
vt 0.236146000 0.920711500
vt 0.236134000 0.920701000
vt 0.236143000 0.920689500
vt 0.236155000 0.920700000
vt 0.236144500 0.920700500
vt 0.236155000 0.920700000
vt 0.236170500 0.920692500
vt 0.236176000 0.920707000
vt 0.236160500 0.920714500
vt 0.236165500 0.920703500
vt 0.236160500 0.920714500
vt 0.236156500 0.920733000
vt 0.236142000 0.920730000
vt 0.236146000 0.920711500
vt 0.236151250 0.920722250
vt 0.236391500 0.920660500
vt 0.236388000 0.920675500
vt 0.236375000 0.920673500
vt 0.236378500 0.920658500
vt 0.236383250 0.920667000
vt 0.236378500 0.920658500
vt 0.236367000 0.920647500
vt 0.236377000 0.920633500
vt 0.236388500 0.920644500
vt 0.236377750 0.920646000
vt 0.236388500 0.920644500
vt 0.236404000 0.920636000
vt 0.236407000 0.920652000
vt 0.236391500 0.920660500
vt 0.236397750 0.920648250
vt 0.236400500 0.920687500
vt 0.236388000 0.920690500
vt 0.236388000 0.920675500
vt 0.236400500 0.920672500
vt 0.236394250 0.920681500
vt 0.236400500 0.920672500
vt 0.236407000 0.920652000
vt 0.236417500 0.920655000
vt 0.236411000 0.920675500
vt 0.236409000 0.920663750
vt 0.236411000 0.920675500
vt 0.236417000 0.920687500
vt 0.236406500 0.920699500
vt 0.236400500 0.920687500
vt 0.236408750 0.920687500
vt 0.236378500 0.920710000
vt 0.236375000 0.920697500
vt 0.236388000 0.920690500
vt 0.236391500 0.920703000
vt 0.236383250 0.920700250
vt 0.236391500 0.920703000
vt 0.236406500 0.920699500
vt 0.236402000 0.920713000
vt 0.236387000 0.920716500
vt 0.236396750 0.920708000
vt 0.236387000 0.920716500
vt 0.236373500 0.920729500
vt 0.236365000 0.920723000
vt 0.236378500 0.920710000
vt 0.236376000 0.920719750
vt 0.236116500 0.920708500
vt 0.236120500 0.920694500
vt 0.236134000 0.920701000
vt 0.236130000 0.920715000
vt 0.236125250 0.920704750
vt 0.236130000 0.920715000
vt 0.236142000 0.920730000
vt 0.236132500 0.920738000
vt 0.236120500 0.920723000
vt 0.236131250 0.920726500
vt 0.236120500 0.920723000
vt 0.236106000 0.920724500
vt 0.236102000 0.920710000
vt 0.236116500 0.920708500
vt 0.236111250 0.920716500
vt 0.236222500 0.920484500
vt 0.236238000 0.920480000
vt 0.236244500 0.920492000
vt 0.236229000 0.920496500
vt 0.236233500 0.920488250
vt 0.236229000 0.920496500
vt 0.236228000 0.920512000
vt 0.236212000 0.920510000
vt 0.236213000 0.920494500
vt 0.236220500 0.920503250
vt 0.236213000 0.920494500
vt 0.236197500 0.920482500
vt 0.236207000 0.920472500
vt 0.236222500 0.920484500
vt 0.236210000 0.920483500
vt 0.236584500 0.920470000
vt 0.236586000 0.920482500
vt 0.236569500 0.920484000
vt 0.236568000 0.920471500
vt 0.236577000 0.920477000
vt 0.236568000 0.920471500
vt 0.236551500 0.920465500
vt 0.236558500 0.920455500
vt 0.236575000 0.920461500
vt 0.236563250 0.920463500
vt 0.236575000 0.920461500
vt 0.236589000 0.920458000
vt 0.236598500 0.920466500
vt 0.236584500 0.920470000
vt 0.236586750 0.920464000
vt 0.236619000 0.920695000
vt 0.236611500 0.920708500
vt 0.236599000 0.920707500
vt 0.236606500 0.920694000
vt 0.236609000 0.920701250
vt 0.236606500 0.920694000
vt 0.236598000 0.920686000
vt 0.236611000 0.920676500
vt 0.236619500 0.920684500
vt 0.236608750 0.920685250
vt 0.236619500 0.920684500
vt 0.236636500 0.920680000
vt 0.236636000 0.920690500
vt 0.236619000 0.920695000
vt 0.236627750 0.920687500
vt 0.236891000 0.920903500
vt 0.236874500 0.920903500
vt 0.236874500 0.920888500
vt 0.236891000 0.920888500
vt 0.236882750 0.920896000
vt 0.236891000 0.920888500
vt 0.236899500 0.920873000
vt 0.236913500 0.920880500
vt 0.236905000 0.920896000
vt 0.236902250 0.920884500
vt 0.236905000 0.920896000
vt 0.236913500 0.920912000
vt 0.236899500 0.920919500
vt 0.236891000 0.920903500
vt 0.236902250 0.920907750
vt 0.236108000 0.920676000
vt 0.236121000 0.920678500
vt 0.236120500 0.920694500
vt 0.236107500 0.920692000
vt 0.236114250 0.920685250
vt 0.236107500 0.920692000
vt 0.236102000 0.920710000
vt 0.236092000 0.920699500
vt 0.236097500 0.920681500
vt 0.236099750 0.920695750
vt 0.236097500 0.920681500
vt 0.236092000 0.920663500
vt 0.236102500 0.920658000
vt 0.236108000 0.920676000
vt 0.236100000 0.920669750
vt 0.236240000 0.920463500
vt 0.236251000 0.920473000
vt 0.236238000 0.920480000
vt 0.236227000 0.920470500
vt 0.236239000 0.920471750
vt 0.236227000 0.920470500
vt 0.236207000 0.920472500
vt 0.236204500 0.920461500
vt 0.236224500 0.920459500
vt 0.236215750 0.920466000
vt 0.236224500 0.920459500
vt 0.236233500 0.920449000
vt 0.236249000 0.920453000
vt 0.236240000 0.920463500
vt 0.236236750 0.920456250
vt 0.236607000 0.920489500
vt 0.236592500 0.920494500
vt 0.236586000 0.920482500
vt 0.236600500 0.920477500
vt 0.236596500 0.920486000
vt 0.236600500 0.920477500
vt 0.236598500 0.920466500
vt 0.236613500 0.920469000
vt 0.236615500 0.920480000
vt 0.236607000 0.920473250
vt 0.236615500 0.920480000
vt 0.236631000 0.920485500
vt 0.236622500 0.920495000
vt 0.236607000 0.920489500
vt 0.236619000 0.920487500
vt 0.236862000 0.920924500
vt 0.236857500 0.920909500
vt 0.236874500 0.920903500
vt 0.236879000 0.920918500
vt 0.236868250 0.920914000
vt 0.236879000 0.920918500
vt 0.236899500 0.920919500
vt 0.236895000 0.920934500
vt 0.236874500 0.920933500
vt 0.236887000 0.920926500
vt 0.236874500 0.920933500
vt 0.236856000 0.920948000
vt 0.236843500 0.920939000
vt 0.236862000 0.920924500
vt 0.236859000 0.920936250
vt 0.236602000 0.920952500
vt 0.236617500 0.920958000
vt 0.236611000 0.920972000
vt 0.236595500 0.920966500
vt 0.236606500 0.920962250
vt 0.236595500 0.920966500
vt 0.236582000 0.920978000
vt 0.236572500 0.920966000
vt 0.236586000 0.920954500
vt 0.236584000 0.920966250
vt 0.236586000 0.920954500
vt 0.236585500 0.920936500
vt 0.236601500 0.920934500
vt 0.236602000 0.920952500
vt 0.236593750 0.920944500
vt 0.236289000 0.921015500
vt 0.236277500 0.921005000
vt 0.236290500 0.920993500
vt 0.236302000 0.921004000
vt 0.236289750 0.921004500
vt 0.236302000 0.921004000
vt 0.236319500 0.920996500
vt 0.236322000 0.921011000
vt 0.236304500 0.921018500
vt 0.236312000 0.921007500
vt 0.236304500 0.921018500
vt 0.236296000 0.921035500
vt 0.236280500 0.921032500
vt 0.236289000 0.921015500
vt 0.236292500 0.921025500
vt 0.236514500 0.921136000
vt 0.236500000 0.921134500
vt 0.236499500 0.921120500
vt 0.236514000 0.921122000
vt 0.236507000 0.921128250
vt 0.236514000 0.921122000
vt 0.236521500 0.921110500
vt 0.236535000 0.921115000
vt 0.236527500 0.921126500
vt 0.236524500 0.921118500
vt 0.236527500 0.921126500
vt 0.236537000 0.921139500
vt 0.236524000 0.921149000
vt 0.236514500 0.921136000
vt 0.236525750 0.921137750
vt 0.236516000 0.921354500
vt 0.236506500 0.921366000
vt 0.236498000 0.921357500
vt 0.236507500 0.921346000
vt 0.236507000 0.921356000
vt 0.236507500 0.921346000
vt 0.236501500 0.921331000
vt 0.236511500 0.921325500
vt 0.236517500 0.921340500
vt 0.236509500 0.921335750
vt 0.236517500 0.921340500
vt 0.236531000 0.921342000
vt 0.236529500 0.921356000
vt 0.236516000 0.921354500
vt 0.236523500 0.921348250
vt 0.236831000 0.921125000
vt 0.236816000 0.921123000
vt 0.236821500 0.921114000
vt 0.236836500 0.921116000
vt 0.236826250 0.921119500
vt 0.236836500 0.921116000
vt 0.236850500 0.921109000
vt 0.236860000 0.921117500
vt 0.236846000 0.921124500
vt 0.236848250 0.921116750
vt 0.236846000 0.921124500
vt 0.236849500 0.921133500
vt 0.236834500 0.921134000
vt 0.236831000 0.921125000
vt 0.236840250 0.921129250
vt 0.266477000 0.922712500
vt 0.266484000 0.922692500
vt 0.266491500 0.922710500
vt 0.266484500 0.922730500
vt 0.266484250 0.922711500
vt 0.266484500 0.922730500
vt 0.266492000 0.922746500
vt 0.266484500 0.922761500
vt 0.266477000 0.922745500
vt 0.266484500 0.922746000
vt 0.266477000 0.922745500
vt 0.266470000 0.922759000
vt 0.266463000 0.922745000
vt 0.266470000 0.922731500
vt 0.266470000 0.922745250
vt 0.266470000 0.922731500
vt 0.266462500 0.922714500
vt 0.266469500 0.922695500
vt 0.266477000 0.922712500
vt 0.266469750 0.922713500
vt 0.236705000 0.921337000
vt 0.236712000 0.921349000
vt 0.236699000 0.921359500
vt 0.236692000 0.921347500
vt 0.236702000 0.921348250
vt 0.236692000 0.921347500
vt 0.236674000 0.921351000
vt 0.236674500 0.921336000
vt 0.236692500 0.921332500
vt 0.236683250 0.921341750
vt 0.236692500 0.921332500
vt 0.236697500 0.921318000
vt 0.236710000 0.921322500
vt 0.236705000 0.921337000
vt 0.236701250 0.921327500
vt 0.236696500 0.921392000
vt 0.236701000 0.921401500
vt 0.236686500 0.921412000
vt 0.236682000 0.921402500
vt 0.236691500 0.921402000
vt 0.236682000 0.921402500
vt 0.236663000 0.921410500
vt 0.236666500 0.921398000
vt 0.236685500 0.921390000
vt 0.236674250 0.921400250
vt 0.236685500 0.921390000
vt 0.236697000 0.921374000
vt 0.236708000 0.921376000
vt 0.236696500 0.921392000
vt 0.236696750 0.921383000
vt 0.236683500 0.921303500
vt 0.236697500 0.921302500
vt 0.236697500 0.921318000
vt 0.236683500 0.921319000
vt 0.236690500 0.921310750
vt 0.236683500 0.921319000
vt 0.236674500 0.921336000
vt 0.236661000 0.921330500
vt 0.236670000 0.921313500
vt 0.236672250 0.921324750
vt 0.236670000 0.921313500
vt 0.236664500 0.921297000
vt 0.236678000 0.921287000
vt 0.236683500 0.921303500
vt 0.236674000 0.921300250
vt 0.236651500 0.921316000
vt 0.236661000 0.921330500
vt 0.236646500 0.921340000
vt 0.236637000 0.921325500
vt 0.236649000 0.921328000
vt 0.236637000 0.921325500
vt 0.236617000 0.921326500
vt 0.236617000 0.921310500
vt 0.236637000 0.921309500
vt 0.236627000 0.921318000
vt 0.236637000 0.921309500
vt 0.236650000 0.921290500
vt 0.236664500 0.921297000
vt 0.236651500 0.921316000
vt 0.236650750 0.921303250
vt 0.236681500 0.921364500
vt 0.236699000 0.921359500
vt 0.236697000 0.921374000
vt 0.236679500 0.921379000
vt 0.236689250 0.921369250
vt 0.236679500 0.921379000
vt 0.236666500 0.921398000
vt 0.236654000 0.921393500
vt 0.236667000 0.921374500
vt 0.236666750 0.921386250
vt 0.236667000 0.921374500
vt 0.236659500 0.921361000
vt 0.236674000 0.921351000
vt 0.236681500 0.921364500
vt 0.236670500 0.921362750
vt 0.236647500 0.921377500
vt 0.236654000 0.921393500
vt 0.236637000 0.921402500
vt 0.236630500 0.921386500
vt 0.236642250 0.921390000
vt 0.236630500 0.921386500
vt 0.236610000 0.921388000
vt 0.236612500 0.921373500
vt 0.236633000 0.921372000
vt 0.236621500 0.921380000
vt 0.236633000 0.921372000
vt 0.236645000 0.921355500
vt 0.236659500 0.921361000
vt 0.236647500 0.921377500
vt 0.236646250 0.921366500
vt 0.236626000 0.921342000
vt 0.236646500 0.921340000
vt 0.236645000 0.921355500
vt 0.236624500 0.921357500
vt 0.236635500 0.921348750
vt 0.236624500 0.921357500
vt 0.236612500 0.921373500
vt 0.236597500 0.921366500
vt 0.236609500 0.921350500
vt 0.236611000 0.921362000
vt 0.236609500 0.921350500
vt 0.236600500 0.921335000
vt 0.236617000 0.921326500
vt 0.236626000 0.921342000
vt 0.236613250 0.921338500
vt 0.236589000 0.921351500
vt 0.236597500 0.921366500
vt 0.236581500 0.921374000
vt 0.236573000 0.921359000
vt 0.236585250 0.921362750
vt 0.236573000 0.921359000
vt 0.236554000 0.921358000
vt 0.236555500 0.921342500
vt 0.236574500 0.921343500
vt 0.236564250 0.921350750
vt 0.236574500 0.921343500
vt 0.236586000 0.921327000
vt 0.236600500 0.921335000
vt 0.236589000 0.921351500
vt 0.236587500 0.921339250
vt 0.236873500 0.921137500
vt 0.236860000 0.921141500
vt 0.236849500 0.921133500
vt 0.236863000 0.921129500
vt 0.236861500 0.921135500
vt 0.236863000 0.921129500
vt 0.236860000 0.921117500
vt 0.236877000 0.921116500
vt 0.236880000 0.921128500
vt 0.236870000 0.921123000
vt 0.236880000 0.921128500
vt 0.236896000 0.921130500
vt 0.236889500 0.921139500
vt 0.236873500 0.921137500
vt 0.236884750 0.921134000
vt 0.236896000 0.921120500
vt 0.236877000 0.921116500
vt 0.236883000 0.921105500
vt 0.236902000 0.921109500
vt 0.236889500 0.921113000
vt 0.236902000 0.921109500
vt 0.236920000 0.921100500
vt 0.236931500 0.921108000
vt 0.236913500 0.921117000
vt 0.236916750 0.921108750
vt 0.236913500 0.921117000
vt 0.236913500 0.921127000
vt 0.236896000 0.921130500
vt 0.236896000 0.921120500
vt 0.236904750 0.921123750
vt 0.236617500 0.921401000
vt 0.236637000 0.921402500
vt 0.236634500 0.921415500
vt 0.236615000 0.921414000
vt 0.236626000 0.921408250
vt 0.236615000 0.921414000
vt 0.236603000 0.921423500
vt 0.236589000 0.921417500
vt 0.236601000 0.921408000
vt 0.236602000 0.921415750
vt 0.236601000 0.921408000
vt 0.236593500 0.921395000
vt 0.236610000 0.921388000
vt 0.236617500 0.921401000
vt 0.236605500 0.921398000
vt 0.236581000 0.921407500
vt 0.236589000 0.921417500
vt 0.236572500 0.921423000
vt 0.236564500 0.921413000
vt 0.236576750 0.921415250
vt 0.236564500 0.921413000
vt 0.236544000 0.921414000
vt 0.236546500 0.921401500
vt 0.236567000 0.921400500
vt 0.236555500 0.921407250
vt 0.236567000 0.921400500
vt 0.236579500 0.921388000
vt 0.236593500 0.921395000
vt 0.236581000 0.921407500
vt 0.236580250 0.921397750
vt 0.236561000 0.921373000
vt 0.236581500 0.921374000
vt 0.236579500 0.921388000
vt 0.236559000 0.921387000
vt 0.236570250 0.921380500
vt 0.236559000 0.921387000
vt 0.236546500 0.921401500
vt 0.236533500 0.921393500
vt 0.236546000 0.921379000
vt 0.236546250 0.921390250
vt 0.236546000 0.921379000
vt 0.236539000 0.921364000
vt 0.236554000 0.921358000
vt 0.236561000 0.921373000
vt 0.236550000 0.921368500
vt 0.236530000 0.921377000
vt 0.236533500 0.921393500
vt 0.236521500 0.921398000
vt 0.236518000 0.921381500
vt 0.236525750 0.921387500
vt 0.236518000 0.921381500
vt 0.236504000 0.921378500
vt 0.236506500 0.921366000
vt 0.236520500 0.921369000
vt 0.236512250 0.921373750
vt 0.236520500 0.921369000
vt 0.236529500 0.921356000
vt 0.236539000 0.921364000
vt 0.236530000 0.921377000
vt 0.236529750 0.921366500
vt 0.266475500 0.922614000
vt 0.266483000 0.922583000
vt 0.266491000 0.922610000
vt 0.266483500 0.922641000
vt 0.266483250 0.922612000
vt 0.266483500 0.922641000
vt 0.266491000 0.922665000
vt 0.266484000 0.922692500
vt 0.266476500 0.922668500
vt 0.266483750 0.922666750
vt 0.266476500 0.922668500
vt 0.266469500 0.922695500
vt 0.266461500 0.922672000
vt 0.266468500 0.922645000
vt 0.266469000 0.922670250
vt 0.266468500 0.922645000
vt 0.266460500 0.922617500
vt 0.266467500 0.922586500
vt 0.266475500 0.922614000
vt 0.266468000 0.922615750
vt 0.236627500 0.921293500
vt 0.236617000 0.921310500
vt 0.236602500 0.921302500
vt 0.236613000 0.921285500
vt 0.236615000 0.921298000
vt 0.236613000 0.921285500
vt 0.236603500 0.921268500
vt 0.236618500 0.921259500
vt 0.236628000 0.921276500
vt 0.236615750 0.921272500
vt 0.236628000 0.921276500
vt 0.236650500 0.921273500
vt 0.236650000 0.921290500
vt 0.236627500 0.921293500
vt 0.236639000 0.921283500
vt 0.236565000 0.921327000
vt 0.236555500 0.921342500
vt 0.236541000 0.921334500
vt 0.236550500 0.921319000
vt 0.236553000 0.921330750
vt 0.236550500 0.921319000
vt 0.236540500 0.921303000
vt 0.236555000 0.921295000
vt 0.236565000 0.921311000
vt 0.236552750 0.921307000
vt 0.236565000 0.921311000
vt 0.236586000 0.921311000
vt 0.236586000 0.921327000
vt 0.236565000 0.921327000
vt 0.236575500 0.921319000
vt 0.236652000 0.921251000
vt 0.236664500 0.921265000
vt 0.236650500 0.921273500
vt 0.236638000 0.921259500
vt 0.236651250 0.921262250
vt 0.236638000 0.921259500
vt 0.236618500 0.921259500
vt 0.236618500 0.921242500
vt 0.236638000 0.921242500
vt 0.236628250 0.921251000
vt 0.236638000 0.921242500
vt 0.236650500 0.921229000
vt 0.236664500 0.921237500
vt 0.236652000 0.921251000
vt 0.236651250 0.921240000
vt 0.236628000 0.921225500
vt 0.236618500 0.921242500
vt 0.236603500 0.921233500
vt 0.236613000 0.921216500
vt 0.236615750 0.921229500
vt 0.236613000 0.921216500
vt 0.236602500 0.921199500
vt 0.236617000 0.921191500
vt 0.236627500 0.921208500
vt 0.236615000 0.921204000
vt 0.236627500 0.921208500
vt 0.236650000 0.921212000
vt 0.236650500 0.921229000
vt 0.236628000 0.921225500
vt 0.236639000 0.921218750
vt 0.236592500 0.921286000
vt 0.236602500 0.921302500
vt 0.236586000 0.921311000
vt 0.236576000 0.921294500
vt 0.236589250 0.921298500
vt 0.236576000 0.921294500
vt 0.236555000 0.921295000
vt 0.236555500 0.921278000
vt 0.236576500 0.921277500
vt 0.236565750 0.921286250
vt 0.236576500 0.921277500
vt 0.236587500 0.921260000
vt 0.236603500 0.921268500
vt 0.236592500 0.921286000
vt 0.236590000 0.921273000
vt 0.236565500 0.921260000
vt 0.236555500 0.921278000
vt 0.236539500 0.921269000
vt 0.236549500 0.921251000
vt 0.236552500 0.921264500
vt 0.236549500 0.921251000
vt 0.236538500 0.921234000
vt 0.236554500 0.921225000
vt 0.236565500 0.921242000
vt 0.236552000 0.921238000
vt 0.236565500 0.921242000
vt 0.236587500 0.921242000
vt 0.236587500 0.921260000
vt 0.236565500 0.921260000
vt 0.236576500 0.921251000
vt 0.236592500 0.921216000
vt 0.236603500 0.921233500
vt 0.236587500 0.921242000
vt 0.236576500 0.921224500
vt 0.236590000 0.921229000
vt 0.236576500 0.921224500
vt 0.236554500 0.921225000
vt 0.236554000 0.921207500
vt 0.236576000 0.921207000
vt 0.236565250 0.921216000
vt 0.236576000 0.921207000
vt 0.236586000 0.921190500
vt 0.236602500 0.921199500
vt 0.236592500 0.921216000
vt 0.236589250 0.921203250
vt 0.236565000 0.921190500
vt 0.236554000 0.921207500
vt 0.236537500 0.921201000
vt 0.236548500 0.921184000
vt 0.236551250 0.921195750
vt 0.236548500 0.921184000
vt 0.236537500 0.921169500
vt 0.236554000 0.921160500
vt 0.236565000 0.921175000
vt 0.236551250 0.921172250
vt 0.236565000 0.921175000
vt 0.236586000 0.921175000
vt 0.236586000 0.921190500
vt 0.236565000 0.921190500
vt 0.236575500 0.921182750
vt 0.236534000 0.921319000
vt 0.236541000 0.921334500
vt 0.236531000 0.921342000
vt 0.236524000 0.921326500
vt 0.236532500 0.921330500
vt 0.236524000 0.921326500
vt 0.236511500 0.921325500
vt 0.236511000 0.921310000
vt 0.236523500 0.921311000
vt 0.236517500 0.921318250
vt 0.236523500 0.921311000
vt 0.236530000 0.921295000
vt 0.236540500 0.921303000
vt 0.236534000 0.921319000
vt 0.236532000 0.921307000
vt 0.236515500 0.921295500
vt 0.236511000 0.921310000
vt 0.236500000 0.921302500
vt 0.236504500 0.921288000
vt 0.236507750 0.921299000
vt 0.236504500 0.921288000
vt 0.236493000 0.921274000
vt 0.236501500 0.921266000
vt 0.236513000 0.921280000
vt 0.236503000 0.921277000
vt 0.236513000 0.921280000
vt 0.236527500 0.921279500
vt 0.236530000 0.921295000
vt 0.236515500 0.921295500
vt 0.236521500 0.921287500
vt 0.236530500 0.921252000
vt 0.236539500 0.921269000
vt 0.236527500 0.921279500
vt 0.236518500 0.921262500
vt 0.236529000 0.921265750
vt 0.236518500 0.921262500
vt 0.236501500 0.921266000
vt 0.236499500 0.921249000
vt 0.236516500 0.921245500
vt 0.236509000 0.921255750
vt 0.236516500 0.921245500
vt 0.236524500 0.921227500
vt 0.236538500 0.921234000
vt 0.236530500 0.921252000
vt 0.236527500 0.921239750
vt 0.236503500 0.921232500
vt 0.236499500 0.921249000
vt 0.236481500 0.921246500
vt 0.236485500 0.921230000
vt 0.236492500 0.921239500
vt 0.236485500 0.921230000
vt 0.236466500 0.921222000
vt 0.236479500 0.921210500
vt 0.236498500 0.921218500
vt 0.236482500 0.921220250
vt 0.236498500 0.921218500
vt 0.236519500 0.921213500
vt 0.236524500 0.921227500
vt 0.236503500 0.921232500
vt 0.236511500 0.921223000
vt 0.236524500 0.921188000
vt 0.236537500 0.921201000
vt 0.236519500 0.921213500
vt 0.236506500 0.921200500
vt 0.236522000 0.921200750
vt 0.236506500 0.921200500
vt 0.236479500 0.921210500
vt 0.236479500 0.921195000
vt 0.236506500 0.921185000
vt 0.236493000 0.921197750
vt 0.236506500 0.921185000
vt 0.236519500 0.921166500
vt 0.236537500 0.921169500
vt 0.236524500 0.921188000
vt 0.236522000 0.921177250
vt 0.236498000 0.921171500
vt 0.236479500 0.921195000
vt 0.236466000 0.921190500
vt 0.236484500 0.921167000
vt 0.236482000 0.921181000
vt 0.236484500 0.921167000
vt 0.236482000 0.921147500
vt 0.236500000 0.921134500
vt 0.236502500 0.921154000
vt 0.236492250 0.921150750
vt 0.236502500 0.921154000
vt 0.236524000 0.921149000
vt 0.236519500 0.921166500
vt 0.236498000 0.921171500
vt 0.236511000 0.921160250
vt 0.266280500 0.922603000
vt 0.266295500 0.922597000
vt 0.266290500 0.922610000
vt 0.266275500 0.922616000
vt 0.266285500 0.922606500
vt 0.266275500 0.922616000
vt 0.266266000 0.922627500
vt 0.266248500 0.922630500
vt 0.266258000 0.922619000
vt 0.266262000 0.922623250
vt 0.266258000 0.922619000
vt 0.266241000 0.922620000
vt 0.266250000 0.922608500
vt 0.266267000 0.922607500
vt 0.266254000 0.922613750
vt 0.266267000 0.922607500
vt 0.266275500 0.922600500
vt 0.266289000 0.922596000
vt 0.266280500 0.922603000
vt 0.266278000 0.922601750
vt 0.236637000 0.921192500
vt 0.236617000 0.921191500
vt 0.236617000 0.921176000
vt 0.236637000 0.921177000
vt 0.236627000 0.921184250
vt 0.236637000 0.921177000
vt 0.236646500 0.921163000
vt 0.236661000 0.921172000
vt 0.236651500 0.921186000
vt 0.236649000 0.921174500
vt 0.236651500 0.921186000
vt 0.236664500 0.921205500
vt 0.236650000 0.921212000
vt 0.236637000 0.921192500
vt 0.236650750 0.921199000
vt 0.236574500 0.921159000
vt 0.236554000 0.921160500
vt 0.236552500 0.921145000
vt 0.236573000 0.921143500
vt 0.236563500 0.921152000
vt 0.236573000 0.921143500
vt 0.236581500 0.921128500
vt 0.236597500 0.921136000
vt 0.236589000 0.921151000
vt 0.236585250 0.921139750
vt 0.236589000 0.921151000
vt 0.236600500 0.921167000
vt 0.236586000 0.921175000
vt 0.236574500 0.921159000
vt 0.236587500 0.921163000
vt 0.236683500 0.921199500
vt 0.236678000 0.921216000
vt 0.236664500 0.921205500
vt 0.236670000 0.921189000
vt 0.236674000 0.921202500
vt 0.236670000 0.921189000
vt 0.236661000 0.921172000
vt 0.236674500 0.921167000
vt 0.236683500 0.921184000
vt 0.236672250 0.921178000
vt 0.236683500 0.921184000
vt 0.236701000 0.921187500
vt 0.236701000 0.921203000
vt 0.236683500 0.921199500
vt 0.236692250 0.921193500
vt 0.236255500 0.921142000
vt 0.236234500 0.921144000
vt 0.236235500 0.921131500
vt 0.236256500 0.921129500
vt 0.236245500 0.921136750
vt 0.236256500 0.921129500
vt 0.236271500 0.921116500
vt 0.236286500 0.921121000
vt 0.236271500 0.921134000
vt 0.236271500 0.921125250
vt 0.236271500 0.921134000
vt 0.236281000 0.921145000
vt 0.236265000 0.921153000
vt 0.236255500 0.921142000
vt 0.236268250 0.921143500
vt 0.236626000 0.921160500
vt 0.236617000 0.921176000
vt 0.236600500 0.921167000
vt 0.236609500 0.921151500
vt 0.236613250 0.921163750
vt 0.236609500 0.921151500
vt 0.236597500 0.921136000
vt 0.236612500 0.921129500
vt 0.236624500 0.921145000
vt 0.236611000 0.921140500
vt 0.236624500 0.921145000
vt 0.236645000 0.921147500
vt 0.236646500 0.921163000
vt 0.236626000 0.921160500
vt 0.236635500 0.921154000
vt 0.236192500 0.921116500
vt 0.236171000 0.921115000
vt 0.236171500 0.921100000
vt 0.236193000 0.921101500
vt 0.236182000 0.921108250
vt 0.236193000 0.921101500
vt 0.236204500 0.921087000
vt 0.236220500 0.921095000
vt 0.236209000 0.921109500
vt 0.236206750 0.921098250
vt 0.236209000 0.921109500
vt 0.236219500 0.921124500
vt 0.236203000 0.921131500
vt 0.236192500 0.921116500
vt 0.236206000 0.921120500
vt 0.236247000 0.921117000
vt 0.236235500 0.921131500
vt 0.236219500 0.921124500
vt 0.236231000 0.921110000
vt 0.236233250 0.921120750
vt 0.236231000 0.921110000
vt 0.236220500 0.921095000
vt 0.236236500 0.921087000
vt 0.236247000 0.921102000
vt 0.236233750 0.921098500
vt 0.236247000 0.921102000
vt 0.236271500 0.921101500
vt 0.236271500 0.921116500
vt 0.236247000 0.921117000
vt 0.236259250 0.921109250
vt 0.236257000 0.921086500
vt 0.236236500 0.921087000
vt 0.236236500 0.921072000
vt 0.236257000 0.921071500
vt 0.236246750 0.921079250
vt 0.236257000 0.921071500
vt 0.236267000 0.921055500
vt 0.236282500 0.921062000
vt 0.236272500 0.921078000
vt 0.236269750 0.921066750
vt 0.236272500 0.921078000
vt 0.236287000 0.921093000
vt 0.236271500 0.921101500
vt 0.236257000 0.921086500
vt 0.236272000 0.921089750
vt 0.236561000 0.921129500
vt 0.236552500 0.921145000
vt 0.236537000 0.921139500
vt 0.236545500 0.921124000
vt 0.236549000 0.921134500
vt 0.236545500 0.921124000
vt 0.236535000 0.921115000
vt 0.236548500 0.921107000
vt 0.236559000 0.921116000
vt 0.236547000 0.921115500
vt 0.236559000 0.921116000
vt 0.236579500 0.921115000
vt 0.236581500 0.921128500
vt 0.236561000 0.921129500
vt 0.236570250 0.921122250
vt 0.236131500 0.921079000
vt 0.236113500 0.921079000
vt 0.236114500 0.921063000
vt 0.236132500 0.921063000
vt 0.236123000 0.921071000
vt 0.236132500 0.921063000
vt 0.236143500 0.921048500
vt 0.236157500 0.921059000
vt 0.236146500 0.921073500
vt 0.236145000 0.921061000
vt 0.236146500 0.921073500
vt 0.236155500 0.921090500
vt 0.236140500 0.921096000
vt 0.236131500 0.921079000
vt 0.236143500 0.921084750
vt 0.236183000 0.921085500
vt 0.236171500 0.921100000
vt 0.236155500 0.921090500
vt 0.236167000 0.921076000
vt 0.236169250 0.921088000
vt 0.236167000 0.921076000
vt 0.236157500 0.921059000
vt 0.236174000 0.921052500
vt 0.236183500 0.921069500
vt 0.236170500 0.921064250
vt 0.236183500 0.921069500
vt 0.236205000 0.921071000
vt 0.236204500 0.921087000
vt 0.236183000 0.921085500
vt 0.236194000 0.921078250
vt 0.236194500 0.921054500
vt 0.236174000 0.921052500
vt 0.236175000 0.921036500
vt 0.236195500 0.921038500
vt 0.236184750 0.921045500
vt 0.236195500 0.921038500
vt 0.236206500 0.921023500
vt 0.236221500 0.921033000
vt 0.236210500 0.921048000
vt 0.236208500 0.921035750
vt 0.236210500 0.921048000
vt 0.236221000 0.921064500
vt 0.236205000 0.921071000
vt 0.236194500 0.921054500
vt 0.236207750 0.921059500
vt 0.236247000 0.921056500
vt 0.236236500 0.921072000
vt 0.236221000 0.921064500
vt 0.236231500 0.921049000
vt 0.236234000 0.921060500
vt 0.236231500 0.921049000
vt 0.236221500 0.921033000
vt 0.236236500 0.921025000
vt 0.236246500 0.921041000
vt 0.236234000 0.921037000
vt 0.236246500 0.921041000
vt 0.236266500 0.921040000
vt 0.236267000 0.921055500
vt 0.236247000 0.921056500
vt 0.236256750 0.921048250
vt 0.236255500 0.921026000
vt 0.236236500 0.921025000
vt 0.236236000 0.921010500
vt 0.236255000 0.921011500
vt 0.236245750 0.921018250
vt 0.236255000 0.921011500
vt 0.236263000 0.920998000
vt 0.236277500 0.921005000
vt 0.236269500 0.921018500
vt 0.236266250 0.921008250
vt 0.236269500 0.921018500
vt 0.236280500 0.921032500
vt 0.236266500 0.921040000
vt 0.236255500 0.921026000
vt 0.236268000 0.921029250
vt 0.266296000 0.922556000
vt 0.266302000 0.922542000
vt 0.266308000 0.922557500
vt 0.266302000 0.922571500
vt 0.266302000 0.922556750
vt 0.266302000 0.922571500
vt 0.266304500 0.922586500
vt 0.266295500 0.922597000
vt 0.266293000 0.922582000
vt 0.266298750 0.922584250
vt 0.266293000 0.922582000
vt 0.266289000 0.922596000
vt 0.266286000 0.922582500
vt 0.266290000 0.922568500
vt 0.266289500 0.922582250
vt 0.266290000 0.922568500
vt 0.266284000 0.922554500
vt 0.266290000 0.922542000
vt 0.266296000 0.922556000
vt 0.266290000 0.922555250
vt 0.236602000 0.920768500
vt 0.236618500 0.920763500
vt 0.236626000 0.920775000
vt 0.236609500 0.920780000
vt 0.236614000 0.920771750
vt 0.236609500 0.920780000
vt 0.236608000 0.920796000
vt 0.236590500 0.920796500
vt 0.236592000 0.920780500
vt 0.236600000 0.920788250
vt 0.236592000 0.920780500
vt 0.236577500 0.920776500
vt 0.236587500 0.920764500
vt 0.236602000 0.920768500
vt 0.236589750 0.920772500
vt 0.236293000 0.921075000
vt 0.236282500 0.921062000
vt 0.236297000 0.921051000
vt 0.236307500 0.921064000
vt 0.236295000 0.921063000
vt 0.236307500 0.921064000
vt 0.236323000 0.921058000
vt 0.236323500 0.921073500
vt 0.236308000 0.921079500
vt 0.236315500 0.921068750
vt 0.236308000 0.921079500
vt 0.236302000 0.921097500
vt 0.236287000 0.921093000
vt 0.236293000 0.921075000
vt 0.236297500 0.921086250
vt 0.236556500 0.920790500
vt 0.236560000 0.920777500
vt 0.236577500 0.920776500
vt 0.236574000 0.920789500
vt 0.236567000 0.920783500
vt 0.236574000 0.920789500
vt 0.236590500 0.920796500
vt 0.236580500 0.920809000
vt 0.236564000 0.920802000
vt 0.236577250 0.920799250
vt 0.236564000 0.920802000
vt 0.236545000 0.920808000
vt 0.236537500 0.920796500
vt 0.236556500 0.920790500
vt 0.236550750 0.920799250
vt 0.236562000 0.920819000
vt 0.236580500 0.920809000
vt 0.236588000 0.920822000
vt 0.236569500 0.920832000
vt 0.236575000 0.920820500
vt 0.236569500 0.920832000
vt 0.236568500 0.920850500
vt 0.236551000 0.920851500
vt 0.236552000 0.920833000
vt 0.236560250 0.920841750
vt 0.236552000 0.920833000
vt 0.236535000 0.920822000
vt 0.236545000 0.920808000
vt 0.236562000 0.920819000
vt 0.236548500 0.920820500
vt 0.236627500 0.920788500
vt 0.236626000 0.920775000
vt 0.236645000 0.920776000
vt 0.236646500 0.920789500
vt 0.236636250 0.920782250
vt 0.236646500 0.920789500
vt 0.236667000 0.920797000
vt 0.236656500 0.920809000
vt 0.236636000 0.920801500
vt 0.236651500 0.920799250
vt 0.236636000 0.920801500
vt 0.236616500 0.920809000
vt 0.236608000 0.920796000
vt 0.236627500 0.920788500
vt 0.236622000 0.920798750
vt 0.236634500 0.920819500
vt 0.236656500 0.920809000
vt 0.236665000 0.920823500
vt 0.236643000 0.920834000
vt 0.236649750 0.920821500
vt 0.236643000 0.920834000
vt 0.236641500 0.920853000
vt 0.236623000 0.920852000
vt 0.236624500 0.920833000
vt 0.236633000 0.920843000
vt 0.236624500 0.920833000
vt 0.236606500 0.920822500
vt 0.236616500 0.920809000
vt 0.236634500 0.920819500
vt 0.236620500 0.920821000
vt 0.236586500 0.920841000
vt 0.236588000 0.920822000
vt 0.236606500 0.920822500
vt 0.236605000 0.920841500
vt 0.236596500 0.920831750
vt 0.236605000 0.920841500
vt 0.236623000 0.920852000
vt 0.236613000 0.920866500
vt 0.236595000 0.920856000
vt 0.236609000 0.920854000
vt 0.236595000 0.920856000
vt 0.236577000 0.920865500
vt 0.236568500 0.920850500
vt 0.236586500 0.920841000
vt 0.236581750 0.920853250
vt 0.236594500 0.920875000
vt 0.236613000 0.920866500
vt 0.236621500 0.920881000
vt 0.236603000 0.920889500
vt 0.236608000 0.920878000
vt 0.236603000 0.920889500
vt 0.236602500 0.920908500
vt 0.236584500 0.920908000
vt 0.236585000 0.920889000
vt 0.236593750 0.920898750
vt 0.236585000 0.920889000
vt 0.236567500 0.920879500
vt 0.236577000 0.920865500
vt 0.236594500 0.920875000
vt 0.236581000 0.920877250
vt 0.236316000 0.921045500
vt 0.236297000 0.921051000
vt 0.236296000 0.921035500
vt 0.236315000 0.921030000
vt 0.236306000 0.921040500
vt 0.236315000 0.921030000
vt 0.236322000 0.921011000
vt 0.236337000 0.921014000
vt 0.236330000 0.921033000
vt 0.236326000 0.921022000
vt 0.236330000 0.921033000
vt 0.236337000 0.921045500
vt 0.236323000 0.921058000
vt 0.236316000 0.921045500
vt 0.236326500 0.921045500
vt 0.236705500 0.920830000
vt 0.236724500 0.920828500
vt 0.236729000 0.920841500
vt 0.236710000 0.920843000
vt 0.236717250 0.920835750
vt 0.236710000 0.920843000
vt 0.236706500 0.920859000
vt 0.236690000 0.920854500
vt 0.236693500 0.920838500
vt 0.236700000 0.920848750
vt 0.236693500 0.920838500
vt 0.236681000 0.920824000
vt 0.236693000 0.920815500
vt 0.236705500 0.920830000
vt 0.236693250 0.920827000
vt 0.236659000 0.920843500
vt 0.236665000 0.920823500
vt 0.236681000 0.920824000
vt 0.236675000 0.920844000
vt 0.236670000 0.920833750
vt 0.236675000 0.920844000
vt 0.236690000 0.920854500
vt 0.236680000 0.920867500
vt 0.236665000 0.920857000
vt 0.236677500 0.920855750
vt 0.236665000 0.920857000
vt 0.236647500 0.920866500
vt 0.236641500 0.920853000
vt 0.236659000 0.920843500
vt 0.236653250 0.920855000
vt 0.236664500 0.920876000
vt 0.236680000 0.920867500
vt 0.236688500 0.920882000
vt 0.236673000 0.920890500
vt 0.236676500 0.920879000
vt 0.236673000 0.920890500
vt 0.236678000 0.920910000
vt 0.236662500 0.920910500
vt 0.236657500 0.920891000
vt 0.236667750 0.920900500
vt 0.236657500 0.920891000
vt 0.236640500 0.920881500
vt 0.236647500 0.920866500
vt 0.236664500 0.920876000
vt 0.236652500 0.920878750
vt 0.236621500 0.920900000
vt 0.236621500 0.920881000
vt 0.236640500 0.920881500
vt 0.236640500 0.920900500
vt 0.236631000 0.920890750
vt 0.236640500 0.920900500
vt 0.236662500 0.920910500
vt 0.236653000 0.920924000
vt 0.236631000 0.920914000
vt 0.236646750 0.920912250
vt 0.236631000 0.920914000
vt 0.236612000 0.920922500
vt 0.236602500 0.920908500
vt 0.236621500 0.920900000
vt 0.236616750 0.920911250
vt 0.236630000 0.920931000
vt 0.236653000 0.920924000
vt 0.236660500 0.920937000
vt 0.236637500 0.920944000
vt 0.236645250 0.920934000
vt 0.236637500 0.920944000
vt 0.236635500 0.920959000
vt 0.236617500 0.920958000
vt 0.236619500 0.920943000
vt 0.236627500 0.920951000
vt 0.236619500 0.920943000
vt 0.236601500 0.920934500
vt 0.236612000 0.920922500
vt 0.236630000 0.920931000
vt 0.236615750 0.920932750
vt 0.266181000 0.923215000
vt 0.266174500 0.923231000
vt 0.266168000 0.923221000
vt 0.266174500 0.923205000
vt 0.266174500 0.923218000
vt 0.266174500 0.923205000
vt 0.266168000 0.923193500
vt 0.266174500 0.923179000
vt 0.266181000 0.923190500
vt 0.266174500 0.923192000
vt 0.266181000 0.923190500
vt 0.266187500 0.923177000
vt 0.266194000 0.923187000
vt 0.266187500 0.923200500
vt 0.266187500 0.923188750
vt 0.266187500 0.923200500
vt 0.266194000 0.923209000
vt 0.266187500 0.923223500
vt 0.266181000 0.923215000
vt 0.266187500 0.923212000
vt 0.236534500 0.920843000
vt 0.236551000 0.920851500
vt 0.236541500 0.920865500
vt 0.236525000 0.920857000
vt 0.236538000 0.920854250
vt 0.236525000 0.920857000
vt 0.236508000 0.920867000
vt 0.236501000 0.920854000
vt 0.236518000 0.920844000
vt 0.236513000 0.920855500
vt 0.236518000 0.920844000
vt 0.236518500 0.920823000
vt 0.236535000 0.920822000
vt 0.236534500 0.920843000
vt 0.236526500 0.920833000
vt 0.236567000 0.920899500
vt 0.236584500 0.920908000
vt 0.236576000 0.920923000
vt 0.236558500 0.920914500
vt 0.236571500 0.920911250
vt 0.236558500 0.920914500
vt 0.236542500 0.920925500
vt 0.236533500 0.920911500
vt 0.236549500 0.920900500
vt 0.236546000 0.920913000
vt 0.236549500 0.920900500
vt 0.236550000 0.920880500
vt 0.236567500 0.920879500
vt 0.236567000 0.920899500
vt 0.236558500 0.920890000
vt 0.236498500 0.920823000
vt 0.236513500 0.920810000
vt 0.236518500 0.920823000
vt 0.236503500 0.920836000
vt 0.236508500 0.920823000
vt 0.236503500 0.920836000
vt 0.236501000 0.920854000
vt 0.236486500 0.920855000
vt 0.236489000 0.920837000
vt 0.236495000 0.920845500
vt 0.236489000 0.920837000
vt 0.236477500 0.920832500
vt 0.236487000 0.920818500
vt 0.236498500 0.920823000
vt 0.236488000 0.920827750
vt 0.236473500 0.920847500
vt 0.236486500 0.920855000
vt 0.236478000 0.920870000
vt 0.236465000 0.920862500
vt 0.236475750 0.920858750
vt 0.236465000 0.920862500
vt 0.236451000 0.920873500
vt 0.236445500 0.920860500
vt 0.236459500 0.920849500
vt 0.236455250 0.920861500
vt 0.236459500 0.920849500
vt 0.236463500 0.920834500
vt 0.236477500 0.920832500
vt 0.236473500 0.920847500
vt 0.236468500 0.920841000
vt 0.236524000 0.920876000
vt 0.236541500 0.920865500
vt 0.236550000 0.920880500
vt 0.236532500 0.920891000
vt 0.236537000 0.920878250
vt 0.236532500 0.920891000
vt 0.236533500 0.920911500
vt 0.236517000 0.920912500
vt 0.236516000 0.920892000
vt 0.236524750 0.920901750
vt 0.236516000 0.920892000
vt 0.236500000 0.920883000
vt 0.236508000 0.920867000
vt 0.236524000 0.920876000
vt 0.236512000 0.920879500
vt 0.236500000 0.920903500
vt 0.236517000 0.920912500
vt 0.236509500 0.920928500
vt 0.236492500 0.920919500
vt 0.236504750 0.920916000
vt 0.236492500 0.920919500
vt 0.236478000 0.920931000
vt 0.236469500 0.920916000
vt 0.236484000 0.920904500
vt 0.236481000 0.920917750
vt 0.236484000 0.920904500
vt 0.236484000 0.920884000
vt 0.236500000 0.920883000
vt 0.236500000 0.920903500
vt 0.236492000 0.920893750
vt 0.236463000 0.920882000
vt 0.236478000 0.920870000
vt 0.236484000 0.920884000
vt 0.236469000 0.920896000
vt 0.236473500 0.920883000
vt 0.236469000 0.920896000
vt 0.236469500 0.920916000
vt 0.236456000 0.920917500
vt 0.236455500 0.920897500
vt 0.236462500 0.920906750
vt 0.236455500 0.920897500
vt 0.236443500 0.920889000
vt 0.236451000 0.920873500
vt 0.236463000 0.920882000
vt 0.236453250 0.920885500
vt 0.236443500 0.920909000
vt 0.236456000 0.920917500
vt 0.236451500 0.920933000
vt 0.236439000 0.920924500
vt 0.236447500 0.920921000
vt 0.236439000 0.920924500
vt 0.236430000 0.920934500
vt 0.236423500 0.920920000
vt 0.236432500 0.920910000
vt 0.236431250 0.920922250
vt 0.236432500 0.920910000
vt 0.236432500 0.920890000
vt 0.236443500 0.920889000
vt 0.236443500 0.920909000
vt 0.236438000 0.920899500
vt 0.236560000 0.920934000
vt 0.236576000 0.920923000
vt 0.236585500 0.920936500
vt 0.236569500 0.920947500
vt 0.236572750 0.920935250
vt 0.236569500 0.920947500
vt 0.236572500 0.920966000
vt 0.236556500 0.920968000
vt 0.236553500 0.920949500
vt 0.236563000 0.920957750
vt 0.236553500 0.920949500
vt 0.236536000 0.920941000
vt 0.236542500 0.920925500
vt 0.236560000 0.920934000
vt 0.236548000 0.920937500
vt 0.236538500 0.920960500
vt 0.236556500 0.920968000
vt 0.236551000 0.920983000
vt 0.236533000 0.920975500
vt 0.236544750 0.920971750
vt 0.236533000 0.920975500
vt 0.236519500 0.920987000
vt 0.236508500 0.920973500
vt 0.236522000 0.920962000
vt 0.236520750 0.920974500
vt 0.236522000 0.920962000
vt 0.236519500 0.920942500
vt 0.236536000 0.920941000
vt 0.236538500 0.920960500
vt 0.236529000 0.920951500
vt 0.236494500 0.920940000
vt 0.236509500 0.920928500
vt 0.236519500 0.920942500
vt 0.236504500 0.920954000
vt 0.236507000 0.920941250
vt 0.236504500 0.920954000
vt 0.236508500 0.920973500
vt 0.236493000 0.920975000
vt 0.236489000 0.920955500
vt 0.236498750 0.920964500
vt 0.236489000 0.920955500
vt 0.236472500 0.920946500
vt 0.236478000 0.920931000
vt 0.236494500 0.920940000
vt 0.236483500 0.920943250
vt 0.236476500 0.920966000
vt 0.236493000 0.920975000
vt 0.236490000 0.920989500
vt 0.236473500 0.920980500
vt 0.236483250 0.920977750
vt 0.236473500 0.920980500
vt 0.236460500 0.920993500
vt 0.236450500 0.920979500
vt 0.236463500 0.920966500
vt 0.236462000 0.920980000
vt 0.236463500 0.920966500
vt 0.236459500 0.920947000
vt 0.236472500 0.920946500
vt 0.236476500 0.920966000
vt 0.236468000 0.920956500
vt 0.236441500 0.920943500
vt 0.236451500 0.920933000
vt 0.236459500 0.920947000
vt 0.236449500 0.920957500
vt 0.236450500 0.920945250
vt 0.236449500 0.920957500
vt 0.236450500 0.920979500
vt 0.236439500 0.920980000
vt 0.236438500 0.920958000
vt 0.236444500 0.920968750
vt 0.236438500 0.920958000
vt 0.236427000 0.920949000
vt 0.236430000 0.920934500
vt 0.236441500 0.920943500
vt 0.236434250 0.920946250
vt 0.236431000 0.920967500
vt 0.236439500 0.920980000
vt 0.236439000 0.920993000
vt 0.236430500 0.920980500
vt 0.236435000 0.920980250
vt 0.236430500 0.920980500
vt 0.236425000 0.920988000
vt 0.236417000 0.920974500
vt 0.236422500 0.920967000
vt 0.236423750 0.920977500
vt 0.236422500 0.920967000
vt 0.236418500 0.920948500
vt 0.236427000 0.920949000
vt 0.236431000 0.920967500
vt 0.236424750 0.920958000
vt 0.236819000 0.921092500
vt 0.236809000 0.921074500
vt 0.236823500 0.921073500
vt 0.236833500 0.921091500
vt 0.236821250 0.921083000
vt 0.236833500 0.921091500
vt 0.236852500 0.921097500
vt 0.236850500 0.921109000
vt 0.236831500 0.921103000
vt 0.236842000 0.921100250
vt 0.236831500 0.921103000
vt 0.236821500 0.921114000
vt 0.236809000 0.921103500
vt 0.236819000 0.921092500
vt 0.236820250 0.921103250
vt 0.236836000 0.921044000
vt 0.236833000 0.921028000
vt 0.236850000 0.921026000
vt 0.236853000 0.921042000
vt 0.236843000 0.921035000
vt 0.236853000 0.921042000
vt 0.236872000 0.921047500
vt 0.236865500 0.921060500
vt 0.236846500 0.921055000
vt 0.236859250 0.921051250
vt 0.236846500 0.921055000
vt 0.236828000 0.921061500
vt 0.236817500 0.921050500
vt 0.236836000 0.921044000
vt 0.236832000 0.921052750
vt 0.236850500 0.920986500
vt 0.236838000 0.920970000
vt 0.236852500 0.920964000
vt 0.236865000 0.920980500
vt 0.236851500 0.920975250
vt 0.236865000 0.920980500
vt 0.236885000 0.920983000
vt 0.236884500 0.920999000
vt 0.236864500 0.920996500
vt 0.236874750 0.920989750
vt 0.236864500 0.920996500
vt 0.236854000 0.921010000
vt 0.236840000 0.921000000
vt 0.236850500 0.920986500
vt 0.236852250 0.920998250
vt 0.236846000 0.921082500
vt 0.236823500 0.921073500
vt 0.236828000 0.921061500
vt 0.236850500 0.921070500
vt 0.236837000 0.921072000
vt 0.236850500 0.921070500
vt 0.236865500 0.921060500
vt 0.236878500 0.921071000
vt 0.236863500 0.921081000
vt 0.236864500 0.921070750
vt 0.236863500 0.921081000
vt 0.236870000 0.921096000
vt 0.236852500 0.921097500
vt 0.236846000 0.921082500
vt 0.236858000 0.921089250
vt 0.236884000 0.921086500
vt 0.236878500 0.921071000
vt 0.236896000 0.921067500
vt 0.236901500 0.921083000
vt 0.236890000 0.921077000
vt 0.236901500 0.921083000
vt 0.236924500 0.921087500
vt 0.236920000 0.921100500
vt 0.236897000 0.921096000
vt 0.236910750 0.921091750
vt 0.236897000 0.921096000
vt 0.236883000 0.921105500
vt 0.236870000 0.921096000
vt 0.236884000 0.921086500
vt 0.236883500 0.921096000
vt 0.236868000 0.921030000
vt 0.236850000 0.921026000
vt 0.236854000 0.921010000
vt 0.236872000 0.921014000
vt 0.236861000 0.921020000
vt 0.236872000 0.921014000
vt 0.236884500 0.920999000
vt 0.236896000 0.921009500
vt 0.236883500 0.921024500
vt 0.236884000 0.921011750
vt 0.236883500 0.921024500
vt 0.236887500 0.921042000
vt 0.236872000 0.921047500
vt 0.236868000 0.921030000
vt 0.236877750 0.921036000
vt 0.236902000 0.921028000
vt 0.236896000 0.921009500
vt 0.236914000 0.921003500
vt 0.236920000 0.921022000
vt 0.236908000 0.921015750
vt 0.236920000 0.921022000
vt 0.236941000 0.921024500
vt 0.236936000 0.921041500
vt 0.236915000 0.921039000
vt 0.236928000 0.921031750
vt 0.236915000 0.921039000
vt 0.236900500 0.921053000
vt 0.236887500 0.921042000
vt 0.236902000 0.921028000
vt 0.236901250 0.921040500
vt 0.236916500 0.921070500
vt 0.236896000 0.921067500
vt 0.236900500 0.921053000
vt 0.236921000 0.921056000
vt 0.236908500 0.921061750
vt 0.236921000 0.921056000
vt 0.236936000 0.921041500
vt 0.236949000 0.921050500
vt 0.236934000 0.921065000
vt 0.236935000 0.921053250
vt 0.236934000 0.921065000
vt 0.236942000 0.921082000
vt 0.236924500 0.921087500
vt 0.236916500 0.921070500
vt 0.236929250 0.921076250
vt 0.236953500 0.921066500
vt 0.236949000 0.921050500
vt 0.236965000 0.921043500
vt 0.236969500 0.921059500
vt 0.236959250 0.921055000
vt 0.236969500 0.921059500
vt 0.236984500 0.921058000
vt 0.236980000 0.921073000
vt 0.236965000 0.921074500
vt 0.236974750 0.921066250
vt 0.236965000 0.921074500
vt 0.236953500 0.921090000
vt 0.236942000 0.921082000
vt 0.236953500 0.921066500
vt 0.236953500 0.921078250
vt 0.236876500 0.920965500
vt 0.236852500 0.920964000
vt 0.236856000 0.920948000
vt 0.236880000 0.920949500
vt 0.236866250 0.920956750
vt 0.236880000 0.920949500
vt 0.236895000 0.920934500
vt 0.236910000 0.920944000
vt 0.236895000 0.920959000
vt 0.236895000 0.920946750
vt 0.236895000 0.920959000
vt 0.236903500 0.920976500
vt 0.236885000 0.920983000
vt 0.236876500 0.920965500
vt 0.236890000 0.920971000
vt 0.236920000 0.920960000
vt 0.236910000 0.920944000
vt 0.236930500 0.920936000
vt 0.236940500 0.920952000
vt 0.236925250 0.920948000
vt 0.236940500 0.920952000
vt 0.236968500 0.920951000
vt 0.236965000 0.920967500
vt 0.236937000 0.920968500
vt 0.236952750 0.920959750
vt 0.236937000 0.920968500
vt 0.236920500 0.920985000
vt 0.236903500 0.920976500
vt 0.236920000 0.920960000
vt 0.236920250 0.920972500
vt 0.236937500 0.921005000
vt 0.236914000 0.921003500
vt 0.236920500 0.920985000
vt 0.236944000 0.920986500
vt 0.236929000 0.920995000
vt 0.236944000 0.920986500
vt 0.236965000 0.920967500
vt 0.236978500 0.920978000
vt 0.236957500 0.920997000
vt 0.236961250 0.920982250
vt 0.236957500 0.920997000
vt 0.236961000 0.921016500
vt 0.236941000 0.921024500
vt 0.236937500 0.921005000
vt 0.236949250 0.921010750
vt 0.236976000 0.921000000
vt 0.236978500 0.920978000
vt 0.236993500 0.920971500
vt 0.236991000 0.920993500
vt 0.236984750 0.920985750
vt 0.236991000 0.920993500
vt 0.237001500 0.920998500
vt 0.236994500 0.921017000
vt 0.236984000 0.921012000
vt 0.236992750 0.921005250
vt 0.236984000 0.921012000
vt 0.236969000 0.921028500
vt 0.236961000 0.921016500
vt 0.236976000 0.921000000
vt 0.236972500 0.921014250
vt 0.236982000 0.921045500
vt 0.236965000 0.921043500
vt 0.236969000 0.921028500
vt 0.236986000 0.921030500
vt 0.236975500 0.921037000
vt 0.236986000 0.921030500
vt 0.236994500 0.921017000
vt 0.237004500 0.921026000
vt 0.236996000 0.921039500
vt 0.236995250 0.921028250
vt 0.236996000 0.921039500
vt 0.236998500 0.921052000
vt 0.236984500 0.921058000
vt 0.236982000 0.921045500
vt 0.236990250 0.921048750
vt 0.236500500 0.921401000
vt 0.236486000 0.921408000
vt 0.236477500 0.921400000
vt 0.236492000 0.921393000
vt 0.236489000 0.921400500
vt 0.236492000 0.921393000
vt 0.236489500 0.921380500
vt 0.236504000 0.921378500
vt 0.236506500 0.921391000
vt 0.236498000 0.921385750
vt 0.236506500 0.921391000
vt 0.236521500 0.921398000
vt 0.236515500 0.921408000
vt 0.236500500 0.921401000
vt 0.236511000 0.921399500
vt 0.266407500 0.922461000
vt 0.266396500 0.922475000
vt 0.266387000 0.922460000
vt 0.266398000 0.922446000
vt 0.266397250 0.922460500
vt 0.266398000 0.922446000
vt 0.266391000 0.922431500
vt 0.266404000 0.922420000
vt 0.266411000 0.922434500
vt 0.266401000 0.922433000
vt 0.266411000 0.922434500
vt 0.266423500 0.922424500
vt 0.266431000 0.922438500
vt 0.266418500 0.922448500
vt 0.266421000 0.922436500
vt 0.266418500 0.922448500
vt 0.266428000 0.922462500
vt 0.266417000 0.922475000
vt 0.266407500 0.922461000
vt 0.266417750 0.922461750
vt 0.236446000 0.921183000
vt 0.236433000 0.921182500
vt 0.236440500 0.921163500
vt 0.236453500 0.921164000
vt 0.236443250 0.921173250
vt 0.236453500 0.921164000
vt 0.236471500 0.921140000
vt 0.236482000 0.921147500
vt 0.236464000 0.921171500
vt 0.236467750 0.921155750
vt 0.236464000 0.921171500
vt 0.236466000 0.921190500
vt 0.236448000 0.921202000
vt 0.236446000 0.921183000
vt 0.236456000 0.921186750
vt 0.236061000 0.921053500
vt 0.236052000 0.921036500
vt 0.236063000 0.921033000
vt 0.236072000 0.921050000
vt 0.236062000 0.921043250
vt 0.236072000 0.921050000
vt 0.236088000 0.921058000
vt 0.236089500 0.921071500
vt 0.236073500 0.921063500
vt 0.236080750 0.921060750
vt 0.236073500 0.921063500
vt 0.236067500 0.921074500
vt 0.236055000 0.921064500
vt 0.236061000 0.921053500
vt 0.236064250 0.921064000
vt 0.236060000 0.920992000
vt 0.236056500 0.920976000
vt 0.236069500 0.920970500
vt 0.236073000 0.920986500
vt 0.236064750 0.920981250
vt 0.236073000 0.920986500
vt 0.236090000 0.920990000
vt 0.236088500 0.921006500
vt 0.236071500 0.921003000
vt 0.236080750 0.920996500
vt 0.236071500 0.921003000
vt 0.236063000 0.921017000
vt 0.236051500 0.921006000
vt 0.236060000 0.920992000
vt 0.236061500 0.921004500
vt 0.236670500 0.920507500
vt 0.236654000 0.920504500
vt 0.236648000 0.920489000
vt 0.236664500 0.920492000
vt 0.236659250 0.920498250
vt 0.236664500 0.920492000
vt 0.236667000 0.920476000
vt 0.236683500 0.920482000
vt 0.236681000 0.920498000
vt 0.236674000 0.920487000
vt 0.236681000 0.920498000
vt 0.236698000 0.920510500
vt 0.236687500 0.920520000
vt 0.236670500 0.920507500
vt 0.236684250 0.920509000
vt 0.236079000 0.921037000
vt 0.236063000 0.921033000
vt 0.236063000 0.921017000
vt 0.236079000 0.921021000
vt 0.236071000 0.921027000
vt 0.236079000 0.921021000
vt 0.236088500 0.921006500
vt 0.236101000 0.921017000
vt 0.236091500 0.921031500
vt 0.236090000 0.921019000
vt 0.236091500 0.921031500
vt 0.236100500 0.921052500
vt 0.236088000 0.921058000
vt 0.236079000 0.921037000
vt 0.236089750 0.921044750
vt 0.236109500 0.921035000
vt 0.236101000 0.921017000
vt 0.236116000 0.921011500
vt 0.236124500 0.921029500
vt 0.236112750 0.921023250
vt 0.236124500 0.921029500
vt 0.236144500 0.921032500
vt 0.236143500 0.921048500
vt 0.236123500 0.921045500
vt 0.236134000 0.921039000
vt 0.236123500 0.921045500
vt 0.236114500 0.921063000
vt 0.236100500 0.921052500
vt 0.236109500 0.921035000
vt 0.236112000 0.921049000
vt 0.236083500 0.920971000
vt 0.236069500 0.920970500
vt 0.236072500 0.920952500
vt 0.236086500 0.920953000
vt 0.236078000 0.920961750
vt 0.236086500 0.920953000
vt 0.236092500 0.920935500
vt 0.236104500 0.920946500
vt 0.236098500 0.920964000
vt 0.236095500 0.920949750
vt 0.236098500 0.920964000
vt 0.236105000 0.920983000
vt 0.236090000 0.920990000
vt 0.236083500 0.920971000
vt 0.236094250 0.920977000
vt 0.236117500 0.920967000
vt 0.236104500 0.920946500
vt 0.236121000 0.920940500
vt 0.236134000 0.920961000
vt 0.236119250 0.920953750
vt 0.236134000 0.920961000
vt 0.236154500 0.920964000
vt 0.236151000 0.920981500
vt 0.236130500 0.920978500
vt 0.236142500 0.920971250
vt 0.236130500 0.920978500
vt 0.236118000 0.920994500
vt 0.236105000 0.920983000
vt 0.236117500 0.920967000
vt 0.236117750 0.920980750
vt 0.236136000 0.921014500
vt 0.236116000 0.921011500
vt 0.236118000 0.920994500
vt 0.236138000 0.920997500
vt 0.236127000 0.921004500
vt 0.236138000 0.920997500
vt 0.236151000 0.920981500
vt 0.236165500 0.920992000
vt 0.236152500 0.921008000
vt 0.236151750 0.920994750
vt 0.236152500 0.921008000
vt 0.236161000 0.921026000
vt 0.236144500 0.921032500
vt 0.236136000 0.921014500
vt 0.236148500 0.921020250
vt 0.236173000 0.921010500
vt 0.236165500 0.920992000
vt 0.236181500 0.920985500
vt 0.236189000 0.921004000
vt 0.236177250 0.920998000
vt 0.236189000 0.921004000
vt 0.236208500 0.921006500
vt 0.236206500 0.921023500
vt 0.236187000 0.921021000
vt 0.236197750 0.921013750
vt 0.236187000 0.921021000
vt 0.236175000 0.921036500
vt 0.236161000 0.921026000
vt 0.236173000 0.921010500
vt 0.236174000 0.921023500
vt 0.236100000 0.920904000
vt 0.236083000 0.920902000
vt 0.236088500 0.920887000
vt 0.236105500 0.920889000
vt 0.236094250 0.920895500
vt 0.236105500 0.920889000
vt 0.236116500 0.920873500
vt 0.236127000 0.920882500
vt 0.236116000 0.920898000
vt 0.236116250 0.920885750
vt 0.236116000 0.920898000
vt 0.236113000 0.920913500
vt 0.236097000 0.920919500
vt 0.236100000 0.920904000
vt 0.236106500 0.920908750
vt 0.236134500 0.920900500
vt 0.236127000 0.920882500
vt 0.236144000 0.920877000
vt 0.236151500 0.920895000
vt 0.236139250 0.920888750
vt 0.236151500 0.920895000
vt 0.236171000 0.920898000
vt 0.236166000 0.920913500
vt 0.236146500 0.920910500
vt 0.236158750 0.920904250
vt 0.236146500 0.920910500
vt 0.236125000 0.920923500
vt 0.236113000 0.920913500
vt 0.236134500 0.920900500
vt 0.236129750 0.920912000
vt 0.236148000 0.920945000
vt 0.236121000 0.920940500
vt 0.236125000 0.920923500
vt 0.236152000 0.920928000
vt 0.236136500 0.920934250
vt 0.236152000 0.920928000
vt 0.236166000 0.920913500
vt 0.236179000 0.920924500
vt 0.236165000 0.920939000
vt 0.236165500 0.920926250
vt 0.236165000 0.920939000
vt 0.236171500 0.920958000
vt 0.236154500 0.920964000
vt 0.236148000 0.920945000
vt 0.236159750 0.920951500
vt 0.236185000 0.920943000
vt 0.236179000 0.920924500
vt 0.236196000 0.920919000
vt 0.236202000 0.920937500
vt 0.236190500 0.920931000
vt 0.236202000 0.920937500
vt 0.236221500 0.920941000
vt 0.236217500 0.920957500
vt 0.236198000 0.920954000
vt 0.236209750 0.920947500
vt 0.236198000 0.920954000
vt 0.236184500 0.920969000
vt 0.236171500 0.920958000
vt 0.236185000 0.920943000
vt 0.236184750 0.920956000
vt 0.236201500 0.920988500
vt 0.236181500 0.920985500
vt 0.236184500 0.920969000
vt 0.236204500 0.920972000
vt 0.236193000 0.920978750
vt 0.236204500 0.920972000
vt 0.236217500 0.920957500
vt 0.236230500 0.920968500
vt 0.236217500 0.920983000
vt 0.236217500 0.920970250
vt 0.236217500 0.920983000
vt 0.236224500 0.921001000
vt 0.236208500 0.921006500
vt 0.236201500 0.920988500
vt 0.236213000 0.920994750
vt 0.236235500 0.920986000
vt 0.236230500 0.920968500
vt 0.236245500 0.920962500
vt 0.236250500 0.920980000
vt 0.236240500 0.920974250
vt 0.236250500 0.920980000
vt 0.236266500 0.920982500
vt 0.236263000 0.920998000
vt 0.236247000 0.920995500
vt 0.236256750 0.920989000
vt 0.236247000 0.920995500
vt 0.236236000 0.921010500
vt 0.236224500 0.921001000
vt 0.236235500 0.920986000
vt 0.236235750 0.920998250
vt 0.236299000 0.920971500
vt 0.236301500 0.920953000
vt 0.236317500 0.920953500
vt 0.236315000 0.920972000
vt 0.236308250 0.920962500
vt 0.236315000 0.920972000
vt 0.236328500 0.920983000
vt 0.236319500 0.920996500
vt 0.236306000 0.920985500
vt 0.236317250 0.920984250
vt 0.236306000 0.920985500
vt 0.236290500 0.920993500
vt 0.236283500 0.920979500
vt 0.236299000 0.920971500
vt 0.236294750 0.920982500
vt 0.265819500 0.923174000
vt 0.265822000 0.923157500
vt 0.265838000 0.923166000
vt 0.265835500 0.923182500
vt 0.265828750 0.923170000
vt 0.265835500 0.923182500
vt 0.265850500 0.923193000
vt 0.265846000 0.923209000
vt 0.265831000 0.923198500
vt 0.265840750 0.923195750
vt 0.265831000 0.923198500
vt 0.265825500 0.923212500
vt 0.265811000 0.923203500
vt 0.265816500 0.923189500
vt 0.265821000 0.923201000
vt 0.265816500 0.923189500
vt 0.265801000 0.923182500
vt 0.265804000 0.923167000
vt 0.265819500 0.923174000
vt 0.265810250 0.923178250
vt 0.266471000 0.923179500
vt 0.266461500 0.923194500
vt 0.266450000 0.923181500
vt 0.266459500 0.923166500
vt 0.266460500 0.923180500
vt 0.266459500 0.923166500
vt 0.266450000 0.923151500
vt 0.266461500 0.923137500
vt 0.266471000 0.923152500
vt 0.266460500 0.923152000
vt 0.266471000 0.923152500
vt 0.266482500 0.923140500
vt 0.266492000 0.923154000
vt 0.266480500 0.923166000
vt 0.266481500 0.923153250
vt 0.266480500 0.923166000
vt 0.266492000 0.923178000
vt 0.266482500 0.923191500
vt 0.266471000 0.923179500
vt 0.266481500 0.923178750
vt 0.265837500 0.923224500
vt 0.265846000 0.923209000
vt 0.265858000 0.923222500
vt 0.265849500 0.923238000
vt 0.265847750 0.923223500
vt 0.265849500 0.923238000
vt 0.265858000 0.923252500
vt 0.265846000 0.923266000
vt 0.265837500 0.923251500
vt 0.265847750 0.923252000
vt 0.265837500 0.923251500
vt 0.265825500 0.923263500
vt 0.265816500 0.923250500
vt 0.265828500 0.923238500
vt 0.265827000 0.923251000
vt 0.265828500 0.923238500
vt 0.265816500 0.923226500
vt 0.265825500 0.923212500
vt 0.265837500 0.923224500
vt 0.265827000 0.923225500
vt 0.266474500 0.923126500
vt 0.266461500 0.923137500
vt 0.266453500 0.923122000
vt 0.266466500 0.923111000
vt 0.266464000 0.923124250
vt 0.266466500 0.923111000
vt 0.266459500 0.923095000
vt 0.266473000 0.923086500
vt 0.266480000 0.923102500
vt 0.266469750 0.923098750
vt 0.266480000 0.923102500
vt 0.266492500 0.923095500
vt 0.266499500 0.923110000
vt 0.266487000 0.923117000
vt 0.266489750 0.923106250
vt 0.266487000 0.923117000
vt 0.266495000 0.923131000
vt 0.266482500 0.923140500
vt 0.266474500 0.923126500
vt 0.266484750 0.923128750
vt 0.266314000 0.923101500
vt 0.266314000 0.923086500
vt 0.266331000 0.923094500
vt 0.266331000 0.923109500
vt 0.266322500 0.923098000
vt 0.266331000 0.923109500
vt 0.266346500 0.923120000
vt 0.266343500 0.923134500
vt 0.266328000 0.923124000
vt 0.266337250 0.923122000
vt 0.266328000 0.923124000
vt 0.266324500 0.923137500
vt 0.266310000 0.923128500
vt 0.266313500 0.923115000
vt 0.266319000 0.923126250
vt 0.266313500 0.923115000
vt 0.266298000 0.923108500
vt 0.266298500 0.923095000
vt 0.266314000 0.923101500
vt 0.266306000 0.923105000
vt 0.265831000 0.923276000
vt 0.265846000 0.923266000
vt 0.265850500 0.923279500
vt 0.265835500 0.923289500
vt 0.265840750 0.923277750
vt 0.265835500 0.923289500
vt 0.265838000 0.923303500
vt 0.265822000 0.923311000
vt 0.265819500 0.923297000
vt 0.265828750 0.923300250
vt 0.265819500 0.923297000
vt 0.265804000 0.923303000
vt 0.265801000 0.923290500
vt 0.265816500 0.923284500
vt 0.265810250 0.923293750
vt 0.265816500 0.923284500
vt 0.265811000 0.923272000
vt 0.265825500 0.923263500
vt 0.265831000 0.923276000
vt 0.265821000 0.923274000
vt 0.266480000 0.923226500
vt 0.266473000 0.923241000
vt 0.266459500 0.923233500
vt 0.266466500 0.923219000
vt 0.266469750 0.923230000
vt 0.266466500 0.923219000
vt 0.266453500 0.923209000
vt 0.266461500 0.923194500
vt 0.266474500 0.923204500
vt 0.266464000 0.923206750
vt 0.266474500 0.923204500
vt 0.266482500 0.923191500
vt 0.266495000 0.923200000
vt 0.266487000 0.923213000
vt 0.266484750 0.923202250
vt 0.266487000 0.923213000
vt 0.266499500 0.923219000
vt 0.266492500 0.923232500
vt 0.266480000 0.923226500
vt 0.266489750 0.923222750
vt 0.266336000 0.923149500
vt 0.266343500 0.923134500
vt 0.266355000 0.923148000
vt 0.266347500 0.923163000
vt 0.266345500 0.923148750
vt 0.266347500 0.923163000
vt 0.266355000 0.923178500
vt 0.266343500 0.923192000
vt 0.266336000 0.923176500
vt 0.266345500 0.923177500
vt 0.266336000 0.923176500
vt 0.266324500 0.923185500
vt 0.266317000 0.923172000
vt 0.266328500 0.923163000
vt 0.266326500 0.923174250
vt 0.266328500 0.923163000
vt 0.266317000 0.923151000
vt 0.266324500 0.923137500
vt 0.266336000 0.923149500
vt 0.266326500 0.923150250
vt 0.266328000 0.923202000
vt 0.266343500 0.923192000
vt 0.266346500 0.923207000
vt 0.266331000 0.923217000
vt 0.266337250 0.923204500
vt 0.266331000 0.923217000
vt 0.266331000 0.923232500
vt 0.266314000 0.923240500
vt 0.266314000 0.923225000
vt 0.266322500 0.923228750
vt 0.266314000 0.923225000
vt 0.266297500 0.923233500
vt 0.266298500 0.923219000
vt 0.266315000 0.923210500
vt 0.266306250 0.923222000
vt 0.266315000 0.923210500
vt 0.266311500 0.923194000
vt 0.266324500 0.923185500
vt 0.266328000 0.923202000
vt 0.266319750 0.923198000
vt 0.236669500 0.920958000
vt 0.236685000 0.920969000
vt 0.236672500 0.920979500
vt 0.236657000 0.920968500
vt 0.236671000 0.920968750
vt 0.236657000 0.920968500
vt 0.236639500 0.920973000
vt 0.236635500 0.920959000
vt 0.236653000 0.920954500
vt 0.236646250 0.920963750
vt 0.236653000 0.920954500
vt 0.236660500 0.920937000
vt 0.236677000 0.920940500
vt 0.236669500 0.920958000
vt 0.236665000 0.920947500
vt 0.236612500 0.920993000
vt 0.236621000 0.921007500
vt 0.236606000 0.921012000
vt 0.236597500 0.920997500
vt 0.236609250 0.921002500
vt 0.236597500 0.920997500
vt 0.236579500 0.920992000
vt 0.236582000 0.920978000
vt 0.236600000 0.920983500
vt 0.236589750 0.920987750
vt 0.236600000 0.920983500
vt 0.236611000 0.920972000
vt 0.236623500 0.920981500
vt 0.236612500 0.920993000
vt 0.236611750 0.920982500
vt 0.236606500 0.921047500
vt 0.236615500 0.921065000
vt 0.236599500 0.921069500
vt 0.236590500 0.921052000
vt 0.236603000 0.921058500
vt 0.236590500 0.921052000
vt 0.236570500 0.921048000
vt 0.236572000 0.921034500
vt 0.236592000 0.921038500
vt 0.236581250 0.921043250
vt 0.236592000 0.921038500
vt 0.236604000 0.921026000
vt 0.236618500 0.921035000
vt 0.236606500 0.921047500
vt 0.236605250 0.921036750
vt 0.236071500 0.920629000
vt 0.236084500 0.920634500
vt 0.236082000 0.920651000
vt 0.236069000 0.920645500
vt 0.236076750 0.920640000
vt 0.236069000 0.920645500
vt 0.236061000 0.920658500
vt 0.236053000 0.920646000
vt 0.236061000 0.920633000
vt 0.236061000 0.920645750
vt 0.236061000 0.920633000
vt 0.236060000 0.920617000
vt 0.236070500 0.920613000
vt 0.236071500 0.920629000
vt 0.236065750 0.920623000
vt 0.236586000 0.921008500
vt 0.236606000 0.921012000
vt 0.236604000 0.921026000
vt 0.236584000 0.921022500
vt 0.236595000 0.921017250
vt 0.236584000 0.921022500
vt 0.236572000 0.921034500
vt 0.236558000 0.921024000
vt 0.236570000 0.921012000
vt 0.236571000 0.921023250
vt 0.236570000 0.921012000
vt 0.236563500 0.920995500
vt 0.236579500 0.920992000
vt 0.236586000 0.921008500
vt 0.236574750 0.921002000
vt 0.236550500 0.921006500
vt 0.236558000 0.921024000
vt 0.236542000 0.921026000
vt 0.236534500 0.921008500
vt 0.236546250 0.921016250
vt 0.236534500 0.921008500
vt 0.236516000 0.921001500
vt 0.236519500 0.920987000
vt 0.236538000 0.920994000
vt 0.236527000 0.920997750
vt 0.236538000 0.920994000
vt 0.236551000 0.920983000
vt 0.236563500 0.920995500
vt 0.236550500 0.921006500
vt 0.236550750 0.920994750
vt 0.236579000 0.921063500
vt 0.236599500 0.921069500
vt 0.236598000 0.921082000
vt 0.236577500 0.921076000
vt 0.236588500 0.921072750
vt 0.236577500 0.921076000
vt 0.236567000 0.921085500
vt 0.236552500 0.921076000
vt 0.236563000 0.921066500
vt 0.236565000 0.921076000
vt 0.236563000 0.921066500
vt 0.236554500 0.921051000
vt 0.236570500 0.921048000
vt 0.236579000 0.921063500
vt 0.236566750 0.921057250
vt 0.236542500 0.921061000
vt 0.236552500 0.921076000
vt 0.236537000 0.921077000
vt 0.236527000 0.921062000
vt 0.236539750 0.921069000
vt 0.236527000 0.921062000
vt 0.236504000 0.921057500
vt 0.236504500 0.921045000
vt 0.236527500 0.921049500
vt 0.236515750 0.921053500
vt 0.236527500 0.921049500
vt 0.236539500 0.921039500
vt 0.236554500 0.921051000
vt 0.236542500 0.921061000
vt 0.236541000 0.921050250
vt 0.236522000 0.921019000
vt 0.236542000 0.921026000
vt 0.236539500 0.921039500
vt 0.236519500 0.921032500
vt 0.236530750 0.921029250
vt 0.236519500 0.921032500
vt 0.236504500 0.921045000
vt 0.236491500 0.921033000
vt 0.236506500 0.921020500
vt 0.236505500 0.921032750
vt 0.236506500 0.921020500
vt 0.236500500 0.921003000
vt 0.236516000 0.921001500
vt 0.236522000 0.921019000
vt 0.236511250 0.921011000
vt 0.236489000 0.921012500
vt 0.236491500 0.921033000
vt 0.236478500 0.921033000
vt 0.236476000 0.921012500
vt 0.236483750 0.921022750
vt 0.236476000 0.921012500
vt 0.236458000 0.921007000
vt 0.236460500 0.920993500
vt 0.236478500 0.920999000
vt 0.236468250 0.921003000
vt 0.236478500 0.920999000
vt 0.236490000 0.920989500
vt 0.236500500 0.921003000
vt 0.236489000 0.921012500
vt 0.236489500 0.921001000
vt 0.236074000 0.920665000
vt 0.236082000 0.920651000
vt 0.236092000 0.920663500
vt 0.236084000 0.920677500
vt 0.236083000 0.920664250
vt 0.236084000 0.920677500
vt 0.236092000 0.920699500
vt 0.236081500 0.920703500
vt 0.236073500 0.920681500
vt 0.236082750 0.920690500
vt 0.236073500 0.920681500
vt 0.236060500 0.920675000
vt 0.236061000 0.920658500
vt 0.236074000 0.920665000
vt 0.236067250 0.920670000
vt 0.236067000 0.920693000
vt 0.236081500 0.920703500
vt 0.236082000 0.920717000
vt 0.236067500 0.920706500
vt 0.236074500 0.920705000
vt 0.236067500 0.920706500
vt 0.236061500 0.920714500
vt 0.236051500 0.920701500
vt 0.236057500 0.920693500
vt 0.236059500 0.920704000
vt 0.236057500 0.920693500
vt 0.236051000 0.920675500
vt 0.236060500 0.920675000
vt 0.236067000 0.920693000
vt 0.236059000 0.920684250
vt 0.236517500 0.921069000
vt 0.236537000 0.921077000
vt 0.236538500 0.921087500
vt 0.236519000 0.921079500
vt 0.236528000 0.921078250
vt 0.236519000 0.921079500
vt 0.236512000 0.921085000
vt 0.236497000 0.921073500
vt 0.236504000 0.921068000
vt 0.236508000 0.921076500
vt 0.236504000 0.921068000
vt 0.236490500 0.921056500
vt 0.236504000 0.921057500
vt 0.236517500 0.921069000
vt 0.236504000 0.921062750
vt 0.236922500 0.920454000
vt 0.236928500 0.920470000
vt 0.236918500 0.920470500
vt 0.236912500 0.920454500
vt 0.236920500 0.920462250
vt 0.236912500 0.920454500
vt 0.236899500 0.920447000
vt 0.236900000 0.920435000
vt 0.236913000 0.920442500
vt 0.236906250 0.920444750
vt 0.236913000 0.920442500
vt 0.236920500 0.920434500
vt 0.236930000 0.920446000
vt 0.236922500 0.920454000
vt 0.236921500 0.920444250
vt 0.236466500 0.921021500
vt 0.236478500 0.921033000
vt 0.236477500 0.921046500
vt 0.236465500 0.921035000
vt 0.236472000 0.921034000
vt 0.236465500 0.921035000
vt 0.236458000 0.921043500
vt 0.236447500 0.921030000
vt 0.236455000 0.921021500
vt 0.236456500 0.921032500
vt 0.236455000 0.921021500
vt 0.236446500 0.921007000
vt 0.236458000 0.921007000
vt 0.236466500 0.921021500
vt 0.236456500 0.921014250
vt 0.236771500 0.921102000
vt 0.236764000 0.921089500
vt 0.236773500 0.921086000
vt 0.236781000 0.921098500
vt 0.236772500 0.921094000
vt 0.236781000 0.921098500
vt 0.236795500 0.921105500
vt 0.236799500 0.921118500
vt 0.236785000 0.921111500
vt 0.236790250 0.921108500
vt 0.236785000 0.921111500
vt 0.236782500 0.921122500
vt 0.236769000 0.921113000
vt 0.236771500 0.921102000
vt 0.236777000 0.921112250
vt 0.265822500 0.923094000
vt 0.265815000 0.923108500
vt 0.265802000 0.923097500
vt 0.265809500 0.923083000
vt 0.265812250 0.923095750
vt 0.265809500 0.923083000
vt 0.265798000 0.923069500
vt 0.265807500 0.923055500
vt 0.265819000 0.923069000
vt 0.265808500 0.923069250
vt 0.265819000 0.923069000
vt 0.265828000 0.923056000
vt 0.265839000 0.923068000
vt 0.265830000 0.923081000
vt 0.265829000 0.923068500
vt 0.265830000 0.923081000
vt 0.265842500 0.923091000
vt 0.265835000 0.923104000
vt 0.265822500 0.923094000
vt 0.265832500 0.923092500
vt 0.265823500 0.922877000
vt 0.265817500 0.922892500
vt 0.265804000 0.922880500
vt 0.265810000 0.922865000
vt 0.265813750 0.922878750
vt 0.265810000 0.922865000
vt 0.265799000 0.922851500
vt 0.265808000 0.922836500
vt 0.265819000 0.922850000
vt 0.265809000 0.922850750
vt 0.265819000 0.922850000
vt 0.265828000 0.922836000
vt 0.265839000 0.922848500
vt 0.265830000 0.922862500
vt 0.265829000 0.922849250
vt 0.265830000 0.922862500
vt 0.265843000 0.922873000
vt 0.265836500 0.922887500
vt 0.265823500 0.922877000
vt 0.265833250 0.922875000
vt 0.236953500 0.920936000
vt 0.236930500 0.920936000
vt 0.236929500 0.920920500
vt 0.236952500 0.920920500
vt 0.236941500 0.920928250
vt 0.236952500 0.920920500
vt 0.236963500 0.920906000
vt 0.236982000 0.920914000
vt 0.236971000 0.920928500
vt 0.236967250 0.920917250
vt 0.236971000 0.920928500
vt 0.236986000 0.920943500
vt 0.236968500 0.920951000
vt 0.236953500 0.920936000
vt 0.236969750 0.920939750
vt 0.266427000 0.922562000
vt 0.266423000 0.922577000
vt 0.266408500 0.922569500
vt 0.266412500 0.922554500
vt 0.266417750 0.922565750
vt 0.266412500 0.922554500
vt 0.266398500 0.922545500
vt 0.266404000 0.922530500
vt 0.266418000 0.922539500
vt 0.266408250 0.922542500
vt 0.266418000 0.922539500
vt 0.266423500 0.922525500
vt 0.266437000 0.922534000
vt 0.266431500 0.922548000
vt 0.266427500 0.922536750
vt 0.266431500 0.922548000
vt 0.266445500 0.922554500
vt 0.266441000 0.922568500
vt 0.266427000 0.922562000
vt 0.266436250 0.922558250
vt 0.266271000 0.922678500
vt 0.266264000 0.922694000
vt 0.266257000 0.922681000
vt 0.266264000 0.922665500
vt 0.266264000 0.922679750
vt 0.266264000 0.922665500
vt 0.266257000 0.922650500
vt 0.266264000 0.922636000
vt 0.266271000 0.922651000
vt 0.266264000 0.922650750
vt 0.266271000 0.922651000
vt 0.266278000 0.922637500
vt 0.266285000 0.922650500
vt 0.266278000 0.922664000
vt 0.266278000 0.922650750
vt 0.266278000 0.922664000
vt 0.266285000 0.922676000
vt 0.266278000 0.922690500
vt 0.266271000 0.922678500
vt 0.266278000 0.922677250
vt 0.265819000 0.922822500
vt 0.265808000 0.922836500
vt 0.265799000 0.922822000
vt 0.265810000 0.922808000
vt 0.265809000 0.922822250
vt 0.265810000 0.922808000
vt 0.265804000 0.922793500
vt 0.265817500 0.922782000
vt 0.265823500 0.922796500
vt 0.265813750 0.922795000
vt 0.265823500 0.922796500
vt 0.265836500 0.922786500
vt 0.265843000 0.922800000
vt 0.265830000 0.922810000
vt 0.265833250 0.922798250
vt 0.265830000 0.922810000
vt 0.265839000 0.922823500
vt 0.265828000 0.922836000
vt 0.265819000 0.922822500
vt 0.265829000 0.922823000
vt 0.266411000 0.922515000
vt 0.266404000 0.922530500
vt 0.266391000 0.922518500
vt 0.266398000 0.922503000
vt 0.266401000 0.922516750
vt 0.266398000 0.922503000
vt 0.266387000 0.922489500
vt 0.266396500 0.922475000
vt 0.266407500 0.922488500
vt 0.266397250 0.922489000
vt 0.266407500 0.922488500
vt 0.266417000 0.922475000
vt 0.266428000 0.922487500
vt 0.266418500 0.922501000
vt 0.266417750 0.922488000
vt 0.266418500 0.922501000
vt 0.266431000 0.922511500
vt 0.266423500 0.922525500
vt 0.266411000 0.922515000
vt 0.266421000 0.922513250
vt 0.265839000 0.923136000
vt 0.265835000 0.923149000
vt 0.265820500 0.923143000
vt 0.265824500 0.923130000
vt 0.265829750 0.923139500
vt 0.265824500 0.923130000
vt 0.265810000 0.923122000
vt 0.265815000 0.923108500
vt 0.265829500 0.923116500
vt 0.265819750 0.923119250
vt 0.265829500 0.923116500
vt 0.265835000 0.923104000
vt 0.265849000 0.923111500
vt 0.265843500 0.923124000
vt 0.265839250 0.923114000
vt 0.265843500 0.923124000
vt 0.265857500 0.923129000
vt 0.265853000 0.923141000
vt 0.265839000 0.923136000
vt 0.265848250 0.923132500
vt 0.265844000 0.922925000
vt 0.265841500 0.922940500
vt 0.265826000 0.922933000
vt 0.265828500 0.922917500
vt 0.265835000 0.922929000
vt 0.265828500 0.922917500
vt 0.265813500 0.922908000
vt 0.265817500 0.922892500
vt 0.265832500 0.922902000
vt 0.265823000 0.922905000
vt 0.265832500 0.922902000
vt 0.265836500 0.922887500
vt 0.265851000 0.922896000
vt 0.265847000 0.922910500
vt 0.265841750 0.922899000
vt 0.265847000 0.922910500
vt 0.265862000 0.922917000
vt 0.265859000 0.922931500
vt 0.265844000 0.922925000
vt 0.265853000 0.922921000
vt 0.236940500 0.920905000
vt 0.236929500 0.920920500
vt 0.236913500 0.920912000
vt 0.236924500 0.920896500
vt 0.236927000 0.920908500
vt 0.236924500 0.920896500
vt 0.236913500 0.920880500
vt 0.236929500 0.920873500
vt 0.236940500 0.920889500
vt 0.236927000 0.920885000
vt 0.236940500 0.920889500
vt 0.236963500 0.920890500
vt 0.236963500 0.920906000
vt 0.236940500 0.920905000
vt 0.236952000 0.920897750
vt 0.236952500 0.920875500
vt 0.236929500 0.920873500
vt 0.236930500 0.920859500
vt 0.236953500 0.920861500
vt 0.236941500 0.920867500
vt 0.236953500 0.920861500
vt 0.236968500 0.920850000
vt 0.236986000 0.920858500
vt 0.236971000 0.920870000
vt 0.236969750 0.920860000
vt 0.236971000 0.920870000
vt 0.236982000 0.920885000
vt 0.236963500 0.920890500
vt 0.236952500 0.920875500
vt 0.236967250 0.920880250
vt 0.266418000 0.922411000
vt 0.266404000 0.922420000
vt 0.266398500 0.922406000
vt 0.266412500 0.922397000
vt 0.266408250 0.922408500
vt 0.266412500 0.922397000
vt 0.266408500 0.922383000
vt 0.266423000 0.922376000
vt 0.266427000 0.922390000
vt 0.266417750 0.922386500
vt 0.266427000 0.922390000
vt 0.266441000 0.922384000
vt 0.266445500 0.922397000
vt 0.266431500 0.922403000
vt 0.266436250 0.922393500
vt 0.266431500 0.922403000
vt 0.266437000 0.922416500
vt 0.266423500 0.922424500
vt 0.266418000 0.922411000
vt 0.266427500 0.922413750
vt 0.265829500 0.922989000
vt 0.265815000 0.922999000
vt 0.265810000 0.922983500
vt 0.265824500 0.922973500
vt 0.265819750 0.922986250
vt 0.265824500 0.922973500
vt 0.265820500 0.922957500
vt 0.265835000 0.922949500
vt 0.265839000 0.922965500
vt 0.265829750 0.922961500
vt 0.265839000 0.922965500
vt 0.265853000 0.922958500
vt 0.265857500 0.922973500
vt 0.265843500 0.922980500
vt 0.265848250 0.922969500
vt 0.265843500 0.922980500
vt 0.265849000 0.922995000
vt 0.265835000 0.923003500
vt 0.265829500 0.922989000
vt 0.265839250 0.922992000
vt 0.265819000 0.923042000
vt 0.265807500 0.923055500
vt 0.265798000 0.923040500
vt 0.265809500 0.923027000
vt 0.265808500 0.923041250
vt 0.265809500 0.923027000
vt 0.265802000 0.923011500
vt 0.265815000 0.922999000
vt 0.265822500 0.923014500
vt 0.265812250 0.923013000
vt 0.265822500 0.923014500
vt 0.265835000 0.923003500
vt 0.265842500 0.923018500
vt 0.265830000 0.923029500
vt 0.265832500 0.923016500
vt 0.265830000 0.923029500
vt 0.265839000 0.923043500
vt 0.265828000 0.923056000
vt 0.265819000 0.923042000
vt 0.265829000 0.923042750
vt 0.265832500 0.922773500
vt 0.265817500 0.922782000
vt 0.265813500 0.922768500
vt 0.265828500 0.922760000
vt 0.265823000 0.922771000
vt 0.265828500 0.922760000
vt 0.265826000 0.922746500
vt 0.265841500 0.922740000
vt 0.265844000 0.922753500
vt 0.265835000 0.922750000
vt 0.265844000 0.922753500
vt 0.265859000 0.922747500
vt 0.265862000 0.922760000
vt 0.265847000 0.922766000
vt 0.265853000 0.922756750
vt 0.265847000 0.922766000
vt 0.265851000 0.922779000
vt 0.265836500 0.922786500
vt 0.265832500 0.922773500
vt 0.265841750 0.922776250
vt 0.236454500 0.921146000
vt 0.236440500 0.921163500
vt 0.236434500 0.921155000
vt 0.236448500 0.921137500
vt 0.236444500 0.921150500
vt 0.236448500 0.921137500
vt 0.236453000 0.921118500
vt 0.236470500 0.921107500
vt 0.236466000 0.921126500
vt 0.236459500 0.921122500
vt 0.236466000 0.921126500
vt 0.236483000 0.921120500
vt 0.236471500 0.921140000
vt 0.236454500 0.921146000
vt 0.236468750 0.921133250
vt 0.236729000 0.920645500
vt 0.236718500 0.920657500
vt 0.236708000 0.920645000
vt 0.236718500 0.920633000
vt 0.236718500 0.920645250
vt 0.236718500 0.920633000
vt 0.236712000 0.920613500
vt 0.236724500 0.920609500
vt 0.236731000 0.920629000
vt 0.236721500 0.920621250
vt 0.236731000 0.920629000
vt 0.236743500 0.920632000
vt 0.236741500 0.920648500
vt 0.236729000 0.920645500
vt 0.236736250 0.920638750
vt 0.236674000 0.920663500
vt 0.236663000 0.920675500
vt 0.236651000 0.920671000
vt 0.236662000 0.920659000
vt 0.236662500 0.920667250
vt 0.236662000 0.920659000
vt 0.236655500 0.920647500
vt 0.236670000 0.920640000
vt 0.236676500 0.920651500
vt 0.236666000 0.920649500
vt 0.236676500 0.920651500
vt 0.236693500 0.920652500
vt 0.236691000 0.920664500
vt 0.236674000 0.920663500
vt 0.236683750 0.920658000
vt 0.236750500 0.920604500
vt 0.236754000 0.920624000
vt 0.236743500 0.920632000
vt 0.236740000 0.920612500
vt 0.236747000 0.920618250
vt 0.236740000 0.920612500
vt 0.236724500 0.920609500
vt 0.236724500 0.920588000
vt 0.236740000 0.920591000
vt 0.236732250 0.920600250
vt 0.236740000 0.920591000
vt 0.236743000 0.920572500
vt 0.236753500 0.920586000
vt 0.236750500 0.920604500
vt 0.236746750 0.920588500
vt 0.236730500 0.920570000
vt 0.236724500 0.920588000
vt 0.236710500 0.920579500
vt 0.236716500 0.920561500
vt 0.236720500 0.920574750
vt 0.236716500 0.920561500
vt 0.236707000 0.920543000
vt 0.236718000 0.920533500
vt 0.236727500 0.920552000
vt 0.236717250 0.920547500
vt 0.236727500 0.920552000
vt 0.236740000 0.920554500
vt 0.236743000 0.920572500
vt 0.236730500 0.920570000
vt 0.236735250 0.920562250
vt 0.236702000 0.920630000
vt 0.236708000 0.920645000
vt 0.236693500 0.920652500
vt 0.236687500 0.920637500
vt 0.236697750 0.920641250
vt 0.236687500 0.920637500
vt 0.236670000 0.920640000
vt 0.236672000 0.920625500
vt 0.236689500 0.920623000
vt 0.236679750 0.920631500
vt 0.236689500 0.920623000
vt 0.236699500 0.920606500
vt 0.236712000 0.920613500
vt 0.236702000 0.920630000
vt 0.236700750 0.920618250
vt 0.236680500 0.920608000
vt 0.236672000 0.920625500
vt 0.236657000 0.920618500
vt 0.236665500 0.920601000
vt 0.236668750 0.920613250
vt 0.236665500 0.920601000
vt 0.236653500 0.920584500
vt 0.236667000 0.920574500
vt 0.236679000 0.920591000
vt 0.236666250 0.920587750
vt 0.236679000 0.920591000
vt 0.236698000 0.920589500
vt 0.236699500 0.920606500
vt 0.236680500 0.920608000
vt 0.236689250 0.920598750
vt 0.236699000 0.920563000
vt 0.236710500 0.920579500
vt 0.236698000 0.920589500
vt 0.236686500 0.920573000
vt 0.236698500 0.920576250
vt 0.236686500 0.920573000
vt 0.236667000 0.920574500
vt 0.236663500 0.920557500
vt 0.236683000 0.920556000
vt 0.236675000 0.920565250
vt 0.236683000 0.920556000
vt 0.236691000 0.920536000
vt 0.236707000 0.920543000
vt 0.236699000 0.920563000
vt 0.236695000 0.920549500
vt 0.236669500 0.920540500
vt 0.236663500 0.920557500
vt 0.236647500 0.920551500
vt 0.236653500 0.920534500
vt 0.236658500 0.920546000
vt 0.236653500 0.920534500
vt 0.236641500 0.920514500
vt 0.236654000 0.920504500
vt 0.236666000 0.920524500
vt 0.236653750 0.920519500
vt 0.236666000 0.920524500
vt 0.236687500 0.920520000
vt 0.236691000 0.920536000
vt 0.236669500 0.920540500
vt 0.236678500 0.920530250
vt 0.236644000 0.920662000
vt 0.236651000 0.920671000
vt 0.236636500 0.920680000
vt 0.236629500 0.920671000
vt 0.236640250 0.920671000
vt 0.236629500 0.920671000
vt 0.236611000 0.920676500
vt 0.236613000 0.920665500
vt 0.236631500 0.920660000
vt 0.236621250 0.920668250
vt 0.236631500 0.920660000
vt 0.236643000 0.920645500
vt 0.236655500 0.920647500
vt 0.236644000 0.920662000
vt 0.236643500 0.920653750
vt 0.236553500 0.920579500
vt 0.236534500 0.920584500
vt 0.236539000 0.920569500
vt 0.236558000 0.920564500
vt 0.236546250 0.920574500
vt 0.236558000 0.920564500
vt 0.236569000 0.920549500
vt 0.236585000 0.920550500
vt 0.236574000 0.920565500
vt 0.236571500 0.920557500
vt 0.236574000 0.920565500
vt 0.236587000 0.920567000
vt 0.236578500 0.920576000
vt 0.236565500 0.920574500
vt 0.236576250 0.920570750
vt 0.236565500 0.920574500
vt 0.236563000 0.920586500
vt 0.236551000 0.920591500
vt 0.236553500 0.920579500
vt 0.236558250 0.920583000
vt 0.236584000 0.920653500
vt 0.236597500 0.920665500
vt 0.236581500 0.920669500
vt 0.236568000 0.920657500
vt 0.236582750 0.920661500
vt 0.236568000 0.920657500
vt 0.236548500 0.920656500
vt 0.236541000 0.920642500
vt 0.236560500 0.920643500
vt 0.236554500 0.920650000
vt 0.236560500 0.920643500
vt 0.236555500 0.920632500
vt 0.236568500 0.920635000
vt 0.236573500 0.920646000
vt 0.236564500 0.920639250
vt 0.236573500 0.920646000
vt 0.236585500 0.920642500
vt 0.236596000 0.920650000
vt 0.236584000 0.920653500
vt 0.236584750 0.920648000
vt 0.236599000 0.920563000
vt 0.236585000 0.920550500
vt 0.236601000 0.920546500
vt 0.236615000 0.920559000
vt 0.236600000 0.920554750
vt 0.236615000 0.920559000
vt 0.236634500 0.920560000
vt 0.236642000 0.920573500
vt 0.236622500 0.920572500
vt 0.236628500 0.920566250
vt 0.236622500 0.920572500
vt 0.236627500 0.920583500
vt 0.236614500 0.920581500
vt 0.236609500 0.920570500
vt 0.236618500 0.920577000
vt 0.236609500 0.920570500
vt 0.236597500 0.920574500
vt 0.236587000 0.920567000
vt 0.236599000 0.920563000
vt 0.236598250 0.920568750
vt 0.236634000 0.920536500
vt 0.236647500 0.920551500
vt 0.236634500 0.920560000
vt 0.236621000 0.920545000
vt 0.236634250 0.920548250
vt 0.236621000 0.920545000
vt 0.236601000 0.920546500
vt 0.236597500 0.920531500
vt 0.236617500 0.920530000
vt 0.236609250 0.920538250
vt 0.236617500 0.920530000
vt 0.236625000 0.920508000
vt 0.236641500 0.920514500
vt 0.236634000 0.920536500
vt 0.236629500 0.920522250
vt 0.236605500 0.920517000
vt 0.236597500 0.920531500
vt 0.236582500 0.920527000
vt 0.236590500 0.920512500
vt 0.236594000 0.920522000
vt 0.236590500 0.920512500
vt 0.236580000 0.920503000
vt 0.236592500 0.920494500
vt 0.236603000 0.920504000
vt 0.236591500 0.920503500
vt 0.236603000 0.920504000
vt 0.236622500 0.920495000
vt 0.236625000 0.920508000
vt 0.236605500 0.920517000
vt 0.236614000 0.920506000
vt 0.236265000 0.920967000
vt 0.236245500 0.920962500
vt 0.236252000 0.920948500
vt 0.236271500 0.920953000
vt 0.236258500 0.920957750
vt 0.236271500 0.920953000
vt 0.236291000 0.920942000
vt 0.236301500 0.920953000
vt 0.236282000 0.920964000
vt 0.236286500 0.920953000
vt 0.236282000 0.920964000
vt 0.236283500 0.920979500
vt 0.236266500 0.920982500
vt 0.236265000 0.920967000
vt 0.236274250 0.920973250
vt 0.236216500 0.920923500
vt 0.236196000 0.920919000
vt 0.236201000 0.920904000
vt 0.236221500 0.920908500
vt 0.236208750 0.920913750
vt 0.236221500 0.920908500
vt 0.236236500 0.920896500
vt 0.236249500 0.920907500
vt 0.236234500 0.920919500
vt 0.236235500 0.920908000
vt 0.236234500 0.920919500
vt 0.236239500 0.920937000
vt 0.236221500 0.920941000
vt 0.236216500 0.920923500
vt 0.236228000 0.920930250
vt 0.236166000 0.920881000
vt 0.236144000 0.920877000
vt 0.236148500 0.920862500
vt 0.236170500 0.920866500
vt 0.236157250 0.920871750
vt 0.236170500 0.920866500
vt 0.236185000 0.920854000
vt 0.236197000 0.920863500
vt 0.236182500 0.920876000
vt 0.236183750 0.920865000
vt 0.236182500 0.920876000
vt 0.236187500 0.920893000
vt 0.236171000 0.920898000
vt 0.236166000 0.920881000
vt 0.236176750 0.920887000
vt 0.236268000 0.920936500
vt 0.236252000 0.920948500
vt 0.236239500 0.920937000
vt 0.236255500 0.920925000
vt 0.236253750 0.920936750
vt 0.236255500 0.920925000
vt 0.236249500 0.920907500
vt 0.236267000 0.920904500
vt 0.236273000 0.920922000
vt 0.236261250 0.920914750
vt 0.236273000 0.920922000
vt 0.236296000 0.920927500
vt 0.236291000 0.920942000
vt 0.236268000 0.920936500
vt 0.236282000 0.920932000
vt 0.236285500 0.920910000
vt 0.236267000 0.920904500
vt 0.236269000 0.920889500
vt 0.236287500 0.920895000
vt 0.236277250 0.920899750
vt 0.236287500 0.920895000
vt 0.236299000 0.920884500
vt 0.236311500 0.920896500
vt 0.236300000 0.920907000
vt 0.236299500 0.920895750
vt 0.236300000 0.920907000
vt 0.236310500 0.920924500
vt 0.236296000 0.920927500
vt 0.236285500 0.920910000
vt 0.236298000 0.920917250
vt 0.236216000 0.920891000
vt 0.236201000 0.920904000
vt 0.236187500 0.920893000
vt 0.236202500 0.920880000
vt 0.236201750 0.920892000
vt 0.236202500 0.920880000
vt 0.236197000 0.920863500
vt 0.236215000 0.920859500
vt 0.236220500 0.920876000
vt 0.236208750 0.920869750
vt 0.236220500 0.920876000
vt 0.236241000 0.920881500
vt 0.236236500 0.920896500
vt 0.236216000 0.920891000
vt 0.236228500 0.920886250
vt 0.236236000 0.920864000
vt 0.236215000 0.920859500
vt 0.236220000 0.920845500
vt 0.236241000 0.920850000
vt 0.236228000 0.920854750
vt 0.236241000 0.920850000
vt 0.236261500 0.920837500
vt 0.236274500 0.920848500
vt 0.236254000 0.920861000
vt 0.236257750 0.920849250
vt 0.236254000 0.920861000
vt 0.236259000 0.920878500
vt 0.236241000 0.920881500
vt 0.236236000 0.920864000
vt 0.236247500 0.920871250
vt 0.236282000 0.920877500
vt 0.236269000 0.920889500
vt 0.236259000 0.920878500
vt 0.236272000 0.920866500
vt 0.236270500 0.920878000
vt 0.236272000 0.920866500
vt 0.236274500 0.920848500
vt 0.236289500 0.920846500
vt 0.236287000 0.920864500
vt 0.236280750 0.920856500
vt 0.236287000 0.920864500
vt 0.236304000 0.920871500
vt 0.236299000 0.920884500
vt 0.236282000 0.920877500
vt 0.236293000 0.920874500
vt 0.236301500 0.920857000
vt 0.236289500 0.920846500
vt 0.236297000 0.920837000
vt 0.236309000 0.920847500
vt 0.236299250 0.920847000
vt 0.236309000 0.920847500
vt 0.236325500 0.920843500
vt 0.236334000 0.920854500
vt 0.236317500 0.920858500
vt 0.236321500 0.920851000
vt 0.236317500 0.920858500
vt 0.236320000 0.920873000
vt 0.236304000 0.920871500
vt 0.236301500 0.920857000
vt 0.236310750 0.920865000
vt 0.236165500 0.920852000
vt 0.236148500 0.920862500
vt 0.236136500 0.920854500
vt 0.236153500 0.920844000
vt 0.236151000 0.920853250
vt 0.236153500 0.920844000
vt 0.236151500 0.920832500
vt 0.236168000 0.920827500
vt 0.236170000 0.920839000
vt 0.236160750 0.920835750
vt 0.236170000 0.920839000
vt 0.236189500 0.920841000
vt 0.236185000 0.920854000
vt 0.236165500 0.920852000
vt 0.236177500 0.920846500
vt 0.236184500 0.920827500
vt 0.236168000 0.920827500
vt 0.236173000 0.920815500
vt 0.236189500 0.920815500
vt 0.236178750 0.920821500
vt 0.236189500 0.920815500
vt 0.236204000 0.920805500
vt 0.236216000 0.920813000
vt 0.236201500 0.920823000
vt 0.236202750 0.920814250
vt 0.236201500 0.920823000
vt 0.236206500 0.920836500
vt 0.236189500 0.920841000
vt 0.236184500 0.920827500
vt 0.236195500 0.920832000
vt 0.236235000 0.920835000
vt 0.236220000 0.920845500
vt 0.236206500 0.920836500
vt 0.236221500 0.920826000
vt 0.236220750 0.920835750
vt 0.236221500 0.920826000
vt 0.236216000 0.920813000
vt 0.236234500 0.920810500
vt 0.236240000 0.920823500
vt 0.236228000 0.920818250
vt 0.236240000 0.920823500
vt 0.236266500 0.920826000
vt 0.236261500 0.920837500
vt 0.236235000 0.920835000
vt 0.236250750 0.920830500
vt 0.236255000 0.920815000
vt 0.236234500 0.920810500
vt 0.236238000 0.920800500
vt 0.236258500 0.920805000
vt 0.236246500 0.920807750
vt 0.236258500 0.920805000
vt 0.236271500 0.920798500
vt 0.236285000 0.920807500
vt 0.236272000 0.920814000
vt 0.236271750 0.920806250
vt 0.236272000 0.920814000
vt 0.236283500 0.920825000
vt 0.236266500 0.920826000
vt 0.236255000 0.920815000
vt 0.236269250 0.920820000
vt 0.236285000 0.920443000
vt 0.236297000 0.920435500
vt 0.236313000 0.920443500
vt 0.236301000 0.920451000
vt 0.236299000 0.920443250
vt 0.236301000 0.920451000
vt 0.236315000 0.920460500
vt 0.236298500 0.920462500
vt 0.236284500 0.920453000
vt 0.236299750 0.920456750
vt 0.236284500 0.920453000
vt 0.236263500 0.920450000
vt 0.236264000 0.920440000
vt 0.236285000 0.920443000
vt 0.236274250 0.920446500
vt 0.236274500 0.920461000
vt 0.236298500 0.920462500
vt 0.236298500 0.920473000
vt 0.236274500 0.920471500
vt 0.236286500 0.920467000
vt 0.236274500 0.920471500
vt 0.236265500 0.920480500
vt 0.236251000 0.920473000
vt 0.236260000 0.920464000
vt 0.236262750 0.920472250
vt 0.236260000 0.920464000
vt 0.236249000 0.920453000
vt 0.236263500 0.920450000
vt 0.236274500 0.920461000
vt 0.236261750 0.920457000
vt 0.236648500 0.920985000
vt 0.236672500 0.920979500
vt 0.236672000 0.920993500
vt 0.236648000 0.920999000
vt 0.236660250 0.920989250
vt 0.236648000 0.920999000
vt 0.236636500 0.921013000
vt 0.236621000 0.921007500
vt 0.236632500 0.920993500
vt 0.236634500 0.921003250
vt 0.236632500 0.920993500
vt 0.236623500 0.920981500
vt 0.236639500 0.920973000
vt 0.236648500 0.920985000
vt 0.236636000 0.920983250
vt 0.236705000 0.921009500
vt 0.236719500 0.921011000
vt 0.236718500 0.921026000
vt 0.236704000 0.921024500
vt 0.236711750 0.921017750
vt 0.236704000 0.921024500
vt 0.236697500 0.921043500
vt 0.236684500 0.921036000
vt 0.236691000 0.921017000
vt 0.236694250 0.921030250
vt 0.236691000 0.921017000
vt 0.236686500 0.920999500
vt 0.236700500 0.920992000
vt 0.236705000 0.921009500
vt 0.236695750 0.921004500
vt 0.236158500 0.920486000
vt 0.236175000 0.920473500
vt 0.236181000 0.920482500
vt 0.236164500 0.920495000
vt 0.236169750 0.920484250
vt 0.236164500 0.920495000
vt 0.236156500 0.920508000
vt 0.236140500 0.920512000
vt 0.236148500 0.920499000
vt 0.236152500 0.920503500
vt 0.236148500 0.920499000
vt 0.236134000 0.920496500
vt 0.236144000 0.920483500
vt 0.236158500 0.920486000
vt 0.236146250 0.920491250
vt 0.236657500 0.921012000
vt 0.236672000 0.920993500
vt 0.236686500 0.920999500
vt 0.236672000 0.921018000
vt 0.236672000 0.921005750
vt 0.236672000 0.921018000
vt 0.236684500 0.921036000
vt 0.236668500 0.921045000
vt 0.236656000 0.921027000
vt 0.236670250 0.921031500
vt 0.236656000 0.921027000
vt 0.236635000 0.921028000
vt 0.236636500 0.921013000
vt 0.236657500 0.921012000
vt 0.236646250 0.921020000
vt 0.236644000 0.921042000
vt 0.236668500 0.921045000
vt 0.236667000 0.921058500
vt 0.236642500 0.921055500
vt 0.236655500 0.921050250
vt 0.236642500 0.921055500
vt 0.236630500 0.921071500
vt 0.236615500 0.921065000
vt 0.236627500 0.921049000
vt 0.236629000 0.921060250
vt 0.236627500 0.921049000
vt 0.236618500 0.921035000
vt 0.236635000 0.921028000
vt 0.236644000 0.921042000
vt 0.236631250 0.921038500
vt 0.236713000 0.921037500
vt 0.236718500 0.921026000
vt 0.236733000 0.921030000
vt 0.236727500 0.921041500
vt 0.236723000 0.921033750
vt 0.236727500 0.921041500
vt 0.236739000 0.921050500
vt 0.236726000 0.921057500
vt 0.236714500 0.921048500
vt 0.236726750 0.921049500
vt 0.236714500 0.921048500
vt 0.236699000 0.921054500
vt 0.236697500 0.921043500
vt 0.236713000 0.921037500
vt 0.236706000 0.921046000
vt 0.236119000 0.920536500
vt 0.236130500 0.920523000
vt 0.236137000 0.920536500
vt 0.236125500 0.920550000
vt 0.236128000 0.920536500
vt 0.236125500 0.920550000
vt 0.236118500 0.920567000
vt 0.236102500 0.920569000
vt 0.236109500 0.920552000
vt 0.236114000 0.920559500
vt 0.236109500 0.920552000
vt 0.236094500 0.920545000
vt 0.236104000 0.920529500
vt 0.236119000 0.920536500
vt 0.236106750 0.920540750
vt 0.236652000 0.921068000
vt 0.236667000 0.921058500
vt 0.236682500 0.921064000
vt 0.236667500 0.921073500
vt 0.236667250 0.921066000
vt 0.236667500 0.921073500
vt 0.236676500 0.921085500
vt 0.236660000 0.921093000
vt 0.236651000 0.921081000
vt 0.236663750 0.921083250
vt 0.236651000 0.921081000
vt 0.236629500 0.921084500
vt 0.236630500 0.921071500
vt 0.236652000 0.921068000
vt 0.236640750 0.921076250
vt 0.236087500 0.920600000
vt 0.236095500 0.920585500
vt 0.236103500 0.920598000
vt 0.236095500 0.920612500
vt 0.236095500 0.920599000
vt 0.236095500 0.920612500
vt 0.236098000 0.920631500
vt 0.236084500 0.920634500
vt 0.236082000 0.920615500
vt 0.236090000 0.920623500
vt 0.236082000 0.920615500
vt 0.236070500 0.920613000
vt 0.236076000 0.920597500
vt 0.236087500 0.920600000
vt 0.236079000 0.920606500
vt 0.236179500 0.920501000
vt 0.236181000 0.920482500
vt 0.236197500 0.920482500
vt 0.236196000 0.920501000
vt 0.236188500 0.920491750
vt 0.236196000 0.920501000
vt 0.236212000 0.920510000
vt 0.236202000 0.920523000
vt 0.236186000 0.920514000
vt 0.236199000 0.920512000
vt 0.236186000 0.920514000
vt 0.236163000 0.920521000
vt 0.236156500 0.920508000
vt 0.236179500 0.920501000
vt 0.236171250 0.920511000
vt 0.236184500 0.920532000
vt 0.236202000 0.920523000
vt 0.236209500 0.920536500
vt 0.236192000 0.920545500
vt 0.236197000 0.920534250
vt 0.236192000 0.920545500
vt 0.236191000 0.920564500
vt 0.236174000 0.920565000
vt 0.236175000 0.920546000
vt 0.236183000 0.920555250
vt 0.236175000 0.920546000
vt 0.236153500 0.920535000
vt 0.236163000 0.920521000
vt 0.236184500 0.920532000
vt 0.236169000 0.920533500
vt 0.236141000 0.920558000
vt 0.236137000 0.920536500
vt 0.236153500 0.920535000
vt 0.236157500 0.920556500
vt 0.236147250 0.920546500
vt 0.236157500 0.920556500
vt 0.236174000 0.920565000
vt 0.236165000 0.920580000
vt 0.236148500 0.920571500
vt 0.236161250 0.920568250
vt 0.236148500 0.920571500
vt 0.236126000 0.920580500
vt 0.236118500 0.920567000
vt 0.236141000 0.920558000
vt 0.236133500 0.920569250
vt 0.236148000 0.920590500
vt 0.236165000 0.920580000
vt 0.236173500 0.920594000
vt 0.236156500 0.920604500
vt 0.236160750 0.920592250
vt 0.236156500 0.920604500
vt 0.236157500 0.920623500
vt 0.236141000 0.920625000
vt 0.236140000 0.920606000
vt 0.236148750 0.920614750
vt 0.236140000 0.920606000
vt 0.236118000 0.920596000
vt 0.236126000 0.920580500
vt 0.236148000 0.920590500
vt 0.236133000 0.920593250
vt 0.236110500 0.920619500
vt 0.236103500 0.920598000
vt 0.236118000 0.920596000
vt 0.236125000 0.920617500
vt 0.236114250 0.920607750
vt 0.236125000 0.920617500
vt 0.236141000 0.920625000
vt 0.236135000 0.920639500
vt 0.236119000 0.920632000
vt 0.236130000 0.920628500
vt 0.236119000 0.920632000
vt 0.236106500 0.920644000
vt 0.236098000 0.920631500
vt 0.236110500 0.920619500
vt 0.236108500 0.920631750
vt 0.236121500 0.920649000
vt 0.236135000 0.920639500
vt 0.236144500 0.920651000
vt 0.236131000 0.920660500
vt 0.236133000 0.920650000
vt 0.236131000 0.920660500
vt 0.236134500 0.920676000
vt 0.236121000 0.920678500
vt 0.236117500 0.920663000
vt 0.236126000 0.920669500
vt 0.236117500 0.920663000
vt 0.236102500 0.920658000
vt 0.236106500 0.920644000
vt 0.236121500 0.920649000
vt 0.236112000 0.920653500
vt 0.236787000 0.921088000
vt 0.236773500 0.921086000
vt 0.236773500 0.921074000
vt 0.236787000 0.921076000
vt 0.236780250 0.921081000
vt 0.236787000 0.921076000
vt 0.236795500 0.921064500
vt 0.236809000 0.921074500
vt 0.236800500 0.921086000
vt 0.236798000 0.921075250
vt 0.236800500 0.921086000
vt 0.236809000 0.921103500
vt 0.236795500 0.921105500
vt 0.236787000 0.921088000
vt 0.236798000 0.921095750
vt 0.266332500 0.922392500
vt 0.266334000 0.922377500
vt 0.266353500 0.922385000
vt 0.266352000 0.922400000
vt 0.266343000 0.922388750
vt 0.266352000 0.922400000
vt 0.266370000 0.922409500
vt 0.266365500 0.922424000
vt 0.266347500 0.922414500
vt 0.266358750 0.922412000
vt 0.266347500 0.922414500
vt 0.266343000 0.922428500
vt 0.266327500 0.922420000
vt 0.266332000 0.922406000
vt 0.266337500 0.922417250
vt 0.266332000 0.922406000
vt 0.266313500 0.922398500
vt 0.266314000 0.922385000
vt 0.266332500 0.922392500
vt 0.266323000 0.922395500
vt 0.265740500 0.923238500
vt 0.265730500 0.923253500
vt 0.265713000 0.923246000
vt 0.265723000 0.923231000
vt 0.265726750 0.923242250
vt 0.265723000 0.923231000
vt 0.265706000 0.923221000
vt 0.265717000 0.923206500
vt 0.265734000 0.923216500
vt 0.265720000 0.923218750
vt 0.265734000 0.923216500
vt 0.265745500 0.923203500
vt 0.265762000 0.923212000
vt 0.265750500 0.923225000
vt 0.265748000 0.923214250
vt 0.265750500 0.923225000
vt 0.265767500 0.923231500
vt 0.265757500 0.923245000
vt 0.265740500 0.923238500
vt 0.265754000 0.923235000
vt 0.266476500 0.922468000
vt 0.266465500 0.922481000
vt 0.266452500 0.922473500
vt 0.266463500 0.922460500
vt 0.266464500 0.922470750
vt 0.266463500 0.922460500
vt 0.266450000 0.922448500
vt 0.266463500 0.922433000
vt 0.266477000 0.922445000
vt 0.266463500 0.922446750
vt 0.266477000 0.922445000
vt 0.266490000 0.922431500
vt 0.266503000 0.922442000
vt 0.266490000 0.922455500
vt 0.266490000 0.922443500
vt 0.266490000 0.922455500
vt 0.266500000 0.922462000
vt 0.266486500 0.922474500
vt 0.266476500 0.922468000
vt 0.266488250 0.922465000
vt 0.266477000 0.922418500
vt 0.266463500 0.922433000
vt 0.266450000 0.922418500
vt 0.266463500 0.922404000
vt 0.266463500 0.922418500
vt 0.266463500 0.922404000
vt 0.266450000 0.922387500
vt 0.266463500 0.922374500
vt 0.266477000 0.922391000
vt 0.266463500 0.922389250
vt 0.266477000 0.922391000
vt 0.266490000 0.922379000
vt 0.266503000 0.922393500
vt 0.266490000 0.922405500
vt 0.266490000 0.922392250
vt 0.266490000 0.922405500
vt 0.266503000 0.922418500
vt 0.266490000 0.922431500
vt 0.266477000 0.922418500
vt 0.266490000 0.922418500
vt 0.265734000 0.923139000
vt 0.265717000 0.923149000
vt 0.265706000 0.923133500
vt 0.265723000 0.923123500
vt 0.265720000 0.923136250
vt 0.265723000 0.923123500
vt 0.265713000 0.923107500
vt 0.265730500 0.923099500
vt 0.265740500 0.923115500
vt 0.265726750 0.923111500
vt 0.265740500 0.923115500
vt 0.265757500 0.923108500
vt 0.265767500 0.923123000
vt 0.265750500 0.923130000
vt 0.265754000 0.923119250
vt 0.265750500 0.923130000
vt 0.265762000 0.923143500
vt 0.265745500 0.923152500
vt 0.265734000 0.923139000
vt 0.265748000 0.923141250
vt 0.266357000 0.922439000
vt 0.266365500 0.922424000
vt 0.266380000 0.922437000
vt 0.266371500 0.922452000
vt 0.266368500 0.922438000
vt 0.266371500 0.922452000
vt 0.266381500 0.922467500
vt 0.266368500 0.922481500
vt 0.266358500 0.922466000
vt 0.266370000 0.922466750
vt 0.266358500 0.922466000
vt 0.266343500 0.922481500
vt 0.266334500 0.922469000
vt 0.266349500 0.922453500
vt 0.266346500 0.922467500
vt 0.266349500 0.922453500
vt 0.266335500 0.922443000
vt 0.266343000 0.922428500
vt 0.266357000 0.922439000
vt 0.266346250 0.922441000
vt 0.266351000 0.922492000
vt 0.266368500 0.922481500
vt 0.266373500 0.922496500
vt 0.266356000 0.922507000
vt 0.266362250 0.922494250
vt 0.266356000 0.922507000
vt 0.266358500 0.922523000
vt 0.266340000 0.922531500
vt 0.266337500 0.922515500
vt 0.266348000 0.922519250
vt 0.266337500 0.922515500
vt 0.266320000 0.922522500
vt 0.266317000 0.922508000
vt 0.266334500 0.922501000
vt 0.266327250 0.922511750
vt 0.266334500 0.922501000
vt 0.266327000 0.922490500
vt 0.266343500 0.922481500
vt 0.266351000 0.922492000
vt 0.266339000 0.922491250
vt 0.265730000 0.923191500
vt 0.265717000 0.923206500
vt 0.265702000 0.923193000
vt 0.265715000 0.923178000
vt 0.265716000 0.923192250
vt 0.265715000 0.923178000
vt 0.265702000 0.923162500
vt 0.265717000 0.923149000
vt 0.265730000 0.923164500
vt 0.265716000 0.923163500
vt 0.265730000 0.923164500
vt 0.265745500 0.923152500
vt 0.265759000 0.923166000
vt 0.265743500 0.923178000
vt 0.265744500 0.923165250
vt 0.265743500 0.923178000
vt 0.265759000 0.923190000
vt 0.265745500 0.923203500
vt 0.265730000 0.923191500
vt 0.265744500 0.923190750
vt 0.266472500 0.922489500
vt 0.266482000 0.922493000
vt 0.266482500 0.922493000
vt 0.266473000 0.922489500
vt 0.266477500 0.922491250
vt 0.266473000 0.922489500
vt 0.266463500 0.922488000
vt 0.266465500 0.922481000
vt 0.266475000 0.922482500
vt 0.266469250 0.922485250
vt 0.266475000 0.922482500
vt 0.266486500 0.922474500
vt 0.266487000 0.922476500
vt 0.266475500 0.922484500
vt 0.266481000 0.922479500
vt 0.266475500 0.922484500
vt 0.266463500 0.922486000
vt 0.266460500 0.922491000
vt 0.266472500 0.922489500
vt 0.266468000 0.922487750
vt 0.236826500 0.920923500
vt 0.236807500 0.920918500
vt 0.236814500 0.920903500
vt 0.236833500 0.920908500
vt 0.236820500 0.920913500
vt 0.236833500 0.920908500
vt 0.236848000 0.920897500
vt 0.236857500 0.920909500
vt 0.236843000 0.920920500
vt 0.236845500 0.920909000
vt 0.236843000 0.920920500
vt 0.236843500 0.920939000
vt 0.236827000 0.920942000
vt 0.236826500 0.920923500
vt 0.236835000 0.920931250
vt 0.236864500 0.920870000
vt 0.236850500 0.920859500
vt 0.236862500 0.920850500
vt 0.236876500 0.920861000
vt 0.236863500 0.920860250
vt 0.236876500 0.920861000
vt 0.236896000 0.920859500
vt 0.236899500 0.920873000
vt 0.236880000 0.920874500
vt 0.236888000 0.920867000
vt 0.236880000 0.920874500
vt 0.236874500 0.920888500
vt 0.236859000 0.920884000
vt 0.236864500 0.920870000
vt 0.236869500 0.920879250
vt 0.236846500 0.920818500
vt 0.236832000 0.920809000
vt 0.236845000 0.920799000
vt 0.236859500 0.920808500
vt 0.236845750 0.920808750
vt 0.236859500 0.920808500
vt 0.236880500 0.920805000
vt 0.236885000 0.920818000
vt 0.236864000 0.920821500
vt 0.236872250 0.920813250
vt 0.236864000 0.920821500
vt 0.236858500 0.920837000
vt 0.236841000 0.920834000
vt 0.236846500 0.920818500
vt 0.236852500 0.920827750
vt 0.236352500 0.920763500
vt 0.236351500 0.920749500
vt 0.236367500 0.920743500
vt 0.236368500 0.920757500
vt 0.236360000 0.920753500
vt 0.236368500 0.920757500
vt 0.236387500 0.920758500
vt 0.236380000 0.920771500
vt 0.236361000 0.920770500
vt 0.236374250 0.920764500
vt 0.236361000 0.920770500
vt 0.236344000 0.920782000
vt 0.236335500 0.920775000
vt 0.236352500 0.920763500
vt 0.236348250 0.920772750
vt 0.236882000 0.920846500
vt 0.236862500 0.920850500
vt 0.236858500 0.920837000
vt 0.236878000 0.920833000
vt 0.236870250 0.920841750
vt 0.236878000 0.920833000
vt 0.236885000 0.920818000
vt 0.236903000 0.920823000
vt 0.236896000 0.920838000
vt 0.236890500 0.920828000
vt 0.236896000 0.920838000
vt 0.236910000 0.920851000
vt 0.236896000 0.920859500
vt 0.236882000 0.920846500
vt 0.236896000 0.920848750
vt 0.236919500 0.920837500
vt 0.236903000 0.920823000
vt 0.236920000 0.920817000
vt 0.236936500 0.920831500
vt 0.236919750 0.920827250
vt 0.236936500 0.920831500
vt 0.236965000 0.920835500
vt 0.236968500 0.920850000
vt 0.236940000 0.920846000
vt 0.236952500 0.920840750
vt 0.236940000 0.920846000
vt 0.236930500 0.920859500
vt 0.236910000 0.920851000
vt 0.236919500 0.920837500
vt 0.236925000 0.920848500
vt 0.236865000 0.920794000
vt 0.236845000 0.920799000
vt 0.236840500 0.920787000
vt 0.236860500 0.920782000
vt 0.236852750 0.920790500
vt 0.236860500 0.920782000
vt 0.236868000 0.920772000
vt 0.236886000 0.920775500
vt 0.236878500 0.920785500
vt 0.236873250 0.920778750
vt 0.236878500 0.920785500
vt 0.236894000 0.920796500
vt 0.236880500 0.920805000
vt 0.236865000 0.920794000
vt 0.236879500 0.920795250
vt 0.236900000 0.920783000
vt 0.236886000 0.920775500
vt 0.236900000 0.920768500
vt 0.236914000 0.920776000
vt 0.236900000 0.920775750
vt 0.236914000 0.920776000
vt 0.236934000 0.920775500
vt 0.236939000 0.920788000
vt 0.236919000 0.920788500
vt 0.236926500 0.920782000
vt 0.236919000 0.920788500
vt 0.236913000 0.920802000
vt 0.236894000 0.920796500
vt 0.236900000 0.920783000
vt 0.236906500 0.920792500
vt 0.236943500 0.920817500
vt 0.236920000 0.920817000
vt 0.236913000 0.920802000
vt 0.236936500 0.920802500
vt 0.236928250 0.920809750
vt 0.236936500 0.920802500
vt 0.236939000 0.920788000
vt 0.236959000 0.920796000
vt 0.236956500 0.920810500
vt 0.236947750 0.920799250
vt 0.236956500 0.920810500
vt 0.236978000 0.920828500
vt 0.236965000 0.920835500
vt 0.236943500 0.920817500
vt 0.236960750 0.920823000
vt 0.236975000 0.920811000
vt 0.236959000 0.920796000
vt 0.236966000 0.920787500
vt 0.236982000 0.920802500
vt 0.236970500 0.920799250
vt 0.236982000 0.920802500
vt 0.236995000 0.920801000
vt 0.237003500 0.920817000
vt 0.236990500 0.920818500
vt 0.236992750 0.920809750
vt 0.236990500 0.920818500
vt 0.236993500 0.920836000
vt 0.236978000 0.920828500
vt 0.236975000 0.920811000
vt 0.236984250 0.920823500
vt 0.236383000 0.920743500
vt 0.236367500 0.920743500
vt 0.236373500 0.920729500
vt 0.236389000 0.920729500
vt 0.236378250 0.920736500
vt 0.236389000 0.920729500
vt 0.236402000 0.920713000
vt 0.236412000 0.920717500
vt 0.236399000 0.920734000
vt 0.236400500 0.920723500
vt 0.236399000 0.920734000
vt 0.236403500 0.920749000
vt 0.236387500 0.920758500
vt 0.236383000 0.920743500
vt 0.236393250 0.920746250
vt 0.236419000 0.920726000
vt 0.236412000 0.920717500
vt 0.236430500 0.920700000
vt 0.236437500 0.920708500
vt 0.236424750 0.920713000
vt 0.236437500 0.920708500
vt 0.236462000 0.920694500
vt 0.236460000 0.920709500
vt 0.236435500 0.920723500
vt 0.236448750 0.920709000
vt 0.236435500 0.920723500
vt 0.236420000 0.920746500
vt 0.236403500 0.920749000
vt 0.236419000 0.920726000
vt 0.236419500 0.920736250
vt 0.236454000 0.920745500
vt 0.236424000 0.920761500
vt 0.236420000 0.920746500
vt 0.236450000 0.920730500
vt 0.236437000 0.920746000
vt 0.236450000 0.920730500
vt 0.236460000 0.920709500
vt 0.236483500 0.920707000
vt 0.236473500 0.920728000
vt 0.236466750 0.920718750
vt 0.236473500 0.920728000
vt 0.236493000 0.920737000
vt 0.236473500 0.920754500
vt 0.236454000 0.920745500
vt 0.236473500 0.920741250
vt 0.236499000 0.920719500
vt 0.236483500 0.920707000
vt 0.236496500 0.920696000
vt 0.236512000 0.920708500
vt 0.236497750 0.920707750
vt 0.236512000 0.920708500
vt 0.236530000 0.920705500
vt 0.236535000 0.920720500
vt 0.236517000 0.920723500
vt 0.236523500 0.920714500
vt 0.236517000 0.920723500
vt 0.236511000 0.920741000
vt 0.236493000 0.920737000
vt 0.236499000 0.920719500
vt 0.236505000 0.920730250
vt 0.236536500 0.920747000
vt 0.236516500 0.920753000
vt 0.236511000 0.920741000
vt 0.236531000 0.920735000
vt 0.236523750 0.920744000
vt 0.236531000 0.920735000
vt 0.236535000 0.920720500
vt 0.236550500 0.920723500
vt 0.236546500 0.920738000
vt 0.236540750 0.920729250
vt 0.236546500 0.920738000
vt 0.236558500 0.920744500
vt 0.236548500 0.920753500
vt 0.236536500 0.920747000
vt 0.236547500 0.920745750
vt 0.236562000 0.920733000
vt 0.236550500 0.920723500
vt 0.236559500 0.920713500
vt 0.236571000 0.920723000
vt 0.236560750 0.920723250
vt 0.236571000 0.920723000
vt 0.236586500 0.920717000
vt 0.236591000 0.920728500
vt 0.236575500 0.920734500
vt 0.236581000 0.920725750
vt 0.236575500 0.920734500
vt 0.236572000 0.920746000
vt 0.236558500 0.920744500
vt 0.236562000 0.920733000
vt 0.236567000 0.920739500
vt 0.236577000 0.920709000
vt 0.236559500 0.920713500
vt 0.236558500 0.920702000
vt 0.236576000 0.920697500
vt 0.236567750 0.920705500
vt 0.236576000 0.920697500
vt 0.236584500 0.920684000
vt 0.236598000 0.920686000
vt 0.236589500 0.920699500
vt 0.236587000 0.920691750
vt 0.236589500 0.920699500
vt 0.236599000 0.920707500
vt 0.236586500 0.920717000
vt 0.236577000 0.920709000
vt 0.236588000 0.920708250
vt 0.236516500 0.920691500
vt 0.236496500 0.920696000
vt 0.236492500 0.920680000
vt 0.236512500 0.920675500
vt 0.236504500 0.920685750
vt 0.236512500 0.920675500
vt 0.236519000 0.920658500
vt 0.236535500 0.920665000
vt 0.236529000 0.920682000
vt 0.236524000 0.920670250
vt 0.236529000 0.920682000
vt 0.236542500 0.920696000
vt 0.236530000 0.920705500
vt 0.236516500 0.920691500
vt 0.236529500 0.920693750
vt 0.236449500 0.920684500
vt 0.236430500 0.920700000
vt 0.236429500 0.920683500
vt 0.236448500 0.920668000
vt 0.236439500 0.920684000
vt 0.236448500 0.920668000
vt 0.236455500 0.920644500
vt 0.236470500 0.920641500
vt 0.236463500 0.920665000
vt 0.236459500 0.920654750
vt 0.236463500 0.920665000
vt 0.236476000 0.920675000
vt 0.236462000 0.920694500
vt 0.236449500 0.920684500
vt 0.236462750 0.920679750
vt 0.236565000 0.920686000
vt 0.236558500 0.920702000
vt 0.236542500 0.920696000
vt 0.236549000 0.920680000
vt 0.236553750 0.920691000
vt 0.236549000 0.920680000
vt 0.236535500 0.920665000
vt 0.236548500 0.920656500
vt 0.236562000 0.920671500
vt 0.236548750 0.920668250
vt 0.236562000 0.920671500
vt 0.236581500 0.920669500
vt 0.236584500 0.920684000
vt 0.236565000 0.920686000
vt 0.236573250 0.920677750
vt 0.236637500 0.920591500
vt 0.236642000 0.920573500
vt 0.236653500 0.920584500
vt 0.236649000 0.920602500
vt 0.236645500 0.920588000
vt 0.236649000 0.920602500
vt 0.236657000 0.920618500
vt 0.236648000 0.920631500
vt 0.236640000 0.920615500
vt 0.236648500 0.920617000
vt 0.236640000 0.920615500
vt 0.236632000 0.920625500
vt 0.236627500 0.920614000
vt 0.236635500 0.920604000
vt 0.236633750 0.920614750
vt 0.236635500 0.920604000
vt 0.236625500 0.920596000
vt 0.236627500 0.920583500
vt 0.236637500 0.920591500
vt 0.236631500 0.920593750
vt 0.236499500 0.920660000
vt 0.236492500 0.920680000
vt 0.236476000 0.920675000
vt 0.236483000 0.920655000
vt 0.236487750 0.920667500
vt 0.236483000 0.920655000
vt 0.236470500 0.920641500
vt 0.236484000 0.920629500
vt 0.236496500 0.920643000
vt 0.236483500 0.920642250
vt 0.236496500 0.920643000
vt 0.236516000 0.920641500
vt 0.236519000 0.920658500
vt 0.236499500 0.920660000
vt 0.236507750 0.920650750
vt 0.236504000 0.920625000
vt 0.236484000 0.920629500
vt 0.236482000 0.920612500
vt 0.236502000 0.920608000
vt 0.236493000 0.920618750
vt 0.236502000 0.920608000
vt 0.236510000 0.920590000
vt 0.236525500 0.920597000
vt 0.236517500 0.920615000
vt 0.236513750 0.920602500
vt 0.236517500 0.920615000
vt 0.236529500 0.920631500
vt 0.236516000 0.920641500
vt 0.236504000 0.920625000
vt 0.236516750 0.920628250
vt 0.236629500 0.920637500
vt 0.236648000 0.920631500
vt 0.236643000 0.920645500
vt 0.236624500 0.920651500
vt 0.236636250 0.920641500
vt 0.236624500 0.920651500
vt 0.236613000 0.920665500
vt 0.236597500 0.920665500
vt 0.236609000 0.920651500
vt 0.236611000 0.920658500
vt 0.236609000 0.920651500
vt 0.236596000 0.920650000
vt 0.236604500 0.920640500
vt 0.236617500 0.920642000
vt 0.236606750 0.920646000
vt 0.236617500 0.920642000
vt 0.236620000 0.920630000
vt 0.236632000 0.920625500
vt 0.236629500 0.920637500
vt 0.236624750 0.920633750
vt 0.236545500 0.920624500
vt 0.236541000 0.920642500
vt 0.236529500 0.920631500
vt 0.236534000 0.920613500
vt 0.236537500 0.920628000
vt 0.236534000 0.920613500
vt 0.236525500 0.920597000
vt 0.236534500 0.920584500
vt 0.236543000 0.920601000
vt 0.236534250 0.920599000
vt 0.236543000 0.920601000
vt 0.236551000 0.920591500
vt 0.236555500 0.920603000
vt 0.236547500 0.920612500
vt 0.236549250 0.920602000
vt 0.236547500 0.920612500
vt 0.236557500 0.920620500
vt 0.236555500 0.920632500
vt 0.236545500 0.920624500
vt 0.236551500 0.920622500
vt 0.236438000 0.920660500
vt 0.236429500 0.920683500
vt 0.236417000 0.920687500
vt 0.236425500 0.920664500
vt 0.236427500 0.920674000
vt 0.236425500 0.920664500
vt 0.236417500 0.920655000
vt 0.236429000 0.920635000
vt 0.236437000 0.920644500
vt 0.236427250 0.920649750
vt 0.236437000 0.920644500
vt 0.236454500 0.920628500
vt 0.236455500 0.920644500
vt 0.236438000 0.920660500
vt 0.236446250 0.920644500
vt 0.236445000 0.920618500
vt 0.236429000 0.920635000
vt 0.236429000 0.920616000
vt 0.236445000 0.920599500
vt 0.236437000 0.920617250
vt 0.236445000 0.920599500
vt 0.236453500 0.920574000
vt 0.236466000 0.920572000
vt 0.236457500 0.920597500
vt 0.236455500 0.920585750
vt 0.236457500 0.920597500
vt 0.236467000 0.920607500
vt 0.236454500 0.920628500
vt 0.236445000 0.920618500
vt 0.236456000 0.920613000
vt 0.236490500 0.920592000
vt 0.236482000 0.920612500
vt 0.236467000 0.920607500
vt 0.236475500 0.920587000
vt 0.236478750 0.920599750
vt 0.236475500 0.920587000
vt 0.236466000 0.920572000
vt 0.236480500 0.920560000
vt 0.236490000 0.920575000
vt 0.236478000 0.920573500
vt 0.236490000 0.920575000
vt 0.236509500 0.920573000
vt 0.236510000 0.920590000
vt 0.236490500 0.920592000
vt 0.236500000 0.920582500
vt 0.236500000 0.920557000
vt 0.236480500 0.920560000
vt 0.236480500 0.920543500
vt 0.236500000 0.920540500
vt 0.236490250 0.920550250
vt 0.236500000 0.920540500
vt 0.236510000 0.920524500
vt 0.236525000 0.920531500
vt 0.236515000 0.920547500
vt 0.236512500 0.920536000
vt 0.236515000 0.920547500
vt 0.236524500 0.920563500
vt 0.236509500 0.920573000
vt 0.236500000 0.920557000
vt 0.236512250 0.920560250
vt 0.236549000 0.920552000
vt 0.236539000 0.920569500
vt 0.236524500 0.920563500
vt 0.236534500 0.920546000
vt 0.236536750 0.920557750
vt 0.236534500 0.920546000
vt 0.236525000 0.920531500
vt 0.236539500 0.920522500
vt 0.236549000 0.920537000
vt 0.236537000 0.920534250
vt 0.236549000 0.920537000
vt 0.236569000 0.920534500
vt 0.236569000 0.920549500
vt 0.236549000 0.920552000
vt 0.236559000 0.920543250
vt 0.236558000 0.920522000
vt 0.236539500 0.920522500
vt 0.236539000 0.920509000
vt 0.236557500 0.920508500
vt 0.236548500 0.920515500
vt 0.236557500 0.920508500
vt 0.236566000 0.920497000
vt 0.236580000 0.920503000
vt 0.236571500 0.920514500
vt 0.236568750 0.920505750
vt 0.236571500 0.920514500
vt 0.236582500 0.920527000
vt 0.236569000 0.920534500
vt 0.236558000 0.920522000
vt 0.236570250 0.920524500
vt 0.236550000 0.920495000
vt 0.236539000 0.920509000
vt 0.236528000 0.920501500
vt 0.236539000 0.920487500
vt 0.236539000 0.920498250
vt 0.236539000 0.920487500
vt 0.236537000 0.920471000
vt 0.236551500 0.920465500
vt 0.236553500 0.920482000
vt 0.236545250 0.920476500
vt 0.236553500 0.920482000
vt 0.236569500 0.920484000
vt 0.236566000 0.920497000
vt 0.236550000 0.920495000
vt 0.236559750 0.920489500
vt 0.236491500 0.920525000
vt 0.236480500 0.920543500
vt 0.236468000 0.920536500
vt 0.236479000 0.920518000
vt 0.236479750 0.920530750
vt 0.236479000 0.920518000
vt 0.236467500 0.920498500
vt 0.236482500 0.920489500
vt 0.236494000 0.920509000
vt 0.236480750 0.920503750
vt 0.236494000 0.920509000
vt 0.236512500 0.920508500
vt 0.236510000 0.920524500
vt 0.236491500 0.920525000
vt 0.236502000 0.920516750
vt 0.236437000 0.920584000
vt 0.236429000 0.920616000
vt 0.236416500 0.920612500
vt 0.236424500 0.920580500
vt 0.236426750 0.920598250
vt 0.236424500 0.920580500
vt 0.236414000 0.920563500
vt 0.236427000 0.920542000
vt 0.236437500 0.920559000
vt 0.236425750 0.920561250
vt 0.236437500 0.920559000
vt 0.236454000 0.920549000
vt 0.236453500 0.920574000
vt 0.236437000 0.920584000
vt 0.236445500 0.920566500
vt 0.236522000 0.920487000
vt 0.236528000 0.920501500
vt 0.236512500 0.920508500
vt 0.236506500 0.920494000
vt 0.236517250 0.920497750
vt 0.236506500 0.920494000
vt 0.236482500 0.920489500
vt 0.236486500 0.920475500
vt 0.236510500 0.920480000
vt 0.236496500 0.920484750
vt 0.236510500 0.920480000
vt 0.236525500 0.920464000
vt 0.236537000 0.920471000
vt 0.236522000 0.920487000
vt 0.236523750 0.920475500
vt 0.236506000 0.920466500
vt 0.236486500 0.920475500
vt 0.236475500 0.920469000
vt 0.236495000 0.920460000
vt 0.236490750 0.920467750
vt 0.236495000 0.920460000
vt 0.236491500 0.920447000
vt 0.236507500 0.920440000
vt 0.236511000 0.920453000
vt 0.236501250 0.920450000
vt 0.236511000 0.920453000
vt 0.236530500 0.920450500
vt 0.236525500 0.920464000
vt 0.236506000 0.920466500
vt 0.236518250 0.920458500
vt 0.236461000 0.920520500
vt 0.236468000 0.920536500
vt 0.236454000 0.920549000
vt 0.236447000 0.920533000
vt 0.236457500 0.920534750
vt 0.236447000 0.920533000
vt 0.236427000 0.920542000
vt 0.236426000 0.920526000
vt 0.236446000 0.920517000
vt 0.236436500 0.920529500
vt 0.236446000 0.920517000
vt 0.236452500 0.920495000
vt 0.236467500 0.920498500
vt 0.236461000 0.920520500
vt 0.236456750 0.920507750
vt 0.236428000 0.920512000
vt 0.236426000 0.920526000
vt 0.236400000 0.920533000
vt 0.236402000 0.920519000
vt 0.236414000 0.920522500
vt 0.236402000 0.920519000
vt 0.236373000 0.920522000
vt 0.236385000 0.920510500
vt 0.236414000 0.920507500
vt 0.236393500 0.920514750
vt 0.236414000 0.920507500
vt 0.236438500 0.920490500
vt 0.236452500 0.920495000
vt 0.236428000 0.920512000
vt 0.236433250 0.920501250
vt 0.236412000 0.920487000
vt 0.236444000 0.920479000
vt 0.236438500 0.920490500
vt 0.236406500 0.920498500
vt 0.236425250 0.920488750
vt 0.236406500 0.920498500
vt 0.236385000 0.920510500
vt 0.236363000 0.920506500
vt 0.236384500 0.920494500
vt 0.236384750 0.920502500
vt 0.236384500 0.920494500
vt 0.236372000 0.920485500
vt 0.236399500 0.920478000
vt 0.236412000 0.920487000
vt 0.236392000 0.920486250
vt 0.236356500 0.920492000
vt 0.236363000 0.920506500
vt 0.236345000 0.920507500
vt 0.236338500 0.920493000
vt 0.236350750 0.920499750
vt 0.236338500 0.920493000
vt 0.236325000 0.920482500
vt 0.236329000 0.920471000
vt 0.236342500 0.920481500
vt 0.236333750 0.920482000
vt 0.236342500 0.920481500
vt 0.236358000 0.920475000
vt 0.236372000 0.920485500
vt 0.236356500 0.920492000
vt 0.236357250 0.920483500
vt 0.236407500 0.920595000
vt 0.236416500 0.920612500
vt 0.236404000 0.920636000
vt 0.236395000 0.920618500
vt 0.236405750 0.920615500
vt 0.236395000 0.920618500
vt 0.236377000 0.920633500
vt 0.236375000 0.920609500
vt 0.236393000 0.920594500
vt 0.236385000 0.920614000
vt 0.236393000 0.920594500
vt 0.236399500 0.920563000
vt 0.236414000 0.920563500
vt 0.236407500 0.920595000
vt 0.236403500 0.920579000
vt 0.236377500 0.920583000
vt 0.236375000 0.920609500
vt 0.236355000 0.920617000
vt 0.236357500 0.920590500
vt 0.236366250 0.920600000
vt 0.236357500 0.920590500
vt 0.236337000 0.920587000
vt 0.236348000 0.920564500
vt 0.236368500 0.920568000
vt 0.236352750 0.920577500
vt 0.236368500 0.920568000
vt 0.236390500 0.920548000
vt 0.236399500 0.920563000
vt 0.236377500 0.920583000
vt 0.236384000 0.920565500
vt 0.236377000 0.920534000
vt 0.236400000 0.920533000
vt 0.236390500 0.920548000
vt 0.236367500 0.920549000
vt 0.236383750 0.920541000
vt 0.236367500 0.920549000
vt 0.236348000 0.920564500
vt 0.236334500 0.920559000
vt 0.236354000 0.920543500
vt 0.236351000 0.920554000
vt 0.236354000 0.920543500
vt 0.236350000 0.920531500
vt 0.236373000 0.920522000
vt 0.236377000 0.920534000
vt 0.236363500 0.920532750
vt 0.236332500 0.920542500
vt 0.236334500 0.920559000
vt 0.236317000 0.920561000
vt 0.236315000 0.920544500
vt 0.236324750 0.920551750
vt 0.236315000 0.920544500
vt 0.236297500 0.920536000
vt 0.236304500 0.920522500
vt 0.236322000 0.920531000
vt 0.236309750 0.920533500
vt 0.236322000 0.920531000
vt 0.236339500 0.920520000
vt 0.236350000 0.920531500
vt 0.236332500 0.920542500
vt 0.236336000 0.920531250
vt 0.236325000 0.920501000
vt 0.236345000 0.920507500
vt 0.236339500 0.920520000
vt 0.236319500 0.920513500
vt 0.236332250 0.920510500
vt 0.236319500 0.920513500
vt 0.236304500 0.920522500
vt 0.236294000 0.920510500
vt 0.236309000 0.920501500
vt 0.236306750 0.920512000
vt 0.236309000 0.920501500
vt 0.236309000 0.920483000
vt 0.236325000 0.920482500
vt 0.236325000 0.920501000
vt 0.236317000 0.920492000
vt 0.236292000 0.920495500
vt 0.236294000 0.920510500
vt 0.236279000 0.920512000
vt 0.236277000 0.920497000
vt 0.236285500 0.920503750
vt 0.236277000 0.920497000
vt 0.236261000 0.920492000
vt 0.236265500 0.920480500
vt 0.236281500 0.920485500
vt 0.236271250 0.920488750
vt 0.236281500 0.920485500
vt 0.236298500 0.920473000
vt 0.236309000 0.920483000
vt 0.236292000 0.920495500
vt 0.236295250 0.920484250
vt 0.236834500 0.920890000
vt 0.236814500 0.920903500
vt 0.236809000 0.920891000
vt 0.236829000 0.920877500
vt 0.236821750 0.920890500
vt 0.236829000 0.920877500
vt 0.236834000 0.920860500
vt 0.236850500 0.920859500
vt 0.236845500 0.920876500
vt 0.236839750 0.920868500
vt 0.236845500 0.920876500
vt 0.236859000 0.920884000
vt 0.236848000 0.920897500
vt 0.236834500 0.920890000
vt 0.236846750 0.920887000
vt 0.236771500 0.920888500
vt 0.236755500 0.920894000
vt 0.236750500 0.920879500
vt 0.236766500 0.920874000
vt 0.236761000 0.920884000
vt 0.236766500 0.920874000
vt 0.236770000 0.920856500
vt 0.236784500 0.920859000
vt 0.236781000 0.920876500
vt 0.236775500 0.920866500
vt 0.236781000 0.920876500
vt 0.236792500 0.920890500
vt 0.236783000 0.920902500
vt 0.236771500 0.920888500
vt 0.236782000 0.920889500
vt 0.236178500 0.920763500
vt 0.236158500 0.920756000
vt 0.236164500 0.920746000
vt 0.236184500 0.920753500
vt 0.236171500 0.920754750
vt 0.236184500 0.920753500
vt 0.236200500 0.920747500
vt 0.236211000 0.920759000
vt 0.236195000 0.920765000
vt 0.236197750 0.920756250
vt 0.236195000 0.920765000
vt 0.236200000 0.920776500
vt 0.236183500 0.920775000
vt 0.236178500 0.920763500
vt 0.236189250 0.920770000
vt 0.236815000 0.920869500
vt 0.236809000 0.920891000
vt 0.236792500 0.920890500
vt 0.236798500 0.920869000
vt 0.236803750 0.920880000
vt 0.236798500 0.920869000
vt 0.236784500 0.920859000
vt 0.236796000 0.920845500
vt 0.236810000 0.920855500
vt 0.236797250 0.920857250
vt 0.236810000 0.920855500
vt 0.236829000 0.920846500
vt 0.236834000 0.920860500
vt 0.236815000 0.920869500
vt 0.236822000 0.920858000
vt 0.236814500 0.920837000
vt 0.236796000 0.920845500
vt 0.236791500 0.920832500
vt 0.236810000 0.920824000
vt 0.236803000 0.920834750
vt 0.236810000 0.920824000
vt 0.236815500 0.920808500
vt 0.236832000 0.920809000
vt 0.236826500 0.920824500
vt 0.236821000 0.920816500
vt 0.236826500 0.920824500
vt 0.236841000 0.920834000
vt 0.236829000 0.920846500
vt 0.236814500 0.920837000
vt 0.236827750 0.920835500
vt 0.236223000 0.920786000
vt 0.236210000 0.920788500
vt 0.236200000 0.920776500
vt 0.236213000 0.920774000
vt 0.236211500 0.920781250
vt 0.236213000 0.920774000
vt 0.236211000 0.920759000
vt 0.236227500 0.920761000
vt 0.236229500 0.920776000
vt 0.236220250 0.920767500
vt 0.236229500 0.920776000
vt 0.236246500 0.920784500
vt 0.236240000 0.920794500
vt 0.236223000 0.920786000
vt 0.236234750 0.920785250
vt 0.236246000 0.920769500
vt 0.236227500 0.920761000
vt 0.236236500 0.920749500
vt 0.236255000 0.920758000
vt 0.236241250 0.920759500
vt 0.236255000 0.920758000
vt 0.236274000 0.920749000
vt 0.236283500 0.920760500
vt 0.236264500 0.920769500
vt 0.236269250 0.920759250
vt 0.236264500 0.920769500
vt 0.236265000 0.920784500
vt 0.236246500 0.920784500
vt 0.236246000 0.920769500
vt 0.236255500 0.920777000
vt 0.236291500 0.920786500
vt 0.236273500 0.920795000
vt 0.236265000 0.920784500
vt 0.236283000 0.920776000
vt 0.236278250 0.920785500
vt 0.236283000 0.920776000
vt 0.236283500 0.920760500
vt 0.236301500 0.920758500
vt 0.236301000 0.920774000
vt 0.236292250 0.920767250
vt 0.236301000 0.920774000
vt 0.236318500 0.920778000
vt 0.236309000 0.920790500
vt 0.236291500 0.920786500
vt 0.236305000 0.920782250
vt 0.236318500 0.920764000
vt 0.236301500 0.920758500
vt 0.236310000 0.920746000
vt 0.236327000 0.920751500
vt 0.236314250 0.920755000
vt 0.236327000 0.920751500
vt 0.236343000 0.920740000
vt 0.236351500 0.920749500
vt 0.236335500 0.920761000
vt 0.236339250 0.920750500
vt 0.236335500 0.920761000
vt 0.236335500 0.920775000
vt 0.236318500 0.920778000
vt 0.236318500 0.920764000
vt 0.236327000 0.920769500
vt 0.236183000 0.920738000
vt 0.236164500 0.920746000
vt 0.236156500 0.920733000
vt 0.236175000 0.920725000
vt 0.236169750 0.920735500
vt 0.236175000 0.920725000
vt 0.236176000 0.920707000
vt 0.236193000 0.920708000
vt 0.236192000 0.920726000
vt 0.236184000 0.920716500
vt 0.236192000 0.920726000
vt 0.236209500 0.920735500
vt 0.236200500 0.920747500
vt 0.236183000 0.920738000
vt 0.236196250 0.920736750
vt 0.236210000 0.920718000
vt 0.236193000 0.920708000
vt 0.236202500 0.920695000
vt 0.236219500 0.920705000
vt 0.236206250 0.920706500
vt 0.236219500 0.920705000
vt 0.236237500 0.920696500
vt 0.236245500 0.920710000
vt 0.236227500 0.920718500
vt 0.236232500 0.920707500
vt 0.236227500 0.920718500
vt 0.236227000 0.920736000
vt 0.236209500 0.920735500
vt 0.236210000 0.920718000
vt 0.236218500 0.920727000
vt 0.236255000 0.920741000
vt 0.236236500 0.920749500
vt 0.236227000 0.920736000
vt 0.236245500 0.920727500
vt 0.236241000 0.920738500
vt 0.236245500 0.920727500
vt 0.236245500 0.920710000
vt 0.236264500 0.920710000
vt 0.236264500 0.920727500
vt 0.236255000 0.920718750
vt 0.236264500 0.920727500
vt 0.236283500 0.920735500
vt 0.236274000 0.920749000
vt 0.236255000 0.920741000
vt 0.236269250 0.920738250
vt 0.236283000 0.920718500
vt 0.236264500 0.920710000
vt 0.236273500 0.920697000
vt 0.236292000 0.920705500
vt 0.236278250 0.920707750
vt 0.236292000 0.920705500
vt 0.236309500 0.920696000
vt 0.236318500 0.920708500
vt 0.236301000 0.920718000
vt 0.236305250 0.920707000
vt 0.236301000 0.920718000
vt 0.236301500 0.920735000
vt 0.236283500 0.920735500
vt 0.236283000 0.920718500
vt 0.236292250 0.920726750
vt 0.236327000 0.920736000
vt 0.236310000 0.920746000
vt 0.236301500 0.920735000
vt 0.236318500 0.920725000
vt 0.236314250 0.920735500
vt 0.236318500 0.920725000
vt 0.236318500 0.920708500
vt 0.236335000 0.920706000
vt 0.236335000 0.920722500
vt 0.236326750 0.920715500
vt 0.236335000 0.920722500
vt 0.236351000 0.920726500
vt 0.236343000 0.920740000
vt 0.236327000 0.920736000
vt 0.236339000 0.920731250
vt 0.236349500 0.920711500
vt 0.236335000 0.920706000
vt 0.236341000 0.920692500
vt 0.236355500 0.920698000
vt 0.236345250 0.920702000
vt 0.236355500 0.920698000
vt 0.236367000 0.920687500
vt 0.236375000 0.920697500
vt 0.236363500 0.920708000
vt 0.236365250 0.920697750
vt 0.236363500 0.920708000
vt 0.236365000 0.920723000
vt 0.236351000 0.920726500
vt 0.236349500 0.920711500
vt 0.236357250 0.920717250
vt 0.236262000 0.920505000
vt 0.236279000 0.920512000
vt 0.236271000 0.920523500
vt 0.236254000 0.920516500
vt 0.236266500 0.920514250
vt 0.236254000 0.920516500
vt 0.236236500 0.920523500
vt 0.236228000 0.920512000
vt 0.236245500 0.920505000
vt 0.236241000 0.920514250
vt 0.236245500 0.920505000
vt 0.236244500 0.920492000
vt 0.236261000 0.920492000
vt 0.236262000 0.920505000
vt 0.236253250 0.920498500
vt 0.236298000 0.920554000
vt 0.236317000 0.920561000
vt 0.236308000 0.920574500
vt 0.236289000 0.920567500
vt 0.236303000 0.920564250
vt 0.236289000 0.920567500
vt 0.236271000 0.920576500
vt 0.236262000 0.920563500
vt 0.236280000 0.920554500
vt 0.236275500 0.920565500
vt 0.236280000 0.920554500
vt 0.236279500 0.920536500
vt 0.236297500 0.920536000
vt 0.236298000 0.920554000
vt 0.236288750 0.920545250
vt 0.236259500 0.920668000
vt 0.236261500 0.920686500
vt 0.236245500 0.920682500
vt 0.236243500 0.920664000
vt 0.236252500 0.920675250
vt 0.236243500 0.920664000
vt 0.236226500 0.920653000
vt 0.236230500 0.920638000
vt 0.236247500 0.920649000
vt 0.236237000 0.920651000
vt 0.236247500 0.920649000
vt 0.236252000 0.920637500
vt 0.236262500 0.920644500
vt 0.236258000 0.920656000
vt 0.236255000 0.920646750
vt 0.236258000 0.920656000
vt 0.236270500 0.920657000
vt 0.236272000 0.920669000
vt 0.236259500 0.920668000
vt 0.236265000 0.920662500
vt 0.236254000 0.920532500
vt 0.236271000 0.920523500
vt 0.236279500 0.920536500
vt 0.236262500 0.920545500
vt 0.236266750 0.920534500
vt 0.236262500 0.920545500
vt 0.236262000 0.920563500
vt 0.236244500 0.920563500
vt 0.236245000 0.920545500
vt 0.236253500 0.920554500
vt 0.236245000 0.920545500
vt 0.236227500 0.920536500
vt 0.236236500 0.920523500
vt 0.236254000 0.920532500
vt 0.236240750 0.920534500
vt 0.236227000 0.920555000
vt 0.236244500 0.920563500
vt 0.236235000 0.920577500
vt 0.236217500 0.920569000
vt 0.236231000 0.920566250
vt 0.236217500 0.920569000
vt 0.236199500 0.920578500
vt 0.236191000 0.920564500
vt 0.236209000 0.920555000
vt 0.236204250 0.920566750
vt 0.236209000 0.920555000
vt 0.236209500 0.920536500
vt 0.236227500 0.920536500
vt 0.236227000 0.920555000
vt 0.236218250 0.920545750
vt 0.236247000 0.920627000
vt 0.236230500 0.920638000
vt 0.236226000 0.920622500
vt 0.236242500 0.920611500
vt 0.236236500 0.920624750
vt 0.236242500 0.920611500
vt 0.236244000 0.920592000
vt 0.236259500 0.920588000
vt 0.236258000 0.920607500
vt 0.236251000 0.920599750
vt 0.236258000 0.920607500
vt 0.236270500 0.920605500
vt 0.236269500 0.920617500
vt 0.236257000 0.920619500
vt 0.236263750 0.920612500
vt 0.236257000 0.920619500
vt 0.236262000 0.920630000
vt 0.236252000 0.920637500
vt 0.236247000 0.920627000
vt 0.236254500 0.920628500
vt 0.236334000 0.920646500
vt 0.236350000 0.920634000
vt 0.236354000 0.920649000
vt 0.236338000 0.920661500
vt 0.236344000 0.920647750
vt 0.236338000 0.920661500
vt 0.236336000 0.920680000
vt 0.236321000 0.920685000
vt 0.236323000 0.920666500
vt 0.236329500 0.920673250
vt 0.236323000 0.920666500
vt 0.236310500 0.920668000
vt 0.236311500 0.920655500
vt 0.236324000 0.920654000
vt 0.236317250 0.920661000
vt 0.236324000 0.920654000
vt 0.236319000 0.920643000
vt 0.236329000 0.920635500
vt 0.236334000 0.920646500
vt 0.236326500 0.920644750
vt 0.236217000 0.920588000
vt 0.236235000 0.920577500
vt 0.236244000 0.920592000
vt 0.236226000 0.920602500
vt 0.236230500 0.920590000
vt 0.236226000 0.920602500
vt 0.236226000 0.920622500
vt 0.236208500 0.920623000
vt 0.236208500 0.920603000
vt 0.236217250 0.920612750
vt 0.236208500 0.920603000
vt 0.236191000 0.920593500
vt 0.236199500 0.920578500
vt 0.236217000 0.920588000
vt 0.236204000 0.920590750
vt 0.236191500 0.920613000
vt 0.236208500 0.920623000
vt 0.236200500 0.920638000
vt 0.236183500 0.920628000
vt 0.236196000 0.920625500
vt 0.236183500 0.920628000
vt 0.236167000 0.920638000
vt 0.236157500 0.920623500
vt 0.236174000 0.920613500
vt 0.236170500 0.920625750
vt 0.236174000 0.920613500
vt 0.236173500 0.920594000
vt 0.236191000 0.920593500
vt 0.236191500 0.920613000
vt 0.236182500 0.920603500
vt 0.236321500 0.920605000
vt 0.236320000 0.920585000
vt 0.236337000 0.920587000
vt 0.236338500 0.920607000
vt 0.236329250 0.920596000
vt 0.236338500 0.920607000
vt 0.236355000 0.920617000
vt 0.236350000 0.920634000
vt 0.236333500 0.920624000
vt 0.236344250 0.920620500
vt 0.236333500 0.920624000
vt 0.236329000 0.920635500
vt 0.236318500 0.920629000
vt 0.236323000 0.920617500
vt 0.236326000 0.920626500
vt 0.236323000 0.920617500
vt 0.236310500 0.920616500
vt 0.236309000 0.920604000
vt 0.236321500 0.920605000
vt 0.236316000 0.920610750
vt 0.236303000 0.920678000
vt 0.236321000 0.920685000
vt 0.236309500 0.920696000
vt 0.236291500 0.920689000
vt 0.236306250 0.920687000
vt 0.236291500 0.920689000
vt 0.236273500 0.920697000
vt 0.236261500 0.920686500
vt 0.236279500 0.920678500
vt 0.236276500 0.920687750
vt 0.236279500 0.920678500
vt 0.236272000 0.920669000
vt 0.236283500 0.920663500
vt 0.236291000 0.920673000
vt 0.236281500 0.920671000
vt 0.236291000 0.920673000
vt 0.236298500 0.920663000
vt 0.236310500 0.920668000
vt 0.236303000 0.920678000
vt 0.236300750 0.920670500
vt 0.236278000 0.920595500
vt 0.236259500 0.920588000
vt 0.236271000 0.920576500
vt 0.236289500 0.920584000
vt 0.236274500 0.920586000
vt 0.236289500 0.920584000
vt 0.236308000 0.920574500
vt 0.236320000 0.920585000
vt 0.236301500 0.920594500
vt 0.236304750 0.920584500
vt 0.236301500 0.920594500
vt 0.236309000 0.920604000
vt 0.236297500 0.920609500
vt 0.236290000 0.920600000
vt 0.236299500 0.920602000
vt 0.236290000 0.920600000
vt 0.236282500 0.920610000
vt 0.236270500 0.920605500
vt 0.236278000 0.920595500
vt 0.236280250 0.920602750
vt 0.236227500 0.920672500
vt 0.236245500 0.920682500
vt 0.236237500 0.920696500
vt 0.236219500 0.920686500
vt 0.236232500 0.920684500
vt 0.236219500 0.920686500
vt 0.236202500 0.920695000
vt 0.236193500 0.920680500
vt 0.236210500 0.920672000
vt 0.236206500 0.920683500
vt 0.236210500 0.920672000
vt 0.236209500 0.920652500
vt 0.236226500 0.920653000
vt 0.236227500 0.920672500
vt 0.236218500 0.920662500
vt 0.236184000 0.920647500
vt 0.236200500 0.920638000
vt 0.236209500 0.920652500
vt 0.236193000 0.920662000
vt 0.236196750 0.920650000
vt 0.236193000 0.920662000
vt 0.236193500 0.920680500
vt 0.236176500 0.920680000
vt 0.236176000 0.920661500
vt 0.236184750 0.920671000
vt 0.236176000 0.920661500
vt 0.236159000 0.920652000
vt 0.236167000 0.920638000
vt 0.236184000 0.920647500
vt 0.236171500 0.920649750
vt 0.236161000 0.920669500
vt 0.236176500 0.920680000
vt 0.236170500 0.920692500
vt 0.236155000 0.920682000
vt 0.236165750 0.920681000
vt 0.236155000 0.920682000
vt 0.236143000 0.920689500
vt 0.236134500 0.920676000
vt 0.236146500 0.920668500
vt 0.236144750 0.920679000
vt 0.236146500 0.920668500
vt 0.236144500 0.920651000
vt 0.236159000 0.920652000
vt 0.236161000 0.920669500
vt 0.236152750 0.920660250
vt 0.266241000 0.922592500
vt 0.266242000 0.922604000
vt 0.266231000 0.922606500
vt 0.266230000 0.922595000
vt 0.266236000 0.922599500
vt 0.266230000 0.922595000
vt 0.266221500 0.922590000
vt 0.266226000 0.922579500
vt 0.266234500 0.922584500
vt 0.266228000 0.922587250
vt 0.266234500 0.922584500
vt 0.266250000 0.922582000
vt 0.266256500 0.922590000
vt 0.266241000 0.922592500
vt 0.266245500 0.922587250
vt 0.266234500 0.922571500
vt 0.266226000 0.922579500
vt 0.266221500 0.922570000
vt 0.266230000 0.922562000
vt 0.266228000 0.922570750
vt 0.266230000 0.922562000
vt 0.266233000 0.922551000
vt 0.266244000 0.922550000
vt 0.266241000 0.922561000
vt 0.266237000 0.922556000
vt 0.266241000 0.922561000
vt 0.266256500 0.922571500
vt 0.266250000 0.922582000
vt 0.266234500 0.922571500
vt 0.266245500 0.922571500
vt 0.266253000 0.922554000
vt 0.266244000 0.922550000
vt 0.266251000 0.922541000
vt 0.266260000 0.922545000
vt 0.266252000 0.922547500
vt 0.266260000 0.922545000
vt 0.266272500 0.922540500
vt 0.266276500 0.922550500
vt 0.266264000 0.922555000
vt 0.266268250 0.922547750
vt 0.266264000 0.922555000
vt 0.266267500 0.922572500
vt 0.266256500 0.922571500
vt 0.266253000 0.922554000
vt 0.266260250 0.922563250
vt 0.266277500 0.922590000
vt 0.266294000 0.922627500
vt 0.266301500 0.922631500
vt 0.266285000 0.922594000
vt 0.266289500 0.922610750
vt 0.266285000 0.922594000
vt 0.266286000 0.922582500
vt 0.266279500 0.922597000
vt 0.266278500 0.922608500
vt 0.266282250 0.922595500
vt 0.266278500 0.922608500
vt 0.266268500 0.922591000
vt 0.266267500 0.922572500
vt 0.266277500 0.922590000
vt 0.266273000 0.922590500
vt 0.266265000 0.922595000
vt 0.266279500 0.922597000
vt 0.266275500 0.922600500
vt 0.266261000 0.922598500
vt 0.266270250 0.922597750
vt 0.266261000 0.922598500
vt 0.266250000 0.922608500
vt 0.266242000 0.922604000
vt 0.266253000 0.922594000
vt 0.266251500 0.922601250
vt 0.266253000 0.922594000
vt 0.266256500 0.922590000
vt 0.266268500 0.922591000
vt 0.266265000 0.922595000
vt 0.266260750 0.922592500
vt 0.266323500 0.922593500
vt 0.266313500 0.922580500
vt 0.266325000 0.922579000
vt 0.266335000 0.922592000
vt 0.266324250 0.922586250
vt 0.266335000 0.922592000
vt 0.266351500 0.922597000
vt 0.266353500 0.922608000
vt 0.266337000 0.922603000
vt 0.266344250 0.922600000
vt 0.266337000 0.922603000
vt 0.266333500 0.922611500
vt 0.266320000 0.922602000
vt 0.266323500 0.922593500
vt 0.266328500 0.922602500
vt 0.266323500 0.922553500
vt 0.266319000 0.922544000
vt 0.266333500 0.922542000
vt 0.266338000 0.922551500
vt 0.266328500 0.922547750
vt 0.266338000 0.922551500
vt 0.266352000 0.922555500
vt 0.266349000 0.922564000
vt 0.266335000 0.922560000
vt 0.266343500 0.922557750
vt 0.266335000 0.922560000
vt 0.266325000 0.922567500
vt 0.266313500 0.922561000
vt 0.266323500 0.922553500
vt 0.266324250 0.922560500
vt 0.266345000 0.922628000
vt 0.266333000 0.922622500
vt 0.266333500 0.922611500
vt 0.266345500 0.922617000
vt 0.266339250 0.922619750
vt 0.266345500 0.922617000
vt 0.266353500 0.922608000
vt 0.266363500 0.922617000
vt 0.266355500 0.922626000
vt 0.266354500 0.922617000
vt 0.266355500 0.922626000
vt 0.266361000 0.922639000
vt 0.266350500 0.922641000
vt 0.266345000 0.922628000
vt 0.266353000 0.922633500
vt 0.266251500 0.923112000
vt 0.266265500 0.923122000
vt 0.266256500 0.923129500
vt 0.266242500 0.923119500
vt 0.266254000 0.923120750
vt 0.266242500 0.923119500
vt 0.266227500 0.923123000
vt 0.266221000 0.923112000
vt 0.266236000 0.923108500
vt 0.266231750 0.923115750
vt 0.266236000 0.923108500
vt 0.266238500 0.923097500
vt 0.266254000 0.923101000
vt 0.266251500 0.923112000
vt 0.266245000 0.923104750
vt 0.266342000 0.922583000
vt 0.266325000 0.922579000
vt 0.266325000 0.922567500
vt 0.266342000 0.922571500
vt 0.266333500 0.922575250
vt 0.266342000 0.922571500
vt 0.266349000 0.922564000
vt 0.266362500 0.922573000
vt 0.266355500 0.922580500
vt 0.266352250 0.922572250
vt 0.266355500 0.922580500
vt 0.266365000 0.922594500
vt 0.266351500 0.922597000
vt 0.266342000 0.922583000
vt 0.266353500 0.922588750
vt 0.266274000 0.923161000
vt 0.266286000 0.923168500
vt 0.266277500 0.923180000
vt 0.266265500 0.923172500
vt 0.266275750 0.923170500
vt 0.266265500 0.923172500
vt 0.266252000 0.923178500
vt 0.266247500 0.923164500
vt 0.266261000 0.923158500
vt 0.266256500 0.923168500
vt 0.266261000 0.923158500
vt 0.266263000 0.923143000
vt 0.266276000 0.923145500
vt 0.266274000 0.923161000
vt 0.266268500 0.923152000
vt 0.266241500 0.923133500
vt 0.266256500 0.923129500
vt 0.266263000 0.923143000
vt 0.266248000 0.923147000
vt 0.266252250 0.923138250
vt 0.266248000 0.923147000
vt 0.266247500 0.923164500
vt 0.266233500 0.923161500
vt 0.266234000 0.923144000
vt 0.266240750 0.923154250
vt 0.266234000 0.923144000
vt 0.266220000 0.923133500
vt 0.266227500 0.923123000
vt 0.266241500 0.923133500
vt 0.266230750 0.923133500
vt 0.266221000 0.923150000
vt 0.266233500 0.923161500
vt 0.266228000 0.923173000
vt 0.266215500 0.923161500
vt 0.266224500 0.923161500
vt 0.266215500 0.923161500
vt 0.266207500 0.923167500
vt 0.266201000 0.923153000
vt 0.266209000 0.923147000
vt 0.266208250 0.923157250
vt 0.266209000 0.923147000
vt 0.266208000 0.923130500
vt 0.266220000 0.923133500
vt 0.266221000 0.923150000
vt 0.266214500 0.923140250
vt 0.266302000 0.923193500
vt 0.266309500 0.923184000
vt 0.266311500 0.923194000
vt 0.266304000 0.923203500
vt 0.266306750 0.923193750
vt 0.266304000 0.923203500
vt 0.266298500 0.923219000
vt 0.266289000 0.923219000
vt 0.266294500 0.923203500
vt 0.266296500 0.923211250
vt 0.266294500 0.923203500
vt 0.266290000 0.923193000
vt 0.266297500 0.923183000
vt 0.266302000 0.923193500
vt 0.266296000 0.923193250
vt 0.266282500 0.923212000
vt 0.266289000 0.923219000
vt 0.266279000 0.923231500
vt 0.266272500 0.923224500
vt 0.266280750 0.923221750
vt 0.266272500 0.923224500
vt 0.266258500 0.923232500
vt 0.266258000 0.923221500
vt 0.266272000 0.923213500
vt 0.266265250 0.923223000
vt 0.266272000 0.923213500
vt 0.266279500 0.923194500
vt 0.266290000 0.923193000
vt 0.266282500 0.923212000
vt 0.266281000 0.923203250
vt 0.266261500 0.923190500
vt 0.266277500 0.923180000
vt 0.266279500 0.923194500
vt 0.266263500 0.923205000
vt 0.266270500 0.923192500
vt 0.266263500 0.923205000
vt 0.266258000 0.923221500
vt 0.266246500 0.923219000
vt 0.266252000 0.923202500
vt 0.266255000 0.923212000
vt 0.266252000 0.923202500
vt 0.266242500 0.923190500
vt 0.266252000 0.923178500
vt 0.266261500 0.923190500
vt 0.266252000 0.923190500
vt 0.266239000 0.923207000
vt 0.266246500 0.923219000
vt 0.266238500 0.923229000
vt 0.266231000 0.923217000
vt 0.266238750 0.923218000
vt 0.266231000 0.923217000
vt 0.266221000 0.923217500
vt 0.266219000 0.923202500
vt 0.266229000 0.923202000
vt 0.266225000 0.923209750
vt 0.266229000 0.923202000
vt 0.266232500 0.923185500
vt 0.266242500 0.923190500
vt 0.266239000 0.923207000
vt 0.266235750 0.923196250
vt 0.266215500 0.923177500
vt 0.266228000 0.923173000
vt 0.266232500 0.923185500
vt 0.266220000 0.923190000
vt 0.266224000 0.923181500
vt 0.266220000 0.923190000
vt 0.266219000 0.923202500
vt 0.266208000 0.923199500
vt 0.266209000 0.923187000
vt 0.266214000 0.923194750
vt 0.266209000 0.923187000
vt 0.266201000 0.923177000
vt 0.266207500 0.923167500
vt 0.266215500 0.923177500
vt 0.266208250 0.923177250
vt 0.266316000 0.922411500
vt 0.266327500 0.922420000
vt 0.266321000 0.922429000
vt 0.266309500 0.922420500
vt 0.266318500 0.922420250
vt 0.266309500 0.922420500
vt 0.266298000 0.922426000
vt 0.266291500 0.922416000
vt 0.266303000 0.922410500
vt 0.266300500 0.922418250
vt 0.266303000 0.922410500
vt 0.266300500 0.922397500
vt 0.266313500 0.922398500
vt 0.266316000 0.922411500
vt 0.266308250 0.922404500
vt 0.266332500 0.922458000
vt 0.266334500 0.922469000
vt 0.266326000 0.922480000
vt 0.266324000 0.922469000
vt 0.266329250 0.922469000
vt 0.266324000 0.922469000
vt 0.266316500 0.922479500
vt 0.266315000 0.922467000
vt 0.266322500 0.922456500
vt 0.266319500 0.922468000
vt 0.266322500 0.922456500
vt 0.266325500 0.922441500
vt 0.266335500 0.922443000
vt 0.266332500 0.922458000
vt 0.266329000 0.922449750
vt 0.266284000 0.922393500
vt 0.266293500 0.922387500
vt 0.266300500 0.922397500
vt 0.266291000 0.922403500
vt 0.266292250 0.922395500
vt 0.266291000 0.922403500
vt 0.266291500 0.922416000
vt 0.266279500 0.922414500
vt 0.266279000 0.922402000
vt 0.266285250 0.922409000
vt 0.266279000 0.922402000
vt 0.266267500 0.922396500
vt 0.266272500 0.922388000
vt 0.266284000 0.922393500
vt 0.266275750 0.922395000
vt 0.266265500 0.922405500
vt 0.266279500 0.922414500
vt 0.266271000 0.922422000
vt 0.266257000 0.922413000
vt 0.266268250 0.922413750
vt 0.266257000 0.922413000
vt 0.266241500 0.922417000
vt 0.266235000 0.922406500
vt 0.266250500 0.922402500
vt 0.266246000 0.922409750
vt 0.266250500 0.922402500
vt 0.266252500 0.922393500
vt 0.266267500 0.922396500
vt 0.266265500 0.922405500
vt 0.266259000 0.922399500
vt 0.266310000 0.922435000
vt 0.266321000 0.922429000
vt 0.266325500 0.922441500
vt 0.266314500 0.922447500
vt 0.266317750 0.922438250
vt 0.266314500 0.922447500
vt 0.266315000 0.922467000
vt 0.266304000 0.922466000
vt 0.266303500 0.922446500
vt 0.266309250 0.922456750
vt 0.266303500 0.922446500
vt 0.266291500 0.922437500
vt 0.266298000 0.922426000
vt 0.266310000 0.922435000
vt 0.266300750 0.922436250
vt 0.266290500 0.922453500
vt 0.266304000 0.922466000
vt 0.266296000 0.922478000
vt 0.266282500 0.922465500
vt 0.266293250 0.922465750
vt 0.266282500 0.922465500
vt 0.266268500 0.922471500
vt 0.266263500 0.922457500
vt 0.266277500 0.922451500
vt 0.266273000 0.922461500
vt 0.266277500 0.922451500
vt 0.266278500 0.922435500
vt 0.266291500 0.922437500
vt 0.266290500 0.922453500
vt 0.266284500 0.922444500
vt 0.266256000 0.922427000
vt 0.266271000 0.922422000
vt 0.266278500 0.922435500
vt 0.266263500 0.922440500
vt 0.266267250 0.922431250
vt 0.266263500 0.922440500
vt 0.266263500 0.922457500
vt 0.266249000 0.922455000
vt 0.266249000 0.922438000
vt 0.266256250 0.922447750
vt 0.266249000 0.922438000
vt 0.266234500 0.922428000
vt 0.266241500 0.922417000
vt 0.266256000 0.922427000
vt 0.266245250 0.922427500
vt 0.266236500 0.922444000
vt 0.266249000 0.922455000
vt 0.266244500 0.922466500
vt 0.266232000 0.922455500
vt 0.266240500 0.922455250
vt 0.266232000 0.922455500
vt 0.266224000 0.922462000
vt 0.266216500 0.922448000
vt 0.266224500 0.922441500
vt 0.266224250 0.922451750
vt 0.266224500 0.922441500
vt 0.266222500 0.922425500
vt 0.266234500 0.922428000
vt 0.266236500 0.922444000
vt 0.266229500 0.922434750
vt 0.266465500 0.923267000
vt 0.266470000 0.923253500
vt 0.266477000 0.923257000
vt 0.266472500 0.923270500
vt 0.266471250 0.923262000
vt 0.266472500 0.923270500
vt 0.266477000 0.923280500
vt 0.266470000 0.923289000
vt 0.266465500 0.923279000
vt 0.266471250 0.923279750
vt 0.266465500 0.923279000
vt 0.266456000 0.923282500
vt 0.266456000 0.923270500
vt 0.266465500 0.923267000
vt 0.266460750 0.923274750
vt 0.266301500 0.922502500
vt 0.266309000 0.922507500
vt 0.266299500 0.922521000
vt 0.266292000 0.922516000
vt 0.266300500 0.922511750
vt 0.266292000 0.922516000
vt 0.266278500 0.922524500
vt 0.266277000 0.922513500
vt 0.266290500 0.922505000
vt 0.266284500 0.922514750
vt 0.266290500 0.922505000
vt 0.266298500 0.922492000
vt 0.266309500 0.922489500
vt 0.266301500 0.922502500
vt 0.266300000 0.922497250
vt 0.266279000 0.922483000
vt 0.266296000 0.922478000
vt 0.266298500 0.922492000
vt 0.266281500 0.922497000
vt 0.266288750 0.922487500
vt 0.266281500 0.922497000
vt 0.266277000 0.922513500
vt 0.266265500 0.922511500
vt 0.266270000 0.922495000
vt 0.266273500 0.922504250
vt 0.266270000 0.922495000
vt 0.266259500 0.922483500
vt 0.266268500 0.922471500
vt 0.266279000 0.922483000
vt 0.266269250 0.922483250
vt 0.266257000 0.922500000
vt 0.266265500 0.922511500
vt 0.266258000 0.922521500
vt 0.266249500 0.922510000
vt 0.266257500 0.922510750
vt 0.266249500 0.922510000
vt 0.266239500 0.922511000
vt 0.266236500 0.922496500
vt 0.266246500 0.922495500
vt 0.266243000 0.922503250
vt 0.266246500 0.922495500
vt 0.266249000 0.922479000
vt 0.266259500 0.922483500
vt 0.266257000 0.922500000
vt 0.266253000 0.922489500
vt 0.266232500 0.922471500
vt 0.266244500 0.922466500
vt 0.266249000 0.922479000
vt 0.266237000 0.922484000
vt 0.266240750 0.922475250
vt 0.266237000 0.922484000
vt 0.266236500 0.922496500
vt 0.266225000 0.922494000
vt 0.266225500 0.922481500
vt 0.266231000 0.922489000
vt 0.266225500 0.922481500
vt 0.266217000 0.922472000
vt 0.266224000 0.922462000
vt 0.266232500 0.922471500
vt 0.266224750 0.922471750
vt 0.266379500 0.923197000
vt 0.266369500 0.923204000
vt 0.266361500 0.923191000
vt 0.266371500 0.923184000
vt 0.266370500 0.923194000
vt 0.266371500 0.923184000
vt 0.266367500 0.923167000
vt 0.266380500 0.923168000
vt 0.266384500 0.923185000
vt 0.266376000 0.923176000
vt 0.266384500 0.923185000
vt 0.266402000 0.923196500
vt 0.266397000 0.923208500
vt 0.266379500 0.923197000
vt 0.266390750 0.923196750
vt 0.265587500 0.923126000
vt 0.265601500 0.923137000
vt 0.265593000 0.923146000
vt 0.265579000 0.923135000
vt 0.265590250 0.923136000
vt 0.265579000 0.923135000
vt 0.265562500 0.923137000
vt 0.265556000 0.923124000
vt 0.265572500 0.923122000
vt 0.265567500 0.923129500
vt 0.265572500 0.923122000
vt 0.265574500 0.923110500
vt 0.265589500 0.923114500
vt 0.265587500 0.923126000
vt 0.265581000 0.923118250
vt 0.265610000 0.923178500
vt 0.265617500 0.923191500
vt 0.265609000 0.923203000
vt 0.265601500 0.923190000
vt 0.265609500 0.923190750
vt 0.265601500 0.923190000
vt 0.265587500 0.923196000
vt 0.265583500 0.923183000
vt 0.265597500 0.923177000
vt 0.265592500 0.923186500
vt 0.265597500 0.923177000
vt 0.265600000 0.923161000
vt 0.265612500 0.923162500
vt 0.265610000 0.923178500
vt 0.265605000 0.923169750
vt 0.266430000 0.923197500
vt 0.266421500 0.923208500
vt 0.266417000 0.923197000
vt 0.266425500 0.923186000
vt 0.266423500 0.923197250
vt 0.266425500 0.923186000
vt 0.266429500 0.923169000
vt 0.266440500 0.923168000
vt 0.266436500 0.923185000
vt 0.266433000 0.923177000
vt 0.266436500 0.923185000
vt 0.266445500 0.923191500
vt 0.266439000 0.923204000
vt 0.266430000 0.923197500
vt 0.266437750 0.923194500
vt 0.265577500 0.923150500
vt 0.265593000 0.923146000
vt 0.265600000 0.923161000
vt 0.265584500 0.923165500
vt 0.265588750 0.923155750
vt 0.265584500 0.923165500
vt 0.265583500 0.923183000
vt 0.265568500 0.923178500
vt 0.265569500 0.923161000
vt 0.265576500 0.923172000
vt 0.265569500 0.923161000
vt 0.265554500 0.923147500
vt 0.265562500 0.923137000
vt 0.265577500 0.923150500
vt 0.265566000 0.923149000
vt 0.265554000 0.923165000
vt 0.265568500 0.923178500
vt 0.265560000 0.923189500
vt 0.265545500 0.923176000
vt 0.265557000 0.923177250
vt 0.265545500 0.923176000
vt 0.265531500 0.923179500
vt 0.265524500 0.923163000
vt 0.265538500 0.923159500
vt 0.265535000 0.923169500
vt 0.265538500 0.923159500
vt 0.265539000 0.923142000
vt 0.265554500 0.923147500
vt 0.265554000 0.923165000
vt 0.265546500 0.923153500
vt 0.265597500 0.923206000
vt 0.265609000 0.923203000
vt 0.265611000 0.923215500
vt 0.265599500 0.923218500
vt 0.265604250 0.923210750
vt 0.265599500 0.923218500
vt 0.265593500 0.923231000
vt 0.265581500 0.923230000
vt 0.265587500 0.923217500
vt 0.265590500 0.923224250
vt 0.265587500 0.923217500
vt 0.265577500 0.923207500
vt 0.265587500 0.923196000
vt 0.265597500 0.923206000
vt 0.265587500 0.923206750
vt 0.265572000 0.923224000
vt 0.265581500 0.923230000
vt 0.265570500 0.923241000
vt 0.265561000 0.923235000
vt 0.265571250 0.923232500
vt 0.265561000 0.923235000
vt 0.265546500 0.923243000
vt 0.265544000 0.923229500
vt 0.265558500 0.923221500
vt 0.265552500 0.923232250
vt 0.265558500 0.923221500
vt 0.265564000 0.923205000
vt 0.265577500 0.923207500
vt 0.265572000 0.923224000
vt 0.265568000 0.923214500
vt 0.265543500 0.923194000
vt 0.265560000 0.923189500
vt 0.265564000 0.923205000
vt 0.265547500 0.923209500
vt 0.265553750 0.923199500
vt 0.265547500 0.923209500
vt 0.265544000 0.923229500
vt 0.265530500 0.923225000
vt 0.265534000 0.923205000
vt 0.265539000 0.923217250
vt 0.265534000 0.923205000
vt 0.265522000 0.923190500
vt 0.265531500 0.923179500
vt 0.265543500 0.923194000
vt 0.265532750 0.923192250
vt 0.265521500 0.923209500
vt 0.265530500 0.923225000
vt 0.265525500 0.923236000
vt 0.265516500 0.923220500
vt 0.265523500 0.923222750
vt 0.265516500 0.923220500
vt 0.265511000 0.923225000
vt 0.265508000 0.923209500
vt 0.265513500 0.923205000
vt 0.265512250 0.923215000
vt 0.265513500 0.923205000
vt 0.265514000 0.923186000
vt 0.265522000 0.923190500
vt 0.265521500 0.923209500
vt 0.265517750 0.923197750
vt 0.266412500 0.923177500
vt 0.266417000 0.923197000
vt 0.266402000 0.923196500
vt 0.266397500 0.923177000
vt 0.266407250 0.923187000
vt 0.266397500 0.923177000
vt 0.266380500 0.923168000
vt 0.266386500 0.923156000
vt 0.266403500 0.923165000
vt 0.266392000 0.923166500
vt 0.266403500 0.923165000
vt 0.266420500 0.923156500
vt 0.266429500 0.923169000
vt 0.266412500 0.923177500
vt 0.266416500 0.923167000
vt 0.266401000 0.923149000
vt 0.266386500 0.923156000
vt 0.266376500 0.923144000
vt 0.266391000 0.923137000
vt 0.266388750 0.923146500
vt 0.266391000 0.923137000
vt 0.266388500 0.923123000
vt 0.266404500 0.923123000
vt 0.266407000 0.923137000
vt 0.266397750 0.923130000
vt 0.266407000 0.923137000
vt 0.266426500 0.923144500
vt 0.266420500 0.923156500
vt 0.266401000 0.923149000
vt 0.266413750 0.923146750
vt 0.266434000 0.923126000
vt 0.266440500 0.923142500
vt 0.266426500 0.923144500
vt 0.266420000 0.923128000
vt 0.266430250 0.923135250
vt 0.266420000 0.923128000
vt 0.266404500 0.923123000
vt 0.266409000 0.923110500
vt 0.266424500 0.923115500
vt 0.266414500 0.923119250
vt 0.266424500 0.923115500
vt 0.266433500 0.923107000
vt 0.266443000 0.923117500
vt 0.266434000 0.923126000
vt 0.266433750 0.923116500
vt 0.266423000 0.923103000
vt 0.266409000 0.923110500
vt 0.266402500 0.923104500
vt 0.266416500 0.923097000
vt 0.266412750 0.923103750
vt 0.266416500 0.923097000
vt 0.266418000 0.923089000
vt 0.266431500 0.923087000
vt 0.266430000 0.923095000
vt 0.266424000 0.923092000
vt 0.266430000 0.923095000
vt 0.266440500 0.923099000
vt 0.266433500 0.923107000
vt 0.266423000 0.923103000
vt 0.266431750 0.923101000
vt 0.265515500 0.923235500
vt 0.265525500 0.923236000
vt 0.265527500 0.923247500
vt 0.265517500 0.923247000
vt 0.265521500 0.923241500
vt 0.265517500 0.923247000
vt 0.265514500 0.923257500
vt 0.265507500 0.923253000
vt 0.265510500 0.923242500
vt 0.265512500 0.923250000
vt 0.265510500 0.923242500
vt 0.265506000 0.923232000
vt 0.265511000 0.923225000
vt 0.265515500 0.923235500
vt 0.265510750 0.923233750
vt 0.265605000 0.923107500
vt 0.265616000 0.923100500
vt 0.265623000 0.923113000
vt 0.265612000 0.923120000
vt 0.265614000 0.923110250
vt 0.265612000 0.923120000
vt 0.265613000 0.923137000
vt 0.265601500 0.923137000
vt 0.265600500 0.923120000
vt 0.265606750 0.923128500
vt 0.265600500 0.923120000
vt 0.265589500 0.923114500
vt 0.265594000 0.923102000
vt 0.265605000 0.923107500
vt 0.265597250 0.923111000
vt 0.265662500 0.923123500
vt 0.265676500 0.923130000
vt 0.265685000 0.923144000
vt 0.265671000 0.923137500
vt 0.265673750 0.923133750
vt 0.265671000 0.923137500
vt 0.265670000 0.923150500
vt 0.265653500 0.923141000
vt 0.265654500 0.923128000
vt 0.265662250 0.923139250
vt 0.265654500 0.923128000
vt 0.265637000 0.923114500
vt 0.265645000 0.923110000
vt 0.265662500 0.923123500
vt 0.265649750 0.923119000
vt 0.265625000 0.923128500
vt 0.265623000 0.923113000
vt 0.265637000 0.923114500
vt 0.265639000 0.923130000
vt 0.265631000 0.923121500
vt 0.265639000 0.923130000
vt 0.265653500 0.923141000
vt 0.265648000 0.923153000
vt 0.265633500 0.923142000
vt 0.265643500 0.923141500
vt 0.265633500 0.923142000
vt 0.265621500 0.923150500
vt 0.265613000 0.923137000
vt 0.265625000 0.923128500
vt 0.265623250 0.923139500
vt 0.265633500 0.923159000
vt 0.265648000 0.923153000
vt 0.265651500 0.923165500
vt 0.265637000 0.923171500
vt 0.265642500 0.923162250
vt 0.265637000 0.923171500
vt 0.265630000 0.923192000
vt 0.265617500 0.923191500
vt 0.265624500 0.923171000
vt 0.265627250 0.923181500
vt 0.265624500 0.923171000
vt 0.265612500 0.923162500
vt 0.265621500 0.923150500
vt 0.265633500 0.923159000
vt 0.265623000 0.923160750
vt 0.265684000 0.923154000
vt 0.265685000 0.923144000
vt 0.265696000 0.923154500
vt 0.265695000 0.923164500
vt 0.265690000 0.923154250
vt 0.265695000 0.923164500
vt 0.265700000 0.923179500
vt 0.265690500 0.923182500
vt 0.265685500 0.923167500
vt 0.265692750 0.923173500
vt 0.265685500 0.923167500
vt 0.265671500 0.923164000
vt 0.265670000 0.923150500
vt 0.265684000 0.923154000
vt 0.265677750 0.923159000
vt 0.265678000 0.923179000
vt 0.265690500 0.923182500
vt 0.265688500 0.923196000
vt 0.265676000 0.923192500
vt 0.265683250 0.923187500
vt 0.265676000 0.923192500
vt 0.265666000 0.923209500
vt 0.265657500 0.923201000
vt 0.265667500 0.923184000
vt 0.265666750 0.923196750
vt 0.265667500 0.923184000
vt 0.265661000 0.923169000
vt 0.265671500 0.923164000
vt 0.265678000 0.923179000
vt 0.265669500 0.923174000
vt 0.265645000 0.923181500
vt 0.265651500 0.923165500
vt 0.265661000 0.923169000
vt 0.265654500 0.923185000
vt 0.265653000 0.923175250
vt 0.265654500 0.923185000
vt 0.265657500 0.923201000
vt 0.265647500 0.923210500
vt 0.265644500 0.923194500
vt 0.265651000 0.923197750
vt 0.265644500 0.923194500
vt 0.265629500 0.923205000
vt 0.265630000 0.923192000
vt 0.265645000 0.923181500
vt 0.265637250 0.923193250
vt 0.265638000 0.923206000
vt 0.265647500 0.923210500
vt 0.265647000 0.923217500
vt 0.265637500 0.923213000
vt 0.265642500 0.923211750
vt 0.265637500 0.923213000
vt 0.265632000 0.923219000
vt 0.265623500 0.923216000
vt 0.265629000 0.923210000
vt 0.265630500 0.923214500
vt 0.265629000 0.923210000
vt 0.265620500 0.923209000
vt 0.265629500 0.923205000
vt 0.265638000 0.923206000
vt 0.265629250 0.923207500
vt 0.265680000 0.923206500
vt 0.265688500 0.923196000
vt 0.265697000 0.923203500
vt 0.265688500 0.923214000
vt 0.265688500 0.923205000
vt 0.265688500 0.923214000
vt 0.265691000 0.923225000
vt 0.265680500 0.923230000
vt 0.265678000 0.923219000
vt 0.265684500 0.923222000
vt 0.265678000 0.923219000
vt 0.265664000 0.923222000
vt 0.265666000 0.923209500
vt 0.265680000 0.923206500
vt 0.265672000 0.923214250
vt 0.265672000 0.923231500
vt 0.265680500 0.923230000
vt 0.265682000 0.923243000
vt 0.265673500 0.923244500
vt 0.265677000 0.923237250
vt 0.265673500 0.923244500
vt 0.265671500 0.923258000
vt 0.265663500 0.923251500
vt 0.265665500 0.923238000
vt 0.265668500 0.923248000
vt 0.265665500 0.923238000
vt 0.265657500 0.923228500
vt 0.265664000 0.923222000
vt 0.265672000 0.923231500
vt 0.265664750 0.923230000
vt 0.266401500 0.923232000
vt 0.266410500 0.923239500
vt 0.266398000 0.923249500
vt 0.266389000 0.923242000
vt 0.266399750 0.923240750
vt 0.266389000 0.923242000
vt 0.266375500 0.923245500
vt 0.266375000 0.923234500
vt 0.266388500 0.923231000
vt 0.266382000 0.923238250
vt 0.266388500 0.923231000
vt 0.266399000 0.923219500
vt 0.266412000 0.923220500
vt 0.266401500 0.923232000
vt 0.266400250 0.923225750
vt 0.266379500 0.923223500
vt 0.266375000 0.923234500
vt 0.266362500 0.923234000
vt 0.266367000 0.923223000
vt 0.266371000 0.923228750
vt 0.266367000 0.923223000
vt 0.266359000 0.923214500
vt 0.266369500 0.923204000
vt 0.266377500 0.923212500
vt 0.266368250 0.923213500
vt 0.266377500 0.923212500
vt 0.266397000 0.923208500
vt 0.266399000 0.923219500
vt 0.266379500 0.923223500
vt 0.266388250 0.923216000
vt 0.266181000 0.923046000
vt 0.266187500 0.923036000
vt 0.266194000 0.923046000
vt 0.266187500 0.923056000
vt 0.266187500 0.923046000
vt 0.266187500 0.923056000
vt 0.266194000 0.923065000
vt 0.266187500 0.923074000
vt 0.266181000 0.923065000
vt 0.266187500 0.923065000
vt 0.266181000 0.923065000
vt 0.266174500 0.923074000
vt 0.266168000 0.923065000
vt 0.266174500 0.923056000
vt 0.266174500 0.923065000
vt 0.266174500 0.923056000
vt 0.266168000 0.923046000
vt 0.266174500 0.923036000
vt 0.266181000 0.923046000
vt 0.266174500 0.923046000
vt 0.266332000 0.922663000
vt 0.266338500 0.922653000
vt 0.266345000 0.922663000
vt 0.266338500 0.922673000
vt 0.266338500 0.922663000
vt 0.266338500 0.922673000
vt 0.266345000 0.922683000
vt 0.266338500 0.922693000
vt 0.266332000 0.922683000
vt 0.266338500 0.922683000
vt 0.266332000 0.922683000
vt 0.266325500 0.922693000
vt 0.266319000 0.922683000
vt 0.266325500 0.922673000
vt 0.266325500 0.922683000
vt 0.266325500 0.922673000
vt 0.266325000 0.922661500
vt 0.266331500 0.922651500
vt 0.266332000 0.922663000
vt 0.266328500 0.922662250
vt 0.266181000 0.923130500
vt 0.266174500 0.923139000
vt 0.266168000 0.923130500
vt 0.266174500 0.923122000
vt 0.266174500 0.923130500
vt 0.266174500 0.923122000
vt 0.266168000 0.923114000
vt 0.266174500 0.923106000
vt 0.266181000 0.923114000
vt 0.266174500 0.923114000
vt 0.266181000 0.923114000
vt 0.266187500 0.923106000
vt 0.266194000 0.923114000
vt 0.266187500 0.923122000
vt 0.266187500 0.923114000
vt 0.266187500 0.923122000
vt 0.266194000 0.923130500
vt 0.266187500 0.923139000
vt 0.266181000 0.923130500
vt 0.266187500 0.923130500
vt 0.266181000 0.923166500
vt 0.266174500 0.923176000
vt 0.266168000 0.923166500
vt 0.266174500 0.923157000
vt 0.266174500 0.923166500
vt 0.266174500 0.923157000
vt 0.266168000 0.923148000
vt 0.266174500 0.923139000
vt 0.266181000 0.923148000
vt 0.266174500 0.923148000
vt 0.266181000 0.923148000
vt 0.266187500 0.923139000
vt 0.266194000 0.923148000
vt 0.266187500 0.923157000
vt 0.266187500 0.923148000
vt 0.266187500 0.923157000
vt 0.266194000 0.923166500
vt 0.266187500 0.923176000
vt 0.266181000 0.923166500
vt 0.266187500 0.923166500
vt 0.266181000 0.923082500
vt 0.266187500 0.923074000
vt 0.266194000 0.923082500
vt 0.266187500 0.923091000
vt 0.266187500 0.923082500
vt 0.266187500 0.923091000
vt 0.266194000 0.923098500
vt 0.266187500 0.923106000
vt 0.266181000 0.923098500
vt 0.266187500 0.923098500
vt 0.266181000 0.923098500
vt 0.266174500 0.923106000
vt 0.266168000 0.923098000
vt 0.266174500 0.923090500
vt 0.266174500 0.923098250
vt 0.266174500 0.923090500
vt 0.266168000 0.923082000
vt 0.266174500 0.923074000
vt 0.266181000 0.923082500
vt 0.266174500 0.923082250
vt 0.266357000 0.922683000
vt 0.266351000 0.922693000
vt 0.266345000 0.922683000
vt 0.266351000 0.922673000
vt 0.266351000 0.922683000
vt 0.266351000 0.922673000
vt 0.266345000 0.922662500
vt 0.266351000 0.922652500
vt 0.266357000 0.922663000
vt 0.266351000 0.922662750
vt 0.266357000 0.922663000
vt 0.266362500 0.922652500
vt 0.266369500 0.922660500
vt 0.266364000 0.922671000
vt 0.266363250 0.922661750
vt 0.266364000 0.922671000
vt 0.266374500 0.922675500
vt 0.266367500 0.922687500
vt 0.266357000 0.922683000
vt 0.266365750 0.922679250
vt 0.266416000 0.922643500
vt 0.266396500 0.922665000
vt 0.266388500 0.922667500
vt 0.266408000 0.922646000
vt 0.266402250 0.922655500
vt 0.266408000 0.922646000
vt 0.266406000 0.922640000
vt 0.266423000 0.922621500
vt 0.266425000 0.922627500
vt 0.266415500 0.922633750
vt 0.266425000 0.922627500
vt 0.266438500 0.922613500
vt 0.266429500 0.922629500
vt 0.266416000 0.922643500
vt 0.266427250 0.922628500
vt 0.266438000 0.922597000
vt 0.266442500 0.922601500
vt 0.266438500 0.922613500
vt 0.266434000 0.922609000
vt 0.266438250 0.922605250
vt 0.266434000 0.922609000
vt 0.266423000 0.922621500
vt 0.266415000 0.922616500
vt 0.266426000 0.922604000
vt 0.266424500 0.922612750
vt 0.266426000 0.922604000
vt 0.266415500 0.922599500
vt 0.266427500 0.922592500
vt 0.266438000 0.922597000
vt 0.266426750 0.922598250
vt 0.266402500 0.922612500
vt 0.266415000 0.922616500
vt 0.266394500 0.922630000
vt 0.266382000 0.922626000
vt 0.266398500 0.922621250
vt 0.266382000 0.922626000
vt 0.266353500 0.922641500
vt 0.266351000 0.922633500
vt 0.266379500 0.922618000
vt 0.266366500 0.922629750
vt 0.266379500 0.922618000
vt 0.266392500 0.922605000
vt 0.266415500 0.922599500
vt 0.266402500 0.922612500
vt 0.266397500 0.922608750
vt 0.266379000 0.922662500
vt 0.266369500 0.922660500
vt 0.266380500 0.922647500
vt 0.266390000 0.922649500
vt 0.266379750 0.922655000
vt 0.266390000 0.922649500
vt 0.266403000 0.922635000
vt 0.266406000 0.922640000
vt 0.266393000 0.922654500
vt 0.266398000 0.922644750
vt 0.266393000 0.922654500
vt 0.266388500 0.922667500
vt 0.266374500 0.922675500
vt 0.266379000 0.922662500
vt 0.266383750 0.922665000
vt 0.266392500 0.922641000
vt 0.266380500 0.922647500
vt 0.266372500 0.922650000
vt 0.266384500 0.922643500
vt 0.266382500 0.922645500
vt 0.266384500 0.922643500
vt 0.266375500 0.922646500
vt 0.266383500 0.922640500
vt 0.266392500 0.922637500
vt 0.266384000 0.922642000
vt 0.266392500 0.922637500
vt 0.266403000 0.922631500
vt 0.266403000 0.922635000
vt 0.266392500 0.922641000
vt 0.266397750 0.922636250
vt 0.266384000 0.922637500
vt 0.266383500 0.922640500
vt 0.266363000 0.922646500
vt 0.266363500 0.922643500
vt 0.266373500 0.922642000
vt 0.266363500 0.922643500
vt 0.266341500 0.922649000
vt 0.266353500 0.922641500
vt 0.266375500 0.922636000
vt 0.266358500 0.922642500
vt 0.266375500 0.922636000
vt 0.266394500 0.922630000
vt 0.266403000 0.922631500
vt 0.266384000 0.922637500
vt 0.266389250 0.922633750
vt 0.265780500 0.923171000
vt 0.265775500 0.923175500
vt 0.265771000 0.923169000
vt 0.265776000 0.923164500
vt 0.265775750 0.923170000
vt 0.265776000 0.923164500
vt 0.265771500 0.923158000
vt 0.265776500 0.923154500
vt 0.265781000 0.923161000
vt 0.265776250 0.923159500
vt 0.265781000 0.923161000
vt 0.265785500 0.923158000
vt 0.265790000 0.923164000
vt 0.265785500 0.923167000
vt 0.265785500 0.923162500
vt 0.265785500 0.923167000
vt 0.265790000 0.923172500
vt 0.265785000 0.923176500
vt 0.265780500 0.923171000
vt 0.265785250 0.923171750
vt 0.265782500 0.923142500
vt 0.265778500 0.923151000
vt 0.265773000 0.923145500
vt 0.265777000 0.923137000
vt 0.265777750 0.923144000
vt 0.265777000 0.923137000
vt 0.265771500 0.923131000
vt 0.265776000 0.923127000
vt 0.265781500 0.923133000
vt 0.265776500 0.923132000
vt 0.265781500 0.923133000
vt 0.265786000 0.923133000
vt 0.265791500 0.923135500
vt 0.265787000 0.923135500
vt 0.265786500 0.923134250
vt 0.265787000 0.923135500
vt 0.265792500 0.923140000
vt 0.265788000 0.923147000
vt 0.265782500 0.923142500
vt 0.265787500 0.923141250
vt 0.265781000 0.923197000
vt 0.265776500 0.923205500
vt 0.265771500 0.923198500
vt 0.265776000 0.923190000
vt 0.265776250 0.923197750
vt 0.265776000 0.923190000
vt 0.265771000 0.923182500
vt 0.265775500 0.923175500
vt 0.265780500 0.923183000
vt 0.265775750 0.923182750
vt 0.265780500 0.923183000
vt 0.265785000 0.923176500
vt 0.265790000 0.923183000
vt 0.265785500 0.923189500
vt 0.265785250 0.923183000
vt 0.265785500 0.923189500
vt 0.265790000 0.923195000
vt 0.265785500 0.923202500
vt 0.265781000 0.923197000
vt 0.265785500 0.923196000
vt 0.266374000 0.922546000
vt 0.266378000 0.922537500
vt 0.266382000 0.922544500
vt 0.266378000 0.922553000
vt 0.266378000 0.922545250
vt 0.266378000 0.922553000
vt 0.266382000 0.922561000
vt 0.266377500 0.922568500
vt 0.266373500 0.922560500
vt 0.266377750 0.922560750
vt 0.266373500 0.922560500
vt 0.266369000 0.922567500
vt 0.266365000 0.922560500
vt 0.266369500 0.922553500
vt 0.266369250 0.922560500
vt 0.266369500 0.922553500
vt 0.266365000 0.922548000
vt 0.266369500 0.922540500
vt 0.266374000 0.922546000
vt 0.266369500 0.922547000
vt 0.266373000 0.922576000
vt 0.266377500 0.922568500
vt 0.266381500 0.922577000
vt 0.266377000 0.922584500
vt 0.266377250 0.922576500
vt 0.266377000 0.922584500
vt 0.266380500 0.922593000
vt 0.266376500 0.922601000
vt 0.266373000 0.922592500
vt 0.266376750 0.922592750
vt 0.266373000 0.922592500
vt 0.266369000 0.922600500
vt 0.266365000 0.922591500
vt 0.266369000 0.922583500
vt 0.266369000 0.922592000
vt 0.266369000 0.922583500
vt 0.266365000 0.922575000
vt 0.266369000 0.922567500
vt 0.266373000 0.922576000
vt 0.266369000 0.922575500
vt 0.265781000 0.923133000
vt 0.265776000 0.923127000
vt 0.265771500 0.923116500
vt 0.265776500 0.923122500
vt 0.265776250 0.923124750
vt 0.265776500 0.923122500
vt 0.265773000 0.923102000
vt 0.265778000 0.923121500
vt 0.265781500 0.923142000
vt 0.265777250 0.923122000
vt 0.265781500 0.923142000
vt 0.265786000 0.923174500
vt 0.265790000 0.923181500
vt 0.265785500 0.923149000
vt 0.265785750 0.923161750
vt 0.265785500 0.923149000
vt 0.265790500 0.923149000
vt 0.265786000 0.923133000
vt 0.265781000 0.923133000
vt 0.265785750 0.923141000
vt 0.266253000 0.922660000
vt 0.266255500 0.922665000
vt 0.266250000 0.922668000
vt 0.266247500 0.922663000
vt 0.266251500 0.922664000
vt 0.266247500 0.922663000
vt 0.266240000 0.922663500
vt 0.266240000 0.922657500
vt 0.266247500 0.922657000
vt 0.266243750 0.922660250
vt 0.266247500 0.922657000
vt 0.266250000 0.922651500
vt 0.266255500 0.922654500
vt 0.266253000 0.922660000
vt 0.266251500 0.922655750
vt 0.266243500 0.922644500
vt 0.266249500 0.922645000
vt 0.266250000 0.922651500
vt 0.266244000 0.922651000
vt 0.266246750 0.922648000
vt 0.266244000 0.922651000
vt 0.266240000 0.922657500
vt 0.266234000 0.922654500
vt 0.266238000 0.922648000
vt 0.266239000 0.922652750
vt 0.266238000 0.922648000
vt 0.266234000 0.922643000
vt 0.266239500 0.922639500
vt 0.266243500 0.922644500
vt 0.266238750 0.922643750
vt 0.266230500 0.922648000
vt 0.266234000 0.922654500
vt 0.266228500 0.922657500
vt 0.266225000 0.922651000
vt 0.266229500 0.922652750
vt 0.266225000 0.922651000
vt 0.266218500 0.922651500
vt 0.266218000 0.922645500
vt 0.266224500 0.922645000
vt 0.266221500 0.922648250
vt 0.266224500 0.922645000
vt 0.266228000 0.922640000
vt 0.266234000 0.922643000
vt 0.266230500 0.922648000
vt 0.266229250 0.922644000
vt 0.266244000 0.922669500
vt 0.266250000 0.922668000
vt 0.266249500 0.922674000
vt 0.266243500 0.922675500
vt 0.266246750 0.922671750
vt 0.266243500 0.922675500
vt 0.266239500 0.922680000
vt 0.266234000 0.922677500
vt 0.266238000 0.922673000
vt 0.266238750 0.922676500
vt 0.266238000 0.922673000
vt 0.266234000 0.922667000
vt 0.266240000 0.922663500
vt 0.266244000 0.922669500
vt 0.266239000 0.922668250
vt 0.266230500 0.922673000
vt 0.266234000 0.922677500
vt 0.266228000 0.922680500
vt 0.266224500 0.922676000
vt 0.266229250 0.922676750
vt 0.266224500 0.922676000
vt 0.266218000 0.922675000
vt 0.266218500 0.922669000
vt 0.266225000 0.922670000
vt 0.266221500 0.922672500
vt 0.266225000 0.922670000
vt 0.266228500 0.922664000
vt 0.266234000 0.922667000
vt 0.266230500 0.922673000
vt 0.266229500 0.922668500
vt 0.266221000 0.922657500
vt 0.266228500 0.922657500
vt 0.266228500 0.922664000
vt 0.266221000 0.922664000
vt 0.266224750 0.922660750
vt 0.266221000 0.922664000
vt 0.266218500 0.922669000
vt 0.266212500 0.922665500
vt 0.266215000 0.922660500
vt 0.266216750 0.922664750
vt 0.266215000 0.922660500
vt 0.266212500 0.922654500
vt 0.266218500 0.922651500
vt 0.266221000 0.922657500
vt 0.266216750 0.922656000
vn 0.044869394 -0.987084670 0.153787486
vn 0.744163138 -0.547707648 0.382410195
vn -0.126411741 -0.988560541 0.082268638
vn -0.124882941 -0.987899893 -0.091967671
vn 0.046063896 -0.987881836 -0.148214694
vn 0.900870199 -0.334598754 0.276543954
vn -0.138261345 -0.369885061 0.918732193
vn -0.905038683 -0.399271349 0.146585718
vn -0.319057554 -0.273433904 -0.907433842
vn 0.646990364 -0.394390872 -0.652578968
vn 0.794247421 -0.286224952 0.535953646
vn -0.303907082 -0.181084311 0.935333608
vn -0.952820960 -0.303532040 0.000720168
vn 0.792602177 -0.283558442 -0.539792922
vn 0.335478305 0.552010584 0.763373187
vn -0.597498417 0.547964072 0.585432334
vn -0.710697275 0.548805789 -0.440138147
vn 0.115297422 0.418458049 -0.900888098
vn 0.832221978 0.546927405 -0.090977980
vn 0.233093087 0.656529671 0.717381631
vn 0.387044327 0.917785046 -0.088697791
vn 0.641961081 0.761050492 -0.093210081
vn 0.183859707 0.973833644 -0.133580094
vn 0.203958227 0.917786203 -0.340689781
vn 0.516627268 0.835929122 -0.185253258
vn 0.491120478 0.794657435 -0.356819614
vn 0.335831191 0.835929678 -0.434095594
vn 0.288302586 0.763309265 -0.578135438
vn 0.745908900 0.642229058 -0.176526909
vn 0.724875245 0.596403821 -0.344758410
vn 0.597481475 0.674222338 -0.434096908
vn 0.552960005 0.598007159 -0.580191926
vn 0.400929206 0.645534127 -0.650031894
vn 0.339552189 0.542994903 -0.768023988
vn -0.610234919 0.656532008 0.443372379
vn 0.035243803 0.917786984 -0.395505912
vn 0.114698194 0.769378958 -0.628410966
vn -0.070229377 0.973833236 -0.216140377
vn -0.260989394 0.917786542 -0.299253070
vn -0.015033960 0.838934890 -0.544024109
vn -0.188367219 0.799605357 -0.570218436
vn -0.309387738 0.835280191 -0.454517579
vn -0.469130374 0.750813212 -0.464969046
vn 0.075561267 0.661570475 -0.746066352
vn -0.096432396 0.481628465 -0.871053853
vn -0.228873330 0.680610431 -0.695978764
vn -0.349838287 0.521936611 -0.777943023
vn -0.508913428 0.590273059 -0.626565910
vn -0.567179795 0.537104632 -0.624360228
vn -0.610234919 0.656532008 -0.443372379
vn -0.365258896 0.917785948 -0.155739825
vn -0.575464168 0.758246660 -0.306435955
vn -0.227262247 0.973833595 -0.000000000
vn -0.365258896 0.917785948 0.155739825
vn -0.526848969 0.835929408 -0.153792679
vn -0.607058750 0.794656954 0.000000000
vn -0.526848969 0.835929408 0.153792679
vn -0.574480074 0.760344515 0.303065773
vn -0.703245138 0.644276585 -0.300589352
vn -0.788787155 0.597080899 -0.145976793
vn -0.738529767 0.674220871 0.000001291
vn -0.788787036 0.597081409 0.145975349
vn -0.705492732 0.643544454 0.296867883
vn -0.720109889 0.552009681 0.420389176
vn 0.233093087 0.656529671 -0.717381631
vn -0.260989394 0.917786542 0.299253070
vn -0.466730221 0.758598444 0.454633150
vn -0.070229377 0.973833236 0.216140377
vn 0.035243803 0.917786984 0.395505912
vn -0.308696678 0.836709788 0.452352839
vn -0.185529671 0.799717248 0.570991299
vn -0.016151573 0.836709894 0.547408148
vn 0.110361523 0.758599997 0.642142024
vn -0.506447898 0.623542515 0.595571372
vn -0.378638403 0.513758407 0.769860545
vn -0.225447735 0.683926715 0.693842609
vn -0.146196504 0.513758660 0.845386670
vn 0.059649469 0.623543833 0.779509480
vn 0.139271673 0.547965700 0.824825432
vn 0.754297176 0.656533145 0.000000000
vn 0.203958227 0.917786203 0.340689781
vn 0.286621174 0.760345295 0.582857903
vn 0.183859707 0.973833644 0.133580094
vn 0.387044327 0.917785046 0.088697791
vn 0.335831191 0.835929678 0.434095594
vn 0.491120478 0.794657435 0.356819614
vn 0.516627268 0.835929122 0.185253258
vn 0.641961081 0.761050492 0.093210081
vn 0.396255861 0.643545630 0.654851369
vn 0.552338867 0.597081416 0.581734956
vn 0.597481822 0.674221869 0.434097160
vn 0.724875360 0.596403486 0.344758749
vn 0.745908994 0.642228930 0.176526980
vn 0.832221569 0.546928094 0.090977581
vn 0.918503903 0.364386018 -0.153536349
vn 0.976036284 0.062390017 -0.208472201
vn 0.939382559 -0.118488747 -0.321746523
vn 0.907735678 0.329120508 -0.260183838
vn 0.805136440 0.437968925 -0.399923160
vn 0.882831410 0.097227893 -0.459516526
vn 0.783736275 0.184231054 -0.593141104
vn 0.753365207 0.358760574 -0.551118604
vn 0.634334526 0.437912740 -0.637065256
vn 0.803732737 -0.170242577 -0.570115034
vn 0.670068080 -0.052171849 -0.740463953
vn 0.669990056 0.066671155 -0.739370193
vn 0.504229765 0.132367117 -0.853364688
vn 0.542310924 0.335002109 -0.770501427
vn 0.318822066 0.323327351 -0.890961230
vn 0.479974069 -0.303020561 -0.823288183
vn -0.567118742 0.355189139 -0.743113052
vn -0.808572564 0.390651406 -0.440002144
vn -0.935536385 0.175536483 -0.306526696
vn -0.984684906 -0.075713239 -0.157045028
vn -0.890759347 0.340900500 -0.300557208
vn -0.886798433 0.438496518 -0.145977199
vn -0.983269411 0.097259518 -0.154018996
vn -0.982246490 0.187594861 -0.000000325
vn -0.933319462 0.359047046 0.000000000
vn -0.886797819 0.438497933 0.145976677
vn -0.987268505 -0.159062526 -0.000112236
vn -0.984901079 -0.075173037 0.155945118
vn -0.983291139 0.097396942 0.153793279
vn -0.936986546 0.173798983 0.303067856
vn -0.891106187 0.343217486 0.296869534
vn -0.815772750 0.397225879 0.420388416
vn -0.570855399 0.352807422 0.741384540
vn -0.620941449 0.658149030 0.425759992
vn -0.031952394 -0.519812193 0.853682803
vn -0.866363618 0.261044293 0.425758098
vn 0.352322282 -0.217742637 0.910196217
vn 0.450643610 0.261054313 0.853680844
vn -0.820033767 -0.217751082 0.529272224
vn -0.475927452 -0.519815416 0.709425820
vn 0.252088232 0.658155790 0.709424047
vn -0.171977511 0.830839572 0.529272463
vn 0.026047993 0.352810764 0.935332062
vn 0.412871457 0.397228969 0.819601310
vn 0.579897485 0.173800755 0.795934799
vn 0.706557516 -0.078206695 0.703320830
vn 0.546422088 0.343218622 0.763952799
vn 0.631632111 0.438497493 0.639344058
vn 0.704140705 0.098082618 0.703253630
vn 0.789725539 0.191703087 0.582737934
vn 0.754112718 0.359745306 0.549451839
vn 0.805137578 0.437967657 0.399922258
vn 0.811122395 -0.176751730 0.557529628
vn 0.941140496 -0.120333706 0.315870807
vn 0.884616402 0.098913856 0.455708097
vn 0.976037097 0.062393679 0.208467300
vn 0.907735982 0.329121275 0.260181808
vn 0.918503935 0.364385777 0.153536729
vn -0.333467360 -0.570798798 -0.750325431
vn -0.217145713 0.648365633 -0.729705245
vn 0.496650893 -0.145751503 -0.855625145
vn 0.529200948 0.298079324 -0.794414925
vn -0.638913652 0.232237489 -0.733386047
vn 0.081753122 0.675805649 -0.732532014
vn 0.592108846 0.005747882 -0.805837500
vn -0.039959908 -0.610159758 -0.791270039
vn -0.486216895 0.475096449 -0.733400638
vn 0.531897987 -0.328564765 -0.780467633
vn 0.346769477 -0.384169680 -0.855666165
vn 0.249232754 -0.537340097 -0.805697620
vn -0.679826012 -0.085355431 -0.728389349
vn -0.574886941 -0.366180423 -0.731721876
vn 0.371586026 0.548403604 -0.749117690
vn -0.733371224 0.268481704 -0.624567228
vn -0.624573503 0.086282774 -0.776185044
vn -0.481641927 -0.126134604 -0.867243401
vn -0.754778579 0.193067138 -0.626924538
vn -0.881125994 0.084541098 -0.465263136
vn -0.710318077 -0.093926747 -0.697585834
vn -0.800081379 -0.185261589 -0.570568077
vn -0.886093999 -0.093750113 -0.453925480
vn -0.935451998 -0.173775048 -0.307785303
vn -0.564765854 -0.364742500 -0.740271868
vn -0.684711230 -0.524877364 -0.505642447
vn -0.696303988 -0.524632765 -0.489817536
vn -0.683866467 -0.526568746 -0.505026742
vn -0.893511166 -0.343737032 -0.288933640
vn -0.906838533 -0.396272392 -0.143569032
vn -0.757321133 0.289365798 0.585433290
vn -0.887237894 0.078205157 0.454634878
vn -0.935896021 -0.173181412 0.306768375
vn -0.784203104 0.174127271 0.595571310
vn -0.628845152 0.108903134 0.769866146
vn -0.886427509 -0.098081098 0.452356462
vn -0.798256616 -0.191703182 0.570995854
vn -0.712542054 -0.104216661 0.693846316
vn -0.524892507 -0.098998237 0.845391746
vn -0.894785530 -0.343985246 0.284662970
vn -0.803237670 -0.438497661 0.403148913
vn -0.755594245 -0.359746947 0.547411610
vn -0.629149768 -0.437970974 0.642146397
vn -0.531026869 -0.332214829 0.779515088
vn -0.427823846 -0.369627405 0.824828672
vn 0.268572338 0.289367395 0.918768420
vn 0.056230496 0.108906413 0.992460339
vn -0.072257782 -0.099001198 0.992460365
vn 0.284360277 0.174126410 0.942772097
vn 0.450559703 0.078206264 0.889314193
vn 0.168624907 -0.104217881 0.980155230
vn 0.310181228 -0.191704154 0.931148282
vn 0.451244018 -0.098082136 0.886994212
vn 0.577784748 -0.173800826 0.797469785
vn -0.028628837 -0.332533260 0.942656895
vn 0.131619559 -0.438732686 0.888926275
vn 0.289500004 -0.359988658 0.886903554
vn 0.412843670 -0.439804730 0.797578776
vn 0.557664290 -0.343582605 0.755619967
vn 0.651602143 -0.397444825 0.646105454
vn 0.990724304 0.135887279 -0.000002396
vn 0.442293035 -0.719960828 -0.534820791
vn 0.531051589 -0.255216034 0.807990709
vn 0.704827757 0.654679559 0.273152902
vn 0.629015280 0.301142260 0.716695973
vn 0.396148018 -0.918186663 0.000009092
vn 0.531047691 -0.255233902 -0.807987627
vn 0.629012357 0.301127050 -0.716704928
vn 0.442296377 -0.719948190 0.534835039
vn 0.704826031 0.654673716 -0.273171362
vn 0.900869925 -0.334601338 -0.276541719
vn 0.619376205 -0.551587231 -0.558681165
vn 0.463109304 -0.760012666 -0.455972061
vn 0.263798825 -0.914353248 -0.307194267
vn 0.490593359 -0.640038361 -0.591328211
vn 0.341626689 -0.576879545 -0.741957678
vn 0.310103577 -0.833785162 -0.456769171
vn 0.191426255 -0.786400165 -0.587308070
vn 0.239889083 -0.630873552 -0.737869764
vn 0.099392027 -0.509527170 -0.854694851
vn 0.092141205 -0.954075623 -0.285043336
vn -0.033075922 -0.914500243 -0.403231062
vn 0.016755506 -0.835026772 -0.549954129
vn -0.109790860 -0.763566377 -0.636327238
vn -0.059777702 -0.635353088 -0.769904591
vn -0.150978587 -0.427309828 -0.891409994
vn -0.331281200 -0.546632144 -0.769055307
vn -0.288733705 -0.762054415 -0.579573909
vn -0.210022592 -0.914566778 -0.345627140
vn -0.401525286 -0.648422077 -0.646781458
vn -0.689634886 -0.527207576 -0.496443245
vn -0.333106173 -0.837317881 -0.433519369
vn -0.489006381 -0.796647523 -0.355282259
vn -0.702320921 -0.543543746 -0.459679802
vn -0.685979334 -0.530129608 -0.498392367
vn -0.241891666 -0.954188816 -0.176102601
vn -0.393987698 -0.914378460 -0.093197244
vn -0.515237504 -0.837317205 -0.182839308
vn -0.641838199 -0.760999642 -0.094463066
vn -0.743010694 -0.644734521 -0.179589826
vn -0.827745703 -0.554457791 -0.086102322
vn -0.827912696 -0.553347885 0.091469585
vn -0.641924388 -0.761230879 0.091981672
vn -0.395687422 -0.913703091 0.092618170
vn -0.745138242 -0.643321242 0.175803239
vn -0.723946808 -0.597079172 0.345539407
vn -0.516734126 -0.835931661 0.184943510
vn -0.490347941 -0.794732832 0.357713045
vn -0.597330374 -0.674294270 0.434193115
vn -0.551890190 -0.596395491 0.582863308
vn -0.252759025 -0.951911582 0.173139293
vn -0.209325109 -0.909188366 0.359943765
vn -0.333337403 -0.835501259 0.436833860
vn -0.286437795 -0.759359853 0.584231122
vn -0.398121492 -0.641828778 0.655404529
vn -0.343506917 -0.547233904 0.763241805
vn 0.744358512 -0.547439822 -0.382413450
vn 0.873398314 -0.475015561 -0.107403916
vn 0.873357689 -0.475084775 0.107428132
vn 0.726580047 -0.619411542 -0.297339498
vn 0.576611877 -0.758598509 -0.303392560
vn 0.736506595 -0.676430359 0.000076199
vn 0.600358277 -0.799731104 0.000318961
vn 0.525673342 -0.836638479 -0.153959710
vn 0.373981523 -0.913986026 -0.157376504
vn 0.726404731 -0.619501255 0.297580851
vn 0.576691445 -0.758228016 0.304166488
vn 0.525754124 -0.836556192 0.154130912
vn 0.372866067 -0.913457542 0.162991456
vn 0.303912345 -0.952668959 -0.007690312
vn 0.147460404 -0.989025490 -0.009165652
vn -0.168474377 -0.548391915 0.819074289
vn -0.092327160 -0.759804164 0.643562995
vn 0.170842789 -0.879877332 0.443428261
vn -0.054827624 -0.646250272 0.761153413
vn 0.103896830 -0.599491020 0.793609454
vn 0.151606269 -0.872284651 0.464903244
vn 0.138190537 -0.893994577 0.426235934
vn 0.231106313 -0.680525430 0.695323674
vn 0.382166035 -0.601778427 0.701292982
vn 0.112842226 -0.892300232 0.437112031
vn 0.164872412 -0.892744496 0.419314146
vn 0.123136853 -0.879467848 0.459753868
vn 0.456411078 -0.763017961 0.457703528
vn 0.494855117 -0.647032745 0.580057791
vn 0.620982452 -0.553181930 0.555311215
vn -0.042458595 0.998621822 0.030850030
vn 0.016219717 0.998621564 0.049918865
vn 0.052487652 0.998621573 -0.000000000
vn 0.016219717 0.998621564 -0.049918865
vn -0.042458595 0.998621822 -0.030850030
vn -0.383680746 0.177379424 0.906270172
vn -0.354739468 0.119495862 0.927297497
vn -0.361628191 0.223496055 0.905137871
vn -0.330240995 0.263850854 0.906269062
vn -0.443713003 0.101600196 0.890391022
vn -0.303533282 0.187593964 0.934171318
vn -0.289308608 0.351431307 0.890391243
vn -0.265527631 0.263849771 0.927296272
vn -0.306997170 0.114235988 0.944829549
vn -0.258063676 0.119495452 0.958709537
vn -0.164392282 0.101602667 0.981148345
vn -0.222291115 0.177380331 0.958708964
vn -0.239470315 0.223496379 0.944829793
vn 0.985180117 -0.171275056 0.009219100
vn 0.982012806 -0.187859209 0.018967489
vn 0.980337729 -0.197326980 -0.000001197
vn 0.985180495 -0.171272870 -0.009219299
vn 0.984665539 -0.107123493 0.137689266
vn 0.982246993 -0.187592229 0.000000770
vn 0.984665476 -0.107123592 -0.137689638
vn 0.982012419 -0.187861276 -0.018967080
vn 0.983129226 -0.182710379 -0.008593173
vn 0.979017503 -0.203542895 0.009747728
vn 0.939927146 -0.341375102 0.000001475
vn 0.979017967 -0.203540714 -0.009746723
vn 0.983129322 -0.182709952 0.008591259
vn -0.240786700 -0.186627032 -0.952466333
vn 0.063772910 0.297765279 -0.952506617
vn 0.000509184 0.194270809 -0.980947804
vn -0.173760994 -0.087246874 -0.980915440
vn 0.013348604 0.375716484 -0.926638515
vn -0.098719805 0.344702183 -0.933506725
vn -0.163631038 0.101269816 -0.981309996
vn -0.303525033 0.188494411 -0.933992726
vn -0.265579793 0.363976589 -0.892742077
vn -0.202252992 0.210727176 -0.956393112
vn -0.331233732 -0.179015492 -0.926411177
vn -0.354200765 -0.062286076 -0.933092848
vn -0.442795492 0.077443988 -0.893271840
vn -0.280046906 0.090078207 -0.955750829
vn -0.232236932 0.145527002 -0.961710923
vn 0.166612290 0.226443698 -0.959668482
vn 0.210857862 0.075429835 -0.974602125
vn 0.280781076 0.165178745 -0.945451199
vn 0.157933981 0.086687643 -0.983637184
vn 0.201311108 -0.038518033 -0.978769737
vn 0.248048379 -0.154291161 -0.956381848
vn 0.153162633 -0.094946130 -0.983629219
vn -0.007357142 -0.180289399 -0.983586094
vn 0.121775871 -0.166418986 -0.978506698
vn 0.022248768 -0.222694982 -0.974634258
vn -0.023977131 -0.325656834 -0.945183963
vn -0.132627152 -0.249422123 -0.959269849
vn 0.177876747 -0.975529449 0.129236826
vn 0.458073092 -0.573417838 -0.679235619
vn 0.055960751 0.230808426 -0.971388627
vn -0.626353588 0.632921791 -0.455072730
vn -0.504435170 -0.573416470 0.645553027
vn -0.906551595 0.230810506 0.353398806
vn -0.692929696 -0.532599523 -0.485989902
vn -0.681163181 -0.539535028 -0.494892589
vn -0.676331599 -0.532598488 -0.508836338
vn -0.699865500 -0.518728673 -0.491028355
vn -0.695031085 -0.511797442 -0.504970463
vn -0.683268044 -0.518730057 -0.513871490
vn 0.822872507 -0.412116522 0.391204306
vn -0.632978286 -0.751174159 0.187285537
vn 0.600334009 -0.763497030 -0.238057478
vn 0.315346270 -0.229450577 0.920819832
vn -0.413968755 -0.399724386 0.817832675
vn -0.126203134 -0.932284999 -0.338994762
vn 0.183783734 -0.876099080 0.445728550
vn 0.170672901 -0.895466780 0.411108267
vn 0.131030044 -0.904460632 0.405933606
vn 0.155524008 -0.865680639 0.475824877
vn 0.114511700 -0.875402176 0.469636137
vn 0.103138711 -0.894800314 0.434390153
vn -0.043414126 -0.991816724 0.120061647
vn 0.682806589 -0.556919077 0.472880856
vn -0.150546603 -0.462823061 0.873573428
vn 0.814241246 -0.464735722 0.347896395
vn 0.683309086 -0.556297899 -0.472886182
vn -0.130455298 -0.991438267 -0.005619415
vn -0.868987622 -0.479123593 0.123697596
vn -0.040724739 -0.991394528 -0.124412158
vn -0.341780942 -0.438309102 -0.831306753
vn 0.630943560 -0.478155650 -0.610964318
vn 0.843189764 -0.313154304 0.436995886
vn 0.956229218 0.278723525 -0.089100385
vn -0.212775950 -0.295144884 0.931459013
vn 0.345562762 0.342352345 0.873716916
vn -0.933796367 -0.349506614 0.076612473
vn -0.684084070 0.322309965 0.654328107
vn 0.167882621 0.325460209 -0.930532685
vn -0.773239066 0.321627452 -0.546495315
vn 0.722360003 -0.337360209 -0.603642373
vn 0.379689056 0.477659601 0.792261021
vn -0.594213742 0.467723085 0.654328010
vn -0.765218215 0.473137726 -0.436556727
vn -0.211092907 -0.274240184 -0.938206857
vn 0.877823383 0.462181933 -0.125753600
vn 0.238589232 0.556297201 0.795995353
vn -0.217929131 0.708961803 0.670730986
vn -0.660900451 0.556295294 0.503732209
vn -0.632596887 0.548480382 -0.546800191
vn 0.244564645 0.508266056 -0.825744361
vn -0.256703623 -0.553913101 0.792012327
vn -0.189332010 -0.762972155 0.618083232
vn -0.081176499 -0.913614635 0.398395123
vn 0.098414210 -0.992411874 0.073711027
vn 0.294248959 -0.916585146 0.270719819
vn 0.519660402 -0.763894650 0.382646091
vn 0.635433545 -0.478156229 0.606292694
vn 0.397786708 -0.524976899 0.752439360
vn 0.119435235 -0.522027033 0.844525311
vn 0.814239728 -0.464740069 -0.347894141
vn 0.955779200 0.257570370 0.141928243
vn 0.955778148 0.257568717 -0.141938324
vn 0.099480741 -0.991557574 -0.083169469
vn 0.321230036 -0.917673172 -0.233852972
vn 0.522951045 -0.763609685 -0.378711570
vn -0.828690842 -0.559695364 0.003548019
vn -0.643655616 -0.765304837 -0.003994149
vn -0.397603269 -0.917557298 -0.000495681
vn -0.390858725 -0.462186432 0.795998216
vn -0.594180711 -0.519114996 0.614384980
vn -0.766323924 -0.520149270 0.377084049
vn -0.242821143 -0.506753033 -0.827187558
vn -0.202642601 -0.767253193 -0.608488713
vn -0.122630613 -0.917978681 -0.377196068
vn -0.870291994 -0.478120480 -0.118290543
vn -0.689494952 -0.525732075 -0.498199254
vn -0.699705531 -0.511878787 -0.498389684
vn 0.000405719 0.272471958 -0.962163639
vn -0.054159632 0.088927998 -0.994564500
vn 0.349754850 -0.502671332 -0.790565037
vn 0.956229646 0.278723387 0.089096226
vn 0.811074335 -0.500099431 -0.303412231
vn 0.857188692 -0.258629029 -0.445352187
vn 0.843190083 -0.313158664 -0.436992145
vn 0.857189495 -0.258620960 0.445355328
vn 0.811076200 -0.500092797 0.303418180
vn 0.168824552 0.322313262 0.931457155
vn -0.529412775 0.236681642 0.814680253
vn -0.448454207 0.367661691 0.814686262
vn 0.724171365 -0.342350129 0.598641982
vn 0.644879038 -0.125202633 0.753959765
vn 0.517781394 0.125202687 0.846301788
vn -0.793126968 0.342349362 0.503732595
vn -0.916338882 0.125201840 0.380325587
vn -0.964570455 -0.123658107 0.233050446
vn -0.375354614 -0.295145528 0.878634185
vn -0.116049524 0.367673936 0.922685420
vn -0.050553466 0.236687211 0.970269814
vn -0.665152926 0.310615809 -0.679035643
vn -0.044576546 0.080751685 -0.995736962
vn 0.187494812 0.182758598 -0.965113978
vn -0.934798314 -0.347481317 -0.073544855
vn -0.963508941 -0.125601761 -0.236378336
vn -0.913244413 0.129788922 -0.386185807
vn -0.246076742 -0.117508634 -0.962100805
vn -0.103298386 0.009495983 -0.994605082
vn 0.605559291 -0.094084109 -0.790219037
vn 0.877823242 0.462182240 0.125753459
vn 0.767928903 0.519112046 0.375243765
vn 0.595435342 0.520150633 0.612290840
vn 0.096117189 0.467726229 0.878631698
vn -0.380754603 -0.060624765 0.922686604
vn -0.234308866 -0.060619024 0.970270421
vn -0.772857774 0.477656821 0.417773650
vn -0.841613245 0.520149976 0.145365565
vn -0.841613569 0.520149317 -0.145366053
vn -0.572326292 0.460806788 -0.678306508
vn -0.093324736 0.001462172 -0.995634650
vn -0.081312184 -0.275643852 -0.957814594
vn 0.346077533 0.444274145 -0.826347884
vn 0.597145580 0.520858918 -0.610018969
vn 0.767928309 0.519113156 -0.375243444
vn -0.705240641 0.708968010 -0.000000000
vn 0.119075896 0.922776130 0.366476665
vn 0.198574431 0.763611002 0.614382969
vn 0.833035115 0.553220117 -0.000000281
vn 0.643802087 0.765192050 0.000000000
vn 0.385339304 0.922774957 0.000000000
vn -0.217929131 0.708961803 -0.670730986
vn -0.311744367 0.922775926 0.226495122
vn -0.521779500 0.763609996 0.380323451
vn 0.570554771 0.708962599 0.414535024
vn -0.311744367 0.922775926 -0.226495122
vn -0.524511905 0.758890537 -0.385969447
vn 0.570554771 0.708962599 -0.414535024
vn 0.119075896 0.922776130 -0.366476665
vn 0.199553100 0.770140559 -0.605856484
vn -0.193029743 0.971117465 0.140251161
vn 0.275234675 0.877684625 -0.392320753
vn 0.458173834 0.877683035 -0.140531950
vn 0.347963316 0.707238732 -0.615414419
vn 0.695883650 0.705201955 -0.135779776
vn 0.545408832 0.738583000 -0.396262992
vn 0.298602922 0.946850313 -0.119627674
vn 0.206046219 0.946850568 -0.247020155
vn 0.580118546 0.802317546 -0.140531239
vn 0.505631770 0.818136782 -0.273840681
vn 0.416686114 0.818137307 -0.396262576
vn 0.312917412 0.802319852 -0.508296712
vn 0.789068168 0.598987988 -0.136326144
vn 0.738207900 0.621735393 -0.261713963
vn 0.661930661 0.638695399 -0.392321281
vn 0.577667484 0.638696612 -0.508298058
vn 0.477297360 0.625181851 -0.617523184
vn 0.380286225 0.608870346 -0.696174755
vn 0.073733049 0.971117223 0.226924607
vn -0.288067672 0.877684893 -0.382996404
vn 0.007927290 0.877684730 -0.479172906
vn -0.494078167 0.668499778 -0.555873017
vn 0.100453428 0.735198012 -0.670367803
vn -0.207591324 0.754922251 -0.622091824
vn -0.021502726 0.946850883 -0.320953327
vn -0.171260597 0.946850245 -0.272294733
vn 0.050688628 0.807337089 -0.587909421
vn -0.104679354 0.822859602 -0.558519747
vn -0.248528417 0.818801324 -0.517492046
vn -0.388016100 0.799093491 -0.459230988
vn 0.108215744 0.564770188 -0.818122232
vn -0.008924027 0.596935997 -0.802239227
vn -0.173000789 0.618313756 -0.766654307
vn -0.298225041 0.610153200 -0.734012873
vn -0.452459158 0.571606715 -0.684504547
vn -0.537097802 0.560945557 -0.629973041
vn 0.238604856 0.971116740 -0.000000000
vn -0.453272303 0.877683694 0.155613472
vn -0.453272303 0.877683694 -0.155613472
vn -0.642433612 0.704715140 0.301090727
vn -0.641354446 0.703245921 -0.306772960
vn -0.674164073 0.738581615 0.000000248
vn -0.311890815 0.946850161 -0.078733044
vn -0.311890815 0.946850161 0.078733044
vn -0.551926739 0.802319471 -0.227289114
vn -0.570023469 0.818137279 -0.075661329
vn -0.570023469 0.818137279 0.075661329
vn -0.551926739 0.802319471 0.227289114
vn -0.709123824 0.604058030 -0.363671966
vn -0.750109469 0.623219366 -0.221208964
vn -0.766113401 0.638696251 -0.071675349
vn -0.766113376 0.638696224 0.071675855
vn -0.750109546 0.623219451 0.221208465
vn -0.714640021 0.601940143 0.356311248
vn 0.073733049 0.971117223 -0.226924607
vn 0.007927290 0.877684730 0.479172906
vn -0.288067672 0.877684893 0.382996404
vn 0.085405650 0.695810649 0.713129312
vn -0.488267083 0.695808140 0.526731704
vn -0.201635764 0.757793209 0.620558193
vn -0.171260597 0.946850245 0.272294733
vn -0.021502726 0.946850883 0.320953327
vn -0.387598081 0.802437993 0.453719070
vn -0.246842786 0.820408023 0.515751214
vn -0.103458195 0.820408075 0.562340637
vn 0.046880057 0.802438394 0.594890649
vn -0.549794672 0.583854132 0.597361006
vn -0.457298069 0.590812073 0.664695095
vn -0.308040043 0.614334075 0.726433050
vn -0.177786233 0.614334579 0.768755540
vn -0.020746051 0.590812867 0.806541851
vn 0.093667195 0.583855366 0.806436215
vn -0.193029743 0.971117465 -0.140251161
vn 0.458173834 0.877683035 0.140531950
vn 0.275234675 0.877684625 0.392320753
vn 0.695883650 0.705201955 0.135779776
vn 0.342758082 0.704716196 0.621202045
vn 0.545408832 0.738583000 0.396262992
vn 0.206046219 0.946850568 0.247020155
vn 0.298602922 0.946850313 0.119627674
vn 0.312917025 0.802319803 0.508297028
vn 0.416686114 0.818137307 0.396262576
vn 0.505631770 0.818136782 0.273840681
vn 0.580118546 0.802317546 0.140531239
vn 0.368715689 0.601940248 0.708319616
vn 0.476825464 0.623220412 0.619865949
vn 0.577668128 0.638696067 0.508298011
vn 0.661930815 0.638694855 0.392321907
vn 0.738208140 0.621735125 0.261713921
vn 0.789068037 0.598988127 0.136326290
vn 0.918499427 0.338044429 -0.205145720
vn 0.781087210 0.400795215 -0.478817257
vn 0.932903489 0.098326221 -0.346443407
vn 0.599081579 0.392993781 -0.697608163
vn 0.861411786 -0.147067207 -0.486149124
vn 0.728236638 0.122022643 -0.674375173
vn 0.938950048 0.235929048 -0.250420230
vn 0.858744280 0.387566803 -0.335186866
vn 0.909412982 -0.007157129 -0.415832664
vn 0.824433281 0.153884697 -0.544636820
vn 0.773373203 0.271780350 -0.572738448
vn 0.697660578 0.397814809 -0.595829753
vn 0.805414642 -0.227705602 -0.547227021
vn 0.735619639 -0.105102788 -0.669191416
vn 0.666016033 0.009755118 -0.745873636
vn 0.618301658 0.090437119 -0.780720300
vn 0.537292569 0.234093223 -0.810257402
vn 0.457398199 0.342572771 -0.820628286
vn -0.160721033 0.100150881 -0.981905571
vn -0.857418041 0.364217967 -0.363565090
vn -0.913880303 0.399606299 -0.071677033
vn -0.964445679 0.134610553 -0.227430280
vn -0.892880235 0.392214524 0.221207261
vn -0.990027919 -0.117017882 -0.078431718
vn -0.986685454 0.143969163 0.075661714
vn -0.915807379 0.259147165 -0.306821759
vn -0.892880457 0.392213525 -0.221208140
vn -0.987649180 0.012661481 -0.156169091
vn -0.986685484 0.143968847 -0.075661927
vn -0.962100746 0.272694251 -0.000000108
vn -0.913880182 0.399606592 0.071676947
vn -0.973200697 -0.229957396 -0.000008453
vn -0.990091414 -0.116788559 0.077970662
vn -0.987733610 0.012910953 0.155613699
vn -0.964444216 0.134856712 0.227290609
vn -0.917619364 0.259457453 0.301092233
vn -0.857984502 0.370004533 0.356313401
vn -0.098044065 0.060596384 0.993335512
vn -0.763754082 0.472020287 0.440314149
vn 0.161570075 -0.373754967 0.913346777
vn 0.406554871 0.022644631 0.913345695
vn -0.865763549 0.022635255 0.499941119
vn -0.667561603 -0.373762068 0.643943649
vn -0.279842192 0.424177482 0.861255950
vn -0.261605526 -0.532261976 0.805145787
vn 0.359071428 0.472028574 0.805143922
vn 0.035752126 0.764237761 0.643942878
vn -0.407435455 0.764232658 0.499944791
vn -0.504560734 0.060588113 0.861247668
vn 0.484685809 0.370006200 0.792574967
vn 0.697214770 0.399606902 0.595151987
vn 0.646652984 0.134856953 0.750768620
vn 0.858745589 0.387565346 0.335185197
vn 0.760747655 -0.125547777 0.636789416
vn 0.827504274 0.158549588 0.538608118
vn 0.565390039 0.259459849 0.782952547
vn 0.592330749 0.392213918 0.703784432
vn 0.706870105 0.012179726 0.707238509
vn 0.751382153 0.146116820 0.643486391
vn 0.775875217 0.274363672 0.568104060
vn 0.781087640 0.400794276 0.478817343
vn 0.809909149 -0.230539738 0.539350164
vn 0.864860996 -0.152007817 0.478444439
vn 0.912766258 -0.007115467 0.408420283
vn 0.932903792 0.098328846 0.346441846
vn 0.938949751 0.235933461 0.250417186
vn 0.918499423 0.338044389 0.205145807
vn -0.074042720 0.655329007 -0.751705772
vn 0.555208066 0.150819969 -0.817922576
vn 0.516549693 -0.148884101 -0.843214053
vn -0.181628511 -0.583104385 -0.791833543
vn 0.525950812 -0.245226737 -0.814395230
vn -0.554482334 0.348630244 -0.755649584
vn -0.349157038 0.546179517 -0.761431085
vn 0.356054209 -0.402184776 -0.843488474
vn -0.027340405 0.035033705 -0.999012083
vn 0.103070076 -0.569084887 -0.815793449
vn -0.644260258 0.078178818 -0.760800100
vn -0.464203179 -0.472791256 -0.748988543
vn 0.589926243 -0.361924268 -0.721801809
vn 0.450739494 -0.363133013 -0.815455899
vn -0.043804794 0.008245784 -0.999006080
vn -0.624258447 -0.217413299 -0.750355148
vn 0.226958972 0.623260479 -0.748355531
vn 0.445979263 0.415415095 -0.792800603
vn -0.741467573 0.230086644 -0.630306254
vn -0.888327659 -0.009707855 -0.459107533
vn -0.679695994 -0.001673003 -0.733492029
vn -0.918401750 -0.259484895 -0.298673424
vn -0.541726098 -0.254528545 -0.801091789
vn -0.777461262 -0.296949573 -0.554414049
vn -0.713875364 0.154325545 -0.683056067
vn -0.817922945 0.144754245 -0.556819778
vn -0.631151849 -0.115829742 -0.766962069
vn -0.767359076 -0.144963868 -0.624616303
vn -0.844964885 -0.138193175 -0.516659452
vn -0.914577746 -0.133145405 -0.381863650
vn -0.463351182 -0.340670406 -0.818076620
vn -0.634536588 -0.447212937 -0.630368073
vn -0.691311556 -0.530795641 -0.490249243
vn -0.699336947 -0.529235831 -0.480455273
vn -0.837647454 -0.407855719 -0.363318670
vn -0.902911422 -0.368338776 -0.221534442
vn -0.768088871 0.230648697 0.597361418
vn -0.687231462 0.000777837 0.726438100
vn -0.891060495 -0.012181245 0.453721071
vn -0.537707203 -0.245667645 0.806547191
vn -0.918706658 -0.259558655 0.297669922
vn -0.780058312 -0.274365491 0.562345630
vn -0.840709023 0.125548132 0.526731436
vn -0.732944986 0.144801521 0.664698553
vn -0.913851361 -0.134855860 0.383000766
vn -0.844183915 -0.146115908 0.515755426
vn -0.767961660 -0.158550688 0.620561494
vn -0.628980224 -0.115723863 0.768759953
vn -0.902282603 -0.371917918 0.218089813
vn -0.852379607 -0.392212896 0.345858424
vn -0.781474922 -0.399607580 0.479177137
vn -0.696753262 -0.400795868 0.594892901
vn -0.584147516 -0.387569449 0.713135052
vn -0.480315769 -0.344890109 0.806441303
vn 0.270272610 0.230648335 0.934748127
vn 0.454189917 -0.012181139 0.890821609
vn 0.128992677 0.000779097 0.991645240
vn 0.569921112 -0.259459235 0.779660716
vn -0.039058169 -0.245667798 0.968566876
vn 0.300542814 -0.274364925 0.913453833
vn 0.202262181 0.144800993 0.968567335
vn 0.370538302 0.125548030 0.920292920
vn 0.056991400 -0.115725194 0.991644926
vn 0.256537351 -0.158550217 0.953441354
vn 0.379803775 -0.146116301 0.913454498
vn 0.514200071 -0.134856429 0.847001789
vn -0.085185842 -0.345386378 0.934586337
vn 0.053253832 -0.388085577 0.920083482
vn 0.214154148 -0.401189141 0.890609496
vn 0.350504467 -0.400125168 0.846785964
vn 0.486289339 -0.392961173 0.780451277
vn 0.603722643 -0.370479515 0.705878105
vn 0.797499573 -0.603319509 0.000005164
vn 0.698387449 0.495156556 0.516792953
vn 0.608624506 0.025158711 0.793059424
vn 0.440706497 -0.854086514 -0.276249906
vn 0.506280307 -0.506813104 -0.697725396
vn 0.608621514 0.025140799 -0.793062288
vn 0.922149847 0.049393469 -0.383666451
vn 0.506284093 -0.506796928 0.697734398
vn 0.440706603 -0.854080857 0.276267223
vn 0.698383892 0.495144803 -0.516809020
vn 0.732988595 0.680240928 -0.000008735
vn 0.922150955 0.049401333 0.383662774
vn 0.555118308 -0.599186540 -0.576904806
vn 0.288416102 -0.601704953 -0.744827028
vn 0.385394464 -0.800024586 -0.459817103
vn 0.025597965 -0.585069256 -0.810579244
vn 0.178566290 -0.937604416 -0.298348853
vn 0.105290445 -0.815025084 -0.569778935
vn 0.478708936 -0.704400580 -0.524077836
vn 0.410841501 -0.610019831 -0.677558165
vn 0.288067929 -0.877683950 -0.382998372
vn 0.251062402 -0.813517485 -0.524554069
vn 0.218792511 -0.708411981 -0.671030776
vn 0.190770468 -0.593919458 -0.781579366
vn 0.069997185 -0.973240479 -0.218868373
vn 0.030393020 -0.937795833 -0.345854363
vn -0.008201582 -0.877648688 -0.479234300
vn -0.044760259 -0.802272304 -0.595277809
vn -0.085631056 -0.712361054 -0.696569487
vn -0.106400650 -0.560922437 -0.821002388
vn -0.376047876 -0.615839670 -0.692336260
vn -0.676448583 -0.539418186 -0.501443252
vn -0.310858815 -0.803011831 -0.508467104
vn -0.734202788 -0.614742852 -0.288162265
vn -0.227448871 -0.937931770 -0.261822470
vn -0.503173362 -0.820995748 -0.269782410
vn -0.346650196 -0.706859161 -0.616590438
vn -0.501576572 -0.618734545 -0.604639153
vn -0.274655448 -0.877742940 -0.392596124
vn -0.412066710 -0.820996482 -0.395178192
vn -0.558948169 -0.722952864 -0.406098634
vn -0.685934435 -0.539418087 -0.488387222
vn -0.185387466 -0.973284202 -0.135459773
vn -0.319530772 -0.937776812 -0.135921802
vn -0.458256093 -0.877741911 -0.139894575
vn -0.579644176 -0.803009940 -0.138519548
vn -0.695370655 -0.705543126 -0.136632898
vn -0.784530743 -0.605098518 -0.135525999
vn -0.787488068 -0.601381408 0.134918292
vn -0.661930345 -0.638694836 0.392322730
vn -0.580098755 -0.802436949 0.139929899
vn -0.477089646 -0.621605557 0.621282545
vn -0.327314743 -0.935499268 0.133064564
vn -0.413492738 -0.818503873 0.398842281
vn -0.695888395 -0.705295052 0.135270954
vn -0.736876279 -0.623218106 0.261939959
vn -0.458883979 -0.877367072 0.140187426
vn -0.505567294 -0.818065868 0.274171382
vn -0.544992127 -0.738720047 0.396580728
vn -0.577564441 -0.638783003 0.508306592
vn -0.191090884 -0.973148907 0.128317881
vn -0.234597923 -0.933633335 0.270726082
vn -0.275821775 -0.873848523 0.400388695
vn -0.312276236 -0.802120157 0.509005704
vn -0.344090258 -0.703838493 0.621460595
vn -0.372991904 -0.599097702 0.708490637
vn 0.743249843 -0.579560699 -0.334199143
vn 0.551289765 -0.802437284 -0.228416285
vn 0.800194133 -0.596530037 -0.061977935
vn 0.341405268 -0.936189186 -0.083619682
vn 0.783434780 -0.578128845 0.228028473
vn 0.566505658 -0.820507549 0.076411397
vn 0.783489371 -0.578057772 -0.228021092
vn 0.651836409 -0.695808468 -0.301595543
vn 0.800121015 -0.596620223 0.062053765
vn 0.652437726 -0.757842321 0.000171445
vn 0.566911342 -0.820323584 -0.075370735
vn 0.453477987 -0.877481492 -0.156153600
vn 0.742971763 -0.579790976 0.334417978
vn 0.651466668 -0.695943812 0.302081762
vn 0.551617953 -0.802229830 0.228352651
vn 0.453943034 -0.877026193 0.157355577
vn 0.342730793 -0.936187713 0.078026723
vn 0.229226061 -0.973334241 -0.008710200
vn -0.106909756 -0.603924976 0.789838545
vn 0.170842739 -0.641811105 0.747590305
vn -0.006043108 -0.816704429 0.577024571
vn 0.439442174 -0.626723367 0.643512546
vn 0.170927121 -0.870153553 0.462186883
vn 0.116945943 -0.898603872 0.422888552
vn -0.074498650 -0.704040379 0.706241528
vn 0.022809333 -0.625125247 0.780191105
vn 0.152774659 -0.898913643 0.410626552
vn 0.183052551 -0.886322456 0.425351934
vn 0.202198799 -0.765410102 0.610952553
vn 0.307459540 -0.642066679 0.702295530
vn 0.085588974 -0.958018476 0.273633199
vn 0.134770423 -0.869825724 0.474594714
vn 0.102324216 -0.885593453 0.453049657
vn 0.345592922 -0.819500871 0.457147520
vn 0.479537093 -0.706291659 0.520765081
vn 0.554552658 -0.605791131 0.570515955
vn -0.023147156 0.999732069 -0.000000000
vn -0.007153229 0.999731989 -0.022017752
vn 0.018729763 0.999731974 -0.013607924
vn 0.018729763 0.999731974 0.013607924
vn -0.007153229 0.999731989 0.022017752
vn -0.461556039 0.821284301 0.335347760
vn 0.176302482 0.821281218 0.542599849
vn 0.570517932 0.821285145 0.000000000
vn 0.176302482 0.821281218 -0.542599849
vn -0.461556039 0.821284301 -0.335347760
vn -0.691172545 0.249194657 0.678367552
vn -0.531994139 0.506757812 0.678364767
vn 0.031651426 0.506760410 0.861505702
vn 0.160429427 0.249201268 0.955071268
vn -0.439102158 -0.254939489 0.861507488
vn -0.151138657 -0.254941005 0.955071825
vn 0.148157632 -0.091562789 0.984715985
vn -0.346086299 0.335648395 0.876107544
vn -0.454984531 0.159440494 0.876109471
vn -0.226694492 0.265845822 0.936982180
vn -0.339160788 0.083869248 0.936982342
vn -0.209879958 0.129714548 0.969084382
vn -0.402064638 0.209678256 0.891279449
vn -0.367351538 0.265846650 0.891279084
vn -0.405297666 0.060065779 0.912209353
vn -0.399822232 0.129712259 0.907368124
vn -0.294824650 0.299600690 0.907368642
vn -0.234979890 0.335648179 0.912208721
vn -0.230557545 0.665855056 0.709563431
vn -0.276361477 0.083869467 0.957387198
vn -0.208293386 0.060065645 0.976220254
vn -0.146876395 0.159444079 0.976219704
vn -0.198608932 0.209678452 0.957386776
vn -0.698662250 -0.091567790 0.709567756
vn 0.878342092 0.430321706 0.208178767
vn 0.878340203 0.430319289 -0.208191731
vn 0.679214436 -0.612311008 -0.404651677
vn 0.746861354 -0.258127200 -0.612836410
vn 0.746862539 -0.258113965 0.612840542
vn 0.679219284 -0.612298952 0.404661782
vn 0.593350473 -0.804944231 0.000007220
vn 0.994187241 -0.071058777 -0.080884982
vn 0.994187430 -0.071058153 0.080883206
vn 0.978268267 -0.201091197 -0.050532444
vn 0.978268788 -0.201088636 0.050532559
vn 0.954065549 -0.299597944 0.000001268
vn 0.990418824 -0.137469880 0.013137172
vn 0.990418881 -0.137469302 -0.013138930
vn 0.974488133 -0.174205003 0.141511465
vn 0.986510508 -0.129713002 0.099857669
vn 0.986510484 -0.129713064 -0.099857828
vn 0.974488247 -0.174205865 -0.141509623
vn 0.784512544 0.195973608 -0.588331890
vn 0.973999656 -0.223442040 0.037394188
vn 0.948207458 -0.311811724 0.060630564
vn 0.948207062 -0.311813199 -0.060629167
vn 0.973999595 -0.223442602 -0.037392418
vn 0.784516747 0.195986916 0.588321853
vn 0.089497113 0.223435188 -0.970601352
vn 0.127769576 0.283270131 -0.950490909
vn -0.164067720 -0.179469311 -0.969985850
vn -0.016141124 0.302696429 -0.952950332
vn -0.156756906 0.394249088 -0.905535714
vn 0.398066803 0.031669437 -0.916809613
vn 0.085483964 0.128182192 -0.988059622
vn -0.280608611 -0.117325396 -0.952624564
vn -0.425658081 -0.030393506 -0.904373503
vn -0.200691387 -0.238127618 -0.950272700
vn -0.086486238 -0.134995232 -0.987064546
vn 0.082033363 0.137433154 -0.987108229
vn 0.140210405 -0.369673744 -0.918521837
vn -0.079321735 -0.133166550 -0.987914335
vn 0.077790178 0.357421632 -0.930697838
vn -0.165338214 0.368610311 -0.914762108
vn -0.084044289 0.147332653 -0.985509841
vn -0.246728552 0.213380870 -0.945300812
vn -0.280218448 -0.149150076 -0.948278375
vn -0.399532365 0.117699884 -0.909131799
vn 0.008818665 0.316896438 -0.948419147
vn -0.063072732 0.378907434 -0.923282723
vn -0.169323251 0.009311828 -0.985516578
vn -0.236219296 0.146469427 -0.960597289
vn -0.282633992 0.306880081 -0.908813866
vn -0.293377232 0.333844066 -0.895811330
vn -0.287649006 -0.227414560 -0.930344381
vn -0.368181617 -0.110474280 -0.923167228
vn -0.404089677 -0.014211685 -0.914608966
vn -0.428719739 0.117091725 -0.895817455
vn -0.301292850 0.129782305 -0.944658230
vn 0.429764805 -0.271706896 -0.861090922
vn 0.233228143 0.233761982 -0.943906759
vn 0.154068776 -0.010922055 -0.987999758
vn 0.239711944 0.017546051 -0.970685490
vn -0.018522398 -0.278551070 -0.960242793
vn 0.197659295 -0.204772721 -0.958644322
vn 0.296329381 0.101222861 -0.949706707
vn 0.240920811 0.139781519 -0.960426098
vn -0.424268502 0.165182197 -0.890343237
vn 0.270828412 -0.088544982 -0.958546690
vn 0.220668783 -0.137090207 -0.965666383
vn 0.078596952 -0.133147178 -0.987974872
vn -0.333747911 0.310918123 -0.889911374
vn 0.086826147 -0.224627894 -0.970568663
vn 0.038589895 -0.311815380 -0.949358725
vn -0.108078056 -0.312224847 -0.943840441
vn 0.389550377 -0.871335984 -0.298369078
vn 0.319515103 -0.178322714 -0.930650906
vn -0.182915483 -0.974105140 -0.132895080
vn -0.695147123 -0.672229303 0.254712075
vn -0.303463523 0.514687470 -0.801876985
vn -0.163388908 -0.871333832 0.462689332
vn 0.027437116 -0.672228770 -0.739834904
vn -0.786363953 -0.178322248 0.591466744
vn -0.274441667 -0.068478454 -0.959162381
vn -0.997024872 -0.068477618 0.035386722
vn -0.786673832 0.233396240 -0.571550940
vn -0.856403828 0.514690722 -0.040815986
vn -0.694362113 -0.525705252 -0.491421656
vn -0.681940868 -0.525704613 -0.508518744
vn -0.272818114 -0.941425711 -0.198211774
vn -0.722820865 -0.676222344 0.142314224
vn -0.688936914 -0.517923148 -0.507071534
vn -0.695148710 -0.517921778 -0.498523122
vn -0.088017954 -0.676221760 -0.731421199
vn -0.681153728 -0.533488808 -0.501417282
vn -0.353223098 -0.145808111 -0.924106832
vn -0.988029182 -0.145811360 -0.050372439
vn -0.803229768 0.119390661 -0.583581879
vn -0.687365442 -0.533488138 -0.492868295
vn 0.516524025 -0.723492097 0.457997945
vn -0.137144707 -0.716963368 0.683487277
vn 0.398733762 -0.908484829 0.125166701
vn 0.802129128 -0.595194906 0.048289602
vn 0.639583881 -0.288979424 0.712336544
vn -0.069484611 -0.281863911 0.956935016
vn -0.612325843 -0.581040533 0.536142668
vn 0.014819479 -0.997315102 0.071714512
vn 0.248370865 -0.627282370 0.738125153
vn -0.446881372 -0.885709230 -0.125762471
vn 0.258501778 -0.892750349 -0.369017134
vn -0.252898460 -0.901999281 0.349913797
vn 0.660313280 -0.608086572 0.440700685
vn -0.259160314 -0.598674402 0.757908235
vn 0.490542808 -0.871188191 -0.019972225
vn 0.149968438 -0.882544252 0.445673773
vn 0.136454680 -0.889917985 0.435231089
vn 0.151866387 -0.886388510 0.437323689
vn 0.145078430 -0.890002298 0.432259366
vn -0.041018788 -0.995075898 -0.090229800
vn 0.283920331 -0.468490330 0.836603883
vn 0.141009263 -0.882453563 0.448767308
vn 0.134290867 -0.886213680 0.443386149
vn -0.414277142 -0.862077648 0.291884528
vn -0.004720026 -0.999972276 -0.005759238
vn 0.736661075 -0.441692965 0.512091579
vn -0.279055404 -0.429535916 0.858852128
vn -0.894945025 -0.446161763 0.003617196
vn -0.009796379 0.123804415 -0.992258282
vn 0.736660853 -0.441695260 -0.512089920
vn 0.259386833 0.441697801 0.858848953
vn -0.714671409 0.441693975 0.542357088
vn -0.688347993 0.427535288 -0.585995408
vn -0.111290888 -0.030668845 -0.993314532
vn 0.903051364 0.429532577 -0.000001851
vn -0.223827215 -0.668091675 0.709616017
vn -0.141972067 -0.852760213 0.502636997
vn -0.068412193 -0.959450792 0.273448256
vn 0.210603804 -0.960758665 0.180523755
vn 0.408701014 -0.855287991 0.318505784
vn 0.609393246 -0.664265555 0.432886987
vn 0.517444058 -0.508096793 0.688541426
vn 0.264123840 -0.527777117 0.807273134
vn -0.018768383 -0.497720960 0.867134127
vn 0.986227874 -0.163522224 0.024800468
vn 0.997698067 0.067812733 -0.000002547
vn 0.986227689 -0.163523027 -0.024802538
vn 0.213973038 -0.963449497 -0.161185002
vn 0.425322916 -0.850653584 -0.309012779
vn 0.611847956 -0.663257555 -0.430965770
vn -0.742164837 -0.670215193 -0.001717509
vn -0.526445254 -0.850207711 -0.001497431
vn -0.267585208 -0.963525181 -0.004169089
vn -0.494480544 -0.494114526 0.715080294
vn -0.688189828 -0.525734421 0.499998079
vn -0.825793748 -0.504484510 0.252111215
vn -0.234531586 -0.677449905 -0.697177568
vn -0.164103590 -0.850209538 -0.500213708
vn -0.081915984 -0.964225349 -0.252109594
vn -0.821118387 -0.506287557 -0.263509971
vn -0.209473055 -0.424699388 -0.880767546
vn -0.515662164 -0.530944404 -0.672451168
vn -0.041288535 -0.036561049 -0.998478115
vn 0.131835172 -0.296548480 -0.945874456
vn 0.496465690 -0.500167263 -0.709474825
vn 0.975336860 -0.220549097 -0.008723870
vn 0.926286223 -0.306090301 -0.219778437
vn 0.983393064 -0.178364640 -0.033528157
vn 0.983393476 -0.178362332 0.033528349
vn 0.926286968 -0.306085085 0.219782560
vn 0.975336732 -0.220549566 0.008726298
vn -0.202006374 0.199775908 0.958792476
vn -0.363004400 0.224345525 0.904376520
vn -0.269022400 0.091323893 0.958794501
vn 0.692855427 -0.239104880 0.680279511
vn 0.587786539 -0.000000407 0.809016059
vn 0.432881913 0.239104647 0.869161790
vn -0.861091147 0.239102662 0.448722579
vn -0.951056807 0.000000128 0.309016099
vn -0.958337629 -0.239397589 0.155813298
vn -0.345920581 0.091327218 0.933808487
vn -0.237900692 0.224352904 0.945023299
vn -0.400143909 0.199779991 0.894411990
vn -0.441766574 0.174658095 -0.879964115
vn -0.147381187 0.075178303 -0.986218540
vn 0.025447781 0.134536546 -0.990581813
vn -0.958167050 -0.238213327 -0.158651551
vn -0.950798611 -0.001504099 -0.309805971
vn -0.843877642 0.238126994 -0.480797316
vn 0.015826108 0.053710946 -0.998431104
vn 0.324553378 0.012419028 -0.945785849
vn 0.677802356 -0.221815005 -0.700986497
vn 0.832886578 0.494110224 0.249309114
vn 0.688190225 0.525733539 0.499998460
vn 0.494954793 0.504486843 0.707469277
vn -0.236396211 0.268557321 0.933806081
vn -0.307059559 0.112463324 0.945021919
vn -0.357637440 0.268560750 0.894410747
vn -0.816268549 0.504486429 0.281423343
vn -0.850648557 0.525734755 0.000000593
vn -0.816268868 0.504485872 -0.281423417
vn -0.351431054 0.318334470 -0.880431360
vn -0.134321028 0.084498947 -0.987328613
vn -0.103229678 -0.089309598 -0.990639909
vn 0.500910256 0.509056419 -0.699964626
vn 0.688190005 0.525734454 -0.499997801
vn 0.832885910 0.494111639 -0.249308544
vn 0.011874786 0.999261498 0.036543775
vn 0.162457461 0.850653510 0.499996180
vn 0.220802827 0.663258633 0.715076288
vn 0.743876193 0.668317447 -0.000000000
vn 0.525729695 0.850651684 0.000000000
vn 0.038428477 0.999261353 0.000000000
vn -0.031087679 0.999261449 0.022585661
vn -0.425322988 0.850653675 0.309012429
vn -0.598948037 0.663257434 0.448721323
vn -0.031087679 0.999261449 -0.022585661
vn -0.425322988 0.850653675 -0.309012429
vn -0.590493479 0.648498449 -0.480382360
vn 0.011874786 0.999261498 -0.036543775
vn 0.162457284 0.850653864 -0.499995634
vn 0.246939044 0.684095034 -0.686319964
vn 0.374635126 0.886319513 -0.272187881
vn 0.625201090 0.731462223 -0.272188560
vn 0.452063055 0.731463571 -0.510489999
vn -0.143100171 0.886320979 -0.440406020
vn -0.058901997 0.759417612 -0.647931667
vn -0.360829190 0.721168001 -0.591370451
vn -0.463073889 0.886319679 -0.000000000
vn -0.665786602 0.731462638 -0.147277320
vn -0.665786963 0.731462361 0.147277066
vn -0.143100171 0.886320979 0.440406020
vn -0.353630866 0.737049226 0.575937192
vn -0.052442253 0.737050396 0.673800062
vn 0.374635126 0.886319513 0.272187881
vn 0.452063055 0.731463571 0.510489999
vn 0.625201090 0.731462223 0.272188560
vn 0.851788503 0.282715600 -0.441053551
vn 0.777674555 0.012306615 -0.628546604
vn 0.683611278 0.246945568 -0.686799467
vn -0.951986846 0.268384586 -0.147277831
vn -0.999841280 0.017816140 -0.000000020
vn -0.951986881 0.268384701 0.147277392
vn 0.683605390 0.268384903 0.678714384
vn 0.800339416 0.013323456 0.599399120
vn 0.851788509 0.282716512 0.441052955
vn 0.130088253 -0.081866740 -0.988116837
vn -0.805954886 0.005953134 -0.591947026
vn -0.706219922 -0.295478914 -0.643386068
vn -0.856377147 -0.273340717 -0.438067385
vn -0.817383965 -0.013323373 0.575939182
vn -0.856742543 -0.268383922 0.440411495
vn -0.682685242 -0.282717750 0.673803780
vn 0.322746251 -0.013322684 0.946391760
vn 0.156253195 -0.282717196 0.946391001
vn 0.434253340 -0.268385695 0.859879733
vn 0.336379929 -0.711767071 -0.616632937
vn 0.143099786 -0.886319802 -0.440408515
vn 0.082575972 -0.722763339 -0.686144565
vn -0.454056890 -0.727748512 -0.514017941
vn -0.372402217 -0.887756067 -0.270565619
vn -0.629171432 -0.727748101 -0.272994524
vn -0.625201309 -0.731462052 0.272188519
vn -0.377475858 -0.883856830 0.276240982
vn -0.451175561 -0.732004978 0.510499095
vn 0.657028489 -0.737049101 -0.158341994
vn 0.656616065 -0.737349243 0.158655088
vn 0.465249184 -0.885179607 -0.000509384
vn 0.074799008 -0.740888060 0.667450365
vn 0.625087910 -0.754843742 0.198685757
vn 0.335482801 -0.742163385 0.580210996
vn -0.540150352 0.841568534 0.000000000
vn 0.000000000 1.000000000 0.000000000
vn -0.166913747 0.841564117 -0.513721362
vn 0.436994638 0.841565311 -0.317495690
vn 0.436994638 0.841565311 0.317495690
vn -0.166913747 0.841564117 0.513721362
vn -0.720755379 0.082670680 0.688242139
vn -0.501703533 0.310067088 0.807559265
vn -0.396281396 0.607692872 0.688237189
vn -0.083947325 0.607694835 0.789721365
vn -0.068790745 0.310071173 0.948221336
vn 0.178563598 0.082676447 0.980448697
vn -0.581075924 -0.196684626 0.789725223
vn -0.308097831 -0.077140826 0.948222031
vn 0.005914787 -0.196683023 0.980449287
vn -0.422492098 0.261112031 0.867940628
vn -0.168365593 0.261114286 0.950511629
vn -0.308842448 0.033816362 0.950511860
vn 0.840805464 0.345284294 0.416923169
vn 0.968900926 0.247448976 -0.000003589
vn 0.840800882 0.345276610 -0.416938771
vn 0.633247755 -0.741474989 -0.221838053
vn 0.849363029 -0.378462664 -0.367897346
vn 0.768721421 -0.032151001 -0.638775148
vn 0.768722449 -0.032136870 0.638774622
vn 0.849365249 -0.378453543 0.367901602
vn 0.633250422 -0.741468660 0.221851594
vn 0.999428065 -0.033816316 -0.000001462
vn 0.956017973 -0.261113739 -0.133601086
vn 0.956018582 -0.261110811 0.133602449
vn -0.049226754 0.049190260 -0.997575584
vn 0.036986144 0.271717146 -0.961666167
vn 0.153548793 0.285104329 -0.946117482
vn -0.230294851 -0.152180664 -0.961147922
vn -0.066992808 0.021743986 -0.997516497
vn -0.058839007 0.142350257 -0.988065977
vn -0.257236501 0.370197644 -0.892627071
vn 0.450384748 -0.131600191 -0.883082651
vn 0.000034219 0.110301897 -0.993898129
vn -0.155412965 -0.009587332 -0.987803064
vn -0.445934194 0.071302567 -0.892221183
vn -0.188861198 -0.263684120 -0.945939814
vn -0.000000004 -0.000000000 -1.000000000
vn 0.310044103 -0.348540317 -0.884529424
vn -0.101089887 -0.047302160 -0.993752152
vn -0.139093899 0.314478987 -0.939018559
vn -0.388160818 0.243053731 -0.888963477
vn -0.343213193 -0.015140885 -0.939135484
vn 0.286895589 -0.001607029 -0.957960510
vn 0.127225831 -0.257497087 -0.957866817
vn -0.203136808 0.127254422 -0.970845894
vn -0.070180121 -0.371412389 -0.925811854
vn -0.902185075 -0.371414694 0.219347251
vn -0.433491112 -0.892798081 0.122462416
vn -0.017482854 -0.892800369 -0.450113153
vn -0.954879299 0.149971212 -0.256347731
vn -0.538875402 0.149969294 -0.828928532
vn -0.688189784 -0.525733667 -0.499998933
vn -0.902391165 -0.424697925 0.072951068
vn -0.512047751 -0.858922166 -0.007733881
vn -0.165591848 -0.858922028 -0.484594975
vn -0.946275310 0.009522757 -0.323221837
vn -0.599816576 0.009525932 -0.800080828
vn 0.506330596 -0.817350079 0.274896665
vn 0.420268846 -0.655601989 0.627343710
vn 0.044253857 -0.651840001 0.757064204
vn -0.243680306 -0.809874159 0.533595122
vn 0.217964270 -0.974498083 0.053339125
vn -0.156033443 -0.970779508 0.182320353
vn 0.513480958 -0.530940732 0.674121090
vn 0.001882987 -0.525672223 0.850685117
vn -0.383368119 -0.744610267 0.546428802
vn 0.236720705 -0.967226193 -0.091852056
vn 0.143088565 -0.886339286 0.440372947
vn -0.260300699 -0.962258143 0.079390256
vn -0.002468416 -0.990616909 0.136645699
vn 0.073409163 -0.990924581 0.112603598
vn 0.065264498 -0.974674085 0.213894770
vn 0.711404103 -0.554196284 0.432169736
vn 0.779674025 -0.505832288 0.369109890
vn 0.743892158 -0.570840017 0.347514219
vn -0.082778076 -0.991266182 0.102660343
vn -0.129681660 -0.990934523 0.035091855
vn -0.163123010 -0.980647832 0.108262239
vn -0.128858964 -0.990593226 -0.046048100
vn -0.081067656 -0.990627669 -0.109931144
vn -0.160049023 -0.980113793 -0.117308408
vn 0.000204310 -0.990609569 -0.136721027
vn 0.075493401 -0.990611399 -0.113972815
vn 0.059952594 -0.980070144 -0.189389018
vn 0.856039972 -0.408324510 0.316964762
vn 0.872216065 -0.323621587 0.366753602
vn 0.978637794 -0.203616420 0.028432763
vn -0.144262959 -0.420116754 0.895929747
vn -0.177892481 -0.334349545 0.925507778
vn -0.102199478 -0.352655203 0.930155672
vn -0.886739084 -0.441941543 0.135578276
vn -0.921343030 -0.372733949 0.110437423
vn -0.904084750 -0.383664522 0.188234695
vn -0.333419693 -0.369365924 -0.867410008
vn -0.126575562 -0.027607767 -0.991572709
vn -0.404723152 -0.313165370 -0.859142957
vn 0.638020807 -0.440956044 -0.631258439
vn 0.687749998 -0.363758295 -0.628235499
vn 0.615367947 -0.376167113 -0.692690835
vn 0.818383833 -0.303312214 0.488108188
vn 0.757006109 -0.316703105 0.571525060
vn 0.806125151 -0.246115177 0.538135262
vn -0.254371773 -0.244152231 0.935780257
vn -0.344243590 -0.244152479 0.906579240
vn -0.308771247 0.039910861 0.950298606
vn -0.943999889 -0.327342934 0.041361980
vn -0.944415284 -0.326413141 -0.039169273
vn -0.965386833 -0.260822125 0.000287655
vn 0.754939153 -0.312789497 -0.576393620
vn 0.818016591 -0.302661623 -0.489126568
vn 0.803204632 -0.242626625 -0.544053894
vn 0.360343439 0.512981236 0.779103881
vn 0.285337240 0.555766708 0.780836747
vn 0.355103405 0.581899718 0.731638086
vn -0.598777186 0.507261457 0.619799723
vn -0.631758901 0.553835954 0.542352679
vn -0.564959292 0.572309242 0.594376252
vn -0.742326457 0.507384697 -0.437621070
vn -0.671632443 0.550421700 -0.495929243
vn -0.709839925 0.583039949 -0.395210956
vn -0.018183418 0.146929229 -0.988979861
vn 0.192058504 0.472784836 -0.859993040
vn 0.111269121 0.505142794 -0.855832893
vn 0.856799093 0.503758489 -0.110103123
vn 0.832958397 0.551713275 -0.042341121
vn 0.807588612 0.577848698 -0.117862276
vn 0.029046680 0.682778191 0.730048103
vn 0.405614298 0.682777805 0.607693599
vn 0.182224284 0.807633015 0.560823700
vn 0.235277668 0.648317397 0.724105636
vn 0.385968220 0.921684044 -0.039077559
vn 0.427863308 0.896112025 -0.117967068
vn 0.341692449 0.933630252 -0.107614236
vn 0.643433603 0.764248209 -0.043793544
vn 0.671407386 0.731936825 -0.116106014
vn 0.608927621 0.784269069 -0.118866225
vn 0.054566443 0.997722944 -0.039641275
vn 0.247390983 0.960434417 -0.127919633
vn 0.198107815 0.960434554 -0.195751782
vn 0.156435079 0.921685091 -0.354999519
vn 0.244407457 0.896113793 -0.370466010
vn 0.207935267 0.933630814 -0.291712921
vn 0.485560220 0.859171625 -0.161416827
vn 0.551310806 0.818535771 -0.161417428
vn 0.511254095 0.827234334 -0.233029200
vn 0.520288553 0.765772139 -0.378011709
vn 0.499260562 0.807827973 -0.313293564
vn 0.452239804 0.807828264 -0.378011450
vn 0.303561131 0.859172510 -0.411914114
vn 0.379608901 0.827234946 -0.414221469
vn 0.323879064 0.818536807 -0.474446886
vn 0.241958949 0.767804022 -0.593239287
vn 0.320216017 0.734719130 -0.598038044
vn 0.301528441 0.784806349 -0.541442143
vn 0.719521609 0.676940224 -0.155050271
vn 0.771211948 0.617843118 -0.153303665
vn 0.742324063 0.631929431 -0.222755873
vn 0.748425579 0.555920565 -0.361678695
vn 0.732829450 0.610559785 -0.300296097
vn 0.691220690 0.620003097 -0.371227851
vn 0.570126894 0.709489494 -0.414222142
vn 0.632703023 0.655753423 -0.411915445
vn 0.587270022 0.655753536 -0.474448334
vn 0.577106975 0.557990917 -0.596316757
vn 0.566906918 0.620386926 -0.541974730
vn 0.513221819 0.613094593 -0.600598355
vn 0.373889117 0.678710878 -0.632106377
vn 0.441526288 0.635676202 -0.633222160
vn 0.388471511 0.623931836 -0.678084765
vn 0.287063848 0.530101316 -0.797863987
vn 0.349189968 0.489565178 -0.798994557
vn 0.368370753 0.588175379 -0.719967161
vn -0.452602839 0.682778581 0.573553902
vn -0.685335543 0.682782798 0.253224888
vn -0.477058625 0.807634951 0.346613408
vn -0.615955291 0.648319530 0.447527504
vn 0.082104336 0.921685548 -0.379149876
vn 0.020021173 0.896114011 -0.443372114
vn 0.003237565 0.933631758 -0.358219568
vn 0.158674826 0.770722862 -0.617096888
vn 0.106005893 0.748815785 -0.654245879
vn 0.081221636 0.790383858 -0.607203757
vn -0.020842538 0.997722862 -0.064145768
vn -0.045213385 0.960434236 -0.274812351
vn -0.124955410 0.960434064 -0.248902702
vn -0.289284412 0.921685225 -0.258477999
vn -0.276808432 0.896114248 -0.346924123
vn -0.213181188 0.933630829 -0.287901470
vn -0.003085595 0.859884290 -0.510479663
vn 0.019619647 0.822943830 -0.567783869
vn -0.062327544 0.831498722 -0.552019160
vn -0.198950223 0.775494268 -0.599188993
vn -0.145003360 0.812698450 -0.564353838
vn -0.220146531 0.810298121 -0.543095258
vn -0.298029391 0.859026276 -0.416235917
vn -0.277122028 0.826867754 -0.489380322
vn -0.351983673 0.816898320 -0.456929566
vn -0.499301615 0.755887233 -0.423476549
vn -0.482639334 0.710646319 -0.511899485
vn -0.425397608 0.778169939 -0.462048073
vn 0.092886693 0.714301498 -0.693646475
vn 0.099346043 0.611699191 -0.784827665
vn 0.026091146 0.631278004 -0.775117625
vn -0.100094474 0.190977551 -0.976477686
vn -0.045611921 0.550016296 -0.833907445
vn -0.142360401 0.564739747 -0.812897616
vn -0.216985841 0.728133545 -0.650183579
vn -0.197147075 0.652504246 -0.731690672
vn -0.271840324 0.643500983 -0.715548268
vn -0.277908996 0.359884834 -0.890645551
vn -0.320872112 0.572342859 -0.754628875
vn -0.412047134 0.552283157 -0.724707164
vn -0.502456753 0.629273329 -0.592918450
vn -0.479567870 0.583244871 -0.655621902
vn -0.533162112 0.566202943 -0.628611477
vn -0.598582008 0.543809767 -0.588192585
vn -0.572184194 0.497722636 -0.651826223
vn -0.541488361 0.557675416 -0.629117227
vn -0.685335543 0.682782798 -0.253224888
vn -0.452602839 0.682778581 -0.573553902
vn -0.477058625 0.807634951 -0.346613408
vn -0.615955291 0.648319530 -0.447527504
vn -0.335222202 0.921684934 -0.195251014
vn -0.415486070 0.896113184 -0.156052838
vn -0.339688564 0.933630551 -0.113779055
vn -0.548379743 0.759851913 -0.349148575
vn -0.612333210 0.728404868 -0.307366863
vn -0.562853061 0.783647617 -0.262855179
vn -0.067443906 0.997723068 -0.000000000
vn -0.275333696 0.960434179 -0.041923058
vn -0.275333696 0.960434179 0.041923058
vn -0.335222202 0.921684934 0.195251014
vn -0.415486070 0.896113184 0.156052838
vn -0.339688564 0.933630551 0.113779055
vn -0.487705075 0.859171736 -0.154815012
vn -0.540897868 0.818536627 -0.193461333
vn -0.550583257 0.827234985 -0.111983732
vn -0.643112952 0.765771331 0.000000051
vn -0.588059694 0.807827943 -0.039997650
vn -0.588059694 0.807827943 0.039997650
vn -0.487705075 0.859171736 0.154815012
vn -0.550583257 0.827234985 0.111983732
vn -0.540897868 0.818536627 0.193461333
vn -0.546822753 0.763141854 0.344382618
vn -0.611656765 0.731051307 0.302390457
vn -0.562589454 0.784112995 0.262030373
vn -0.669545118 0.677501970 -0.304467429
vn -0.707739396 0.621012921 -0.336820277
vn -0.729585355 0.633724796 -0.257095493
vn -0.817740437 0.556880759 -0.145548608
vn -0.768851942 0.611675491 -0.186332458
vn -0.777326891 0.620158765 -0.105669349
vn -0.704717900 0.709487619 0.000000661
vn -0.753985787 0.655752974 -0.038645444
vn -0.753986043 0.655752547 0.038647685
vn -0.817740333 0.556881135 0.145547758
vn -0.777326607 0.620159320 0.105668177
vn -0.768852023 0.611675714 0.186331391
vn -0.672132831 0.677271746 0.299233087
vn -0.730099589 0.633505737 0.256173909
vn -0.711372233 0.619878126 0.331210892
vn -0.689809816 0.555765212 0.463990784
vn -0.749472761 0.512979602 0.418500309
vn -0.717333653 0.581899446 0.383178112
vn 0.029046680 0.682778191 -0.730048103
vn 0.405614298 0.682777805 -0.607693599
vn 0.182224284 0.807633015 -0.560823700
vn 0.235277668 0.648317397 -0.724105636
vn -0.289284412 0.921685225 0.258477999
vn -0.276808432 0.896114248 0.346924123
vn -0.213181188 0.933630829 0.287901470
vn -0.496186969 0.762165267 0.415815582
vn -0.478442293 0.726730195 0.492905869
vn -0.424646335 0.783134879 0.454285430
vn -0.020842538 0.997722862 0.064145768
vn -0.124955410 0.960434064 0.248902702
vn -0.045213385 0.960434236 0.274812351
vn 0.082104336 0.921685548 0.379149876
vn 0.020021173 0.896114011 0.443372114
vn 0.003237565 0.933631758 0.358219568
vn -0.297849286 0.859355952 0.415683954
vn -0.351067581 0.819345478 0.453237842
vn -0.276008604 0.828635175 0.487014370
vn -0.194755390 0.776408168 0.599383595
vn -0.218052681 0.811383601 0.542318799
vn -0.142364841 0.811383811 0.566911424
vn -0.003372863 0.859356128 0.511366473
vn -0.062971939 0.828635114 0.556235905
vn 0.017608473 0.819345627 0.573029393
vn 0.157008797 0.762166509 0.628052905
vn 0.097340108 0.726732393 0.679988920
vn 0.076519628 0.783135865 0.617124755
vn -0.497132081 0.663628223 0.558978780
vn -0.535918321 0.597000377 0.596977472
vn -0.479347332 0.609681741 0.631279899
vn -0.342649233 0.315993689 0.884725659
vn -0.426368437 0.560498563 0.709965715
vn -0.340851143 0.570684691 0.747087332
vn -0.210448750 0.732270765 0.647681134
vn -0.273496332 0.649679563 0.709306860
vn -0.195665811 0.649679765 0.734595871
vn -0.242827166 0.315991868 0.917160895
vn -0.163381687 0.570685216 0.804751395
vn -0.072377503 0.560499155 0.824986178
vn 0.073622451 0.663630378 0.744428946
vn 0.016733756 0.609682786 0.792468852
vn 0.082666112 0.597001338 0.797969746
vn 0.192311630 0.553837907 0.810110986
vn 0.120104706 0.507263271 0.853380825
vn 0.107689951 0.572310875 0.812934891
vn 0.703289635 0.682780607 0.197975584
vn 0.703289635 0.682780607 -0.197975584
vn 0.589684630 0.807633603 0.000000000
vn 0.761365136 0.648323322 0.000000000
vn 0.156435079 0.921685091 0.354999519
vn 0.244407457 0.896113793 0.370466010
vn 0.207935267 0.933630814 0.291712921
vn 0.239959802 0.763142744 0.600027038
vn 0.317095207 0.731052009 0.604163546
vn 0.301122210 0.784113685 0.542670382
vn 0.054566443 0.997722944 0.039641275
vn 0.198107815 0.960434554 0.195751782
vn 0.247390983 0.960434417 0.127919633
vn 0.385968220 0.921684044 0.039077559
vn 0.427863308 0.896112025 0.117967068
vn 0.341692449 0.933630252 0.107614236
vn 0.303561131 0.859172510 0.411914114
vn 0.323878975 0.818536789 0.474446979
vn 0.379608901 0.827234946 0.414221469
vn 0.520288553 0.765772139 0.378011709
vn 0.452239804 0.807828264 0.378011450
vn 0.499260562 0.807827973 0.313293564
vn 0.485560220 0.859171625 0.161416827
vn 0.511254095 0.827234334 0.233029200
vn 0.551310806 0.818535771 0.161417428
vn 0.643433603 0.764248209 0.043793544
vn 0.671407386 0.731936825 0.116106014
vn 0.608927621 0.784269069 0.118866225
vn 0.367876868 0.677273167 0.637155921
vn 0.380825737 0.619878608 0.686092027
vn 0.440083588 0.633506942 0.636392481
vn 0.576014411 0.556881308 0.598406725
vn 0.512489661 0.611676275 0.602666145
vn 0.566759377 0.620159026 0.542389704
vn 0.570126981 0.709489387 0.414222205
vn 0.587270533 0.655752909 0.474448567
vn 0.632703403 0.655752796 0.411915858
vn 0.748425883 0.555919868 0.361679137
vn 0.691220662 0.620002727 0.371228520
vn 0.732829700 0.610559514 0.300296039
vn 0.719521629 0.676940200 0.155050286
vn 0.742324232 0.631929204 0.222755953
vn 0.771211998 0.617843026 0.153303779
vn 0.856798703 0.503759245 0.110102702
vn 0.832958185 0.551713641 0.042340524
vn 0.807588260 0.577849183 0.117862313
vn 0.938316338 0.324656342 -0.118998778
vn 0.897431085 0.418569151 -0.139346019
vn 0.919022723 0.345021562 -0.190676051
vn 0.985977318 -0.166565348 -0.010232928
vn 0.954378613 0.082610038 -0.286944325
vn 0.958002411 0.166202627 -0.233683689
vn 0.981671564 -0.188849698 -0.025626771
vn 0.896610487 -0.137382196 -0.420970030
vn 0.924853514 -0.054822658 -0.376351503
vn 0.915560268 0.335924696 -0.221142477
vn 0.923658998 0.281796930 -0.259700877
vn 0.881795673 0.361994518 -0.302318310
vn 0.786275350 0.481287883 -0.387470061
vn 0.792801669 0.418672591 -0.442920733
vn 0.834123111 0.412070190 -0.366656233
vn 0.911383426 0.105259928 -0.397870077
vn 0.896083847 0.036545148 -0.442377882
vn 0.845925618 0.135421473 -0.515820583
vn 0.757184823 0.153175264 -0.634986993
vn 0.807222172 0.166815837 -0.566184459
vn 0.779106975 0.230882971 -0.582825339
vn 0.768846835 0.381939156 -0.512832356
vn 0.765374455 0.312491588 -0.562628609
vn 0.723737245 0.379808200 -0.576151137
vn 0.615472880 0.482583705 -0.623142120
vn 0.615750625 0.414039230 -0.670389949
vn 0.669696135 0.416405462 -0.614909406
vn 0.834239807 -0.154153884 -0.529415266
vn 0.804377696 -0.211490917 -0.555200967
vn 0.769488788 -0.135875263 -0.624039195
vn 0.638763208 -0.075587751 -0.765681433
vn 0.702918087 -0.077790326 -0.707004121
vn 0.667179616 -0.011829831 -0.744802937
vn 0.699706845 0.093738178 -0.708253828
vn 0.667443459 0.029882929 -0.744060642
vn 0.643354571 0.081981258 -0.761166190
vn 0.313167803 0.091239099 -0.945304900
vn 0.576873000 0.104376180 -0.810137738
vn 0.523508172 0.187646765 -0.831100407
vn 0.578011498 0.369117365 -0.727774057
vn 0.544266025 0.279690839 -0.790915626
vn 0.495141193 0.344497486 -0.797594309
vn 0.114759284 0.164757619 -0.979635255
vn 0.334894532 0.393227844 -0.856281213
vn 0.405038237 0.334686518 -0.850840150
vn 0.253923901 -0.160543147 -0.953807397
vn 0.496986187 -0.238588871 -0.834314138
vn 0.428629131 -0.345880181 -0.834652004
vn 0.543223518 -0.343073411 -0.766295533
vn -0.621740773 0.331091676 -0.709800474
vn -0.570443520 0.414566364 -0.709033793
vn -0.452524704 0.283381823 -0.845527134
vn -0.792487626 0.355301321 -0.495705894
vn -0.785637001 0.437441906 -0.437514664
vn -0.838909282 0.374361951 -0.395075116
vn -0.924824286 0.150615150 -0.349306624
vn -0.952649072 0.152766980 -0.262910623
vn -0.925319043 0.221940910 -0.307452275
vn -0.974623824 -0.101924796 -0.199298115
vn -0.988515419 -0.097837223 -0.115174404
vn -0.987226648 -0.027774553 -0.156882501
vn -0.871964819 0.355352156 -0.336752430
vn -0.905403374 0.295877197 -0.304469071
vn -0.893098621 0.369165447 -0.257083113
vn -0.863790796 0.482370192 -0.145548819
vn -0.902314573 0.417925972 -0.105670687
vn -0.890937061 0.414139530 -0.186331969
vn -0.973992559 0.117541296 -0.193707353
vn -0.986527765 0.051779146 -0.155183404
vn -0.986126596 0.122478552 -0.112041691
vn -0.985530503 0.164711148 0.039998309
vn -0.985530520 0.164710920 -0.039998826
vn -0.972533802 0.232761690 -0.000000225
vn -0.923712987 0.381130850 -0.038647022
vn -0.949742194 0.313033168 -0.000000026
vn -0.923712982 0.381130866 0.038646987
vn -0.863790133 0.482371502 0.145548412
vn -0.890936666 0.414140783 0.186331074
vn -0.902314213 0.417926794 0.105670503
vn -0.989778194 -0.136334201 -0.041858246
vn -0.979777751 -0.200088834 -0.000128621
vn -0.989802846 -0.136237223 0.041590195
vn -0.975164756 -0.100788811 0.197218950
vn -0.988645009 -0.097463998 0.114375765
vn -0.987364493 -0.027397416 0.156079271
vn -0.986128848 0.122513545 0.111983596
vn -0.986574473 0.051990014 0.154815529
vn -0.974017072 0.117740604 0.193462900
vn -0.927119645 0.147810223 0.344385397
vn -0.952928384 0.152534829 0.262031718
vn -0.927411590 0.220151553 0.302392189
vn -0.893132018 0.369716572 0.256173485
vn -0.906354668 0.298294966 0.299234571
vn -0.872566909 0.359060265 0.331214002
vn -0.805581469 0.368444624 0.463990362
vn -0.793993909 0.440943896 0.418499885
vn -0.841265189 0.381375562 0.383178239
vn -0.634676274 0.336708240 0.695567098
vn -0.584996832 0.417090572 0.695567510
vn -0.417976450 0.258323673 0.870956123
vn -0.589789912 0.589430256 0.552014341
vn -0.695504810 0.575780816 0.429824978
vn -0.526939536 0.715139124 0.459250213
vn -0.611851564 0.641689612 0.462463085
vn -0.094985378 -0.400162983 0.911508291
vn 0.060475945 -0.459670141 0.886028228
vn -0.140210841 -0.534793666 0.833268657
vn -0.047709963 -0.486577595 0.872333654
vn -0.790972106 0.263914089 0.552007682
vn -0.826037516 0.364572515 0.429824270
vn -0.875297903 0.151479208 0.459246808
vn -0.847574228 0.260275612 0.462465710
vn 0.219378322 -0.135579652 0.966173540
vn 0.272025876 -0.294883053 0.915994491
vn 0.385408037 -0.111423866 0.915994196
vn 0.344719003 -0.213043281 0.914210790
vn 0.315443984 0.263922902 0.911504139
vn 0.438187741 0.151488338 0.886026403
vn 0.415627096 0.364582703 0.833266806
vn 0.413866180 0.260285377 0.872333828
vn -0.850210386 -0.111433239 0.514514269
vn -0.758479708 -0.294890773 0.581160877
vn -0.745386636 -0.135588734 0.652697831
vn -0.816241278 -0.213050927 0.536991134
vn -0.458924525 -0.400169145 0.793254648
vn -0.569716067 -0.459675643 0.681264930
vn -0.376345790 -0.534795071 0.756543507
vn -0.474142174 -0.486577417 0.733778997
vn 0.152681444 0.589440225 0.793251913
vn 0.310021891 0.575787537 0.756541565
vn 0.156353521 0.715145772 0.681263607
vn 0.223158383 0.641693672 0.733777601
vn -0.212082159 0.727321738 0.652705330
vn -0.075452749 0.810283539 0.581160451
vn -0.280566799 0.810280925 0.514516369
vn -0.174484511 0.825348776 0.536986549
vn 0.104611863 0.336711894 0.935778531
vn 0.064420136 0.417094721 0.906577101
vn -0.173797435 0.258322344 0.950296805
vn 0.378998210 0.368447682 0.848885541
vn 0.396361645 0.440947267 0.805271975
vn 0.455367741 0.381377950 0.804481870
vn 0.547628931 0.147811518 0.823561964
vn 0.616915509 0.152535866 0.772106252
vn 0.572548213 0.220153897 0.789759967
vn 0.674696946 -0.102958342 0.730878657
vn 0.735766825 -0.102932817 0.669366876
vn 0.707192957 -0.029592290 0.706401032
vn 0.511236694 0.359061531 0.780840483
vn 0.557368382 0.298296990 0.774828622
vn 0.571981341 0.369716625 0.732220570
vn 0.613269738 0.482371987 0.625473816
vn 0.667877460 0.417926302 0.615854938
vn 0.611259247 0.414140055 0.674425791
vn 0.674026585 0.117911628 0.729235909
vn 0.706037758 0.052417852 0.706231586
vn 0.730356825 0.123709451 0.671769961
vn 0.811560217 0.173028243 0.558060249
vn 0.770175837 0.167831251 0.615355061
vn 0.783104975 0.235527745 0.575563445
vn 0.724328280 0.381302848 0.574418559
vn 0.766747558 0.314256367 0.559768808
vn 0.769014809 0.382174930 0.512404670
vn 0.786276228 0.481286567 0.387469914
vn 0.834124447 0.412068603 0.366654979
vn 0.792802562 0.418671731 0.442919946
vn 0.784310386 -0.148442023 0.602347229
vn 0.810310361 -0.215169273 0.545068164
vn 0.839207040 -0.160399524 0.519618645
vn 0.981631433 -0.189321597 0.023602179
vn 0.899460900 -0.140328745 0.413857382
vn 0.927785898 -0.056637556 0.368789255
vn 0.848509056 0.138201768 0.510815675
vn 0.898923088 0.038332417 0.436426291
vn 0.911779187 0.105651706 0.396858201
vn 0.985977282 -0.166565613 0.010232065
vn 0.954379926 0.082613561 0.286938941
vn 0.958002465 0.166207778 0.233679806
vn 0.881796656 0.361993812 0.302316286
vn 0.923658927 0.281799476 0.259698368
vn 0.915560259 0.335925340 0.221141535
vn 0.938316362 0.324656844 0.118997220
vn 0.897431178 0.418568872 0.139346258
vn 0.919022815 0.345020936 0.190676738
vn -0.318623691 -0.529327670 -0.786314925
vn -0.257051217 -0.580540524 -0.772591336
vn -0.401390783 -0.529234330 -0.747526898
vn -0.290041657 -0.473481304 -0.831679801
vn -0.168676167 0.501438403 -0.848591703
vn -0.150927957 0.657658948 -0.738041638
vn -0.277691005 0.603136882 -0.747738996
vn -0.216589331 0.629804038 -0.745946336
vn 0.560407106 -0.115893277 -0.820068670
vn 0.513944918 -0.203919824 -0.833233056
vn 0.336822772 -0.089340528 -0.937319951
vn 0.478437715 0.287786485 -0.829624187
vn 0.543118503 0.227488451 -0.808252000
vn 0.490695516 0.357563831 -0.794585438
vn 0.411656693 0.254299200 -0.875140380
vn -0.602979635 0.286335383 -0.744598958
vn -0.457078677 0.175183804 -0.872003278
vn -0.643462235 0.165300587 -0.747416931
vn -0.641676627 0.234875481 -0.730126438
vn 0.071818809 0.596554143 -0.799352997
vn 0.005674204 0.666827037 -0.745190919
vn 0.153223724 0.657224333 -0.737955735
vn 0.054838483 0.601347242 -0.797103654
vn 0.405195800 0.038561661 -0.913416313
vn 0.581902160 0.075160089 -0.809778264
vn 0.559495500 -0.063966861 -0.826361317
vn 0.602311011 0.003695137 -0.798252962
vn -0.051098868 -0.567102218 -0.822060813
vn -0.110152413 -0.599991078 -0.792386996
vn 0.029308856 -0.592287187 -0.805193690
vn -0.051848915 -0.482495619 -0.874362435
vn -0.519535690 0.419418406 -0.744426536
vn -0.427523280 0.507907283 -0.747832894
vn -0.356491696 0.335343781 -0.872042556
vn -0.489941754 0.476791023 -0.729813262
vn 0.532353366 -0.280720645 -0.798621195
vn 0.565693351 -0.348291975 -0.747451492
vn 0.487897535 -0.351381282 -0.799053934
vn 0.348735226 -0.454192526 -0.819812717
vn 0.406415994 -0.372524816 -0.834296890
vn 0.226681702 -0.265679233 -0.937032524
vn 0.139212798 -0.384435320 -0.912594807
vn 0.298118015 -0.477544129 -0.826484878
vn 0.182307021 -0.559105478 -0.808804806
vn 0.254708861 -0.543856221 -0.799589774
vn -0.526270296 -0.066068889 -0.847746706
vn -0.664876102 -0.011012216 -0.746872479
vn -0.659776919 -0.149154473 -0.736510259
vn -0.663229279 -0.077777247 -0.744363905
vn -0.507633907 -0.322725292 -0.798846795
vn -0.527092154 -0.421839183 -0.737716453
vn -0.599838808 -0.294117479 -0.744102354
vn -0.519311136 -0.310051342 -0.796356773
vn 0.343618278 0.521920420 -0.780721175
vn 0.305245753 0.591622985 -0.746195198
vn 0.412342064 0.483148544 -0.772360995
vn 0.300986964 0.464907128 -0.832627294
vn -0.753686399 0.293501524 -0.588059238
vn -0.699629746 0.292071130 -0.652083334
vn -0.740293188 0.235578473 -0.629657668
vn -0.447910002 0.091770880 -0.889356360
vn -0.656136076 0.037276151 -0.753721393
vn -0.679413438 0.128389916 -0.722435747
vn -0.236826002 -0.002626690 -0.971548530
vn -0.516923306 -0.199585703 -0.832439693
vn -0.571951811 -0.120229685 -0.811428338
vn -0.744481063 0.224628882 -0.628720774
vn -0.735564580 0.171380213 -0.655418623
vn -0.786479608 0.169946828 -0.593774285
vn -0.899215502 0.108801545 -0.423761376
vn -0.886172109 0.033173314 -0.462167205
vn -0.850918018 0.115185418 -0.512514239
vn -0.697288997 -0.040882842 -0.715623258
vn -0.671263499 -0.109475444 -0.733089655
vn -0.747197728 -0.124316085 -0.652871401
vn -0.791162797 -0.237214678 -0.563729213
vn -0.782534511 -0.163129049 -0.600856599
vn -0.824603177 -0.160127656 -0.542576017
vn -0.888339243 -0.049165513 -0.456548072
vn -0.864626238 -0.117020425 -0.488597676
vn -0.902327357 -0.114941847 -0.415443995
vn -0.950934216 -0.148749138 -0.271289164
vn -0.927383812 -0.219538669 -0.302922495
vn -0.925250072 -0.151915198 -0.347611964
vn -0.557693981 -0.304029334 -0.772362342
vn -0.510055482 -0.357589507 -0.782287127
vn -0.609274202 -0.415489964 -0.675391025
vn -0.688768528 -0.521843247 -0.503266867
vn -0.721709460 -0.586518550 -0.367602293
vn -0.683704989 -0.534480813 -0.496867939
vn -0.564491604 -0.371325359 -0.737201944
vn -0.700307587 -0.521996730 -0.486917547
vn -0.684555576 -0.534432046 -0.495747972
vn -0.575847530 -0.588699570 -0.567302775
vn -0.876781477 -0.370382644 -0.306709862
vn -0.684884837 -0.529610554 -0.500445223
vn -0.692480763 -0.516933604 -0.503239548
vn -0.788369245 -0.453201640 -0.416031498
vn -0.435159191 -0.629985597 -0.643237613
vn -0.907717265 -0.298926544 -0.294435540
vn -0.868290005 -0.374682395 -0.325093170
vn -0.899394835 -0.357535458 -0.251510093
vn -0.888553241 -0.439608468 -0.131215594
vn -0.922877803 -0.369929636 -0.106998250
vn -0.905462451 -0.380352486 -0.188334108
vn -0.721487681 0.308711218 0.619800702
vn -0.777894764 0.317383537 0.542353600
vn -0.764544608 0.249375020 0.594376683
vn -0.903601624 0.102957433 0.415817115
vn -0.890363770 0.029589601 0.454287147
vn -0.863971830 0.102932751 0.492907218
vn -0.952139779 -0.146837794 0.268083014
vn -0.927603333 -0.219546357 0.302244031
vn -0.924871380 -0.152382818 0.348414131
vn -0.773641793 0.212357670 0.596977886
vn -0.815891650 0.147867742 0.558977591
vn -0.759684781 0.156085590 0.631281492
vn -0.435859842 0.165160016 0.884730675
vn -0.662863434 0.049644897 0.747092666
vn -0.691997971 0.130692438 0.709970630
vn -0.889845757 -0.052417334 0.453240502
vn -0.901831856 -0.117910399 0.415687914
vn -0.864586316 -0.123707900 0.487018333
vn -0.789387114 -0.235528314 0.566916571
vn -0.823236482 -0.167831028 0.542323189
vn -0.781534180 -0.173028724 0.599387510
vn -0.703397537 -0.045924427 0.709311534
vn -0.749075115 -0.139253915 0.647684198
vn -0.668591035 -0.115538758 0.734599771
vn -0.391218722 0.075877877 0.917164358
vn -0.533684991 -0.185928718 0.824991420
vn -0.583495974 -0.109086583 0.804756215
vn -0.908366864 -0.299097887 0.292250055
vn -0.899677804 -0.360286741 0.246522439
vn -0.872966715 -0.369898112 0.317969340
vn -0.784372394 -0.482371368 0.389971550
vn -0.830306606 -0.414139976 0.372932996
vn -0.792098863 -0.417926867 0.444878101
vn -0.769310262 -0.314258811 0.556240165
vn -0.770134813 -0.381303774 0.511370513
vn -0.724966068 -0.382176221 0.573031881
vn -0.611477977 -0.481290168 0.628056095
vn -0.666232132 -0.418674153 0.617127783
vn -0.606468231 -0.412072111 0.679994750
vn -0.537822487 -0.287630791 0.792474290
vn -0.560633703 -0.362639597 0.744434264
vn -0.496992279 -0.340930571 0.797975576
vn -0.409355607 -0.419693449 0.810114434
vn -0.399990248 -0.334281728 0.853383576
vn -0.463721332 -0.352268373 0.812938816
vn 0.310538804 0.317386060 0.896008784
vn 0.219380899 0.308713607 0.925509551
vn 0.269159534 0.249375341 0.930250012
vn -0.167413232 0.165159313 0.971954326
vn 0.097137722 0.049649460 0.994031787
vn 0.142527269 0.130693872 0.981124400
vn -0.222588503 0.075869921 0.971955819
vn -0.053153624 -0.185929775 0.981124259
vn -0.000962796 -0.109088560 0.994031569
vn 0.274990158 0.212357029 0.937701928
vn 0.243535203 0.156084123 0.957250412
vn 0.331505930 0.147867523 0.931793439
vn 0.486614906 0.102958251 0.867528404
vn 0.453293271 0.029591088 0.890870124
vn 0.409240652 0.102932969 0.906601838
vn 0.152137865 -0.045926548 0.987291660
vn 0.109114441 -0.115539975 0.987291524
vn 0.225313834 -0.139253053 0.964283290
vn 0.305403231 -0.235528922 0.922634810
vn 0.279964924 -0.173029393 0.944288341
vn 0.347242128 -0.167831451 0.922635090
vn 0.453489767 -0.052418657 0.889718672
vn 0.413200189 -0.123708633 0.902198303
vn 0.485260943 -0.117910656 0.866382649
vn 0.614029812 -0.147811505 0.775318740
vn 0.574183286 -0.220153445 0.788572137
vn 0.543683836 -0.152536023 0.825312455
vn -0.030705216 -0.287706578 0.957226261
vn -0.066963255 -0.341416554 0.937523685
vn 0.015905781 -0.363068149 0.931626816
vn 0.125545653 -0.482892433 0.866633248
vn 0.090834298 -0.412716158 0.906319206
vn 0.176468889 -0.419152998 0.890600637
vn 0.295430252 -0.314315589 0.902178850
vn 0.249693827 -0.382534802 0.889561756
vn 0.322435490 -0.381656202 0.866241247
vn 0.405152146 -0.485095788 0.774941169
vn 0.379296568 -0.418776593 0.825081983
vn 0.452518329 -0.415157624 0.789221964
vn 0.564664208 -0.298383662 0.769494329
vn 0.519572355 -0.370270333 0.770028862
vn 0.584518338 -0.359558820 0.727362198
vn 0.642887839 -0.441297758 0.626060313
vn 0.690155749 -0.368497503 0.622811875
vn 0.624003307 -0.381723562 0.681840887
vn 0.975204410 0.215632187 -0.049790742
vn 0.975204821 0.215631606 0.049785218
vn 0.987877834 -0.155233323 0.000000374
vn 0.549063108 -0.677629555 -0.489231938
vn 0.441585248 -0.792133229 -0.421340025
vn 0.471917365 -0.626006139 -0.620814234
vn 0.475804993 -0.709523257 -0.519794534
vn 0.627890389 -0.264876685 0.731842880
vn 0.568763648 -0.126211872 0.812759790
vn 0.519173977 -0.378570865 0.766252231
vn 0.562351978 -0.256364627 0.786153567
vn 0.786855598 0.567455697 0.242594929
vn 0.705668709 0.590623775 0.391401623
vn 0.720889781 0.677621112 0.145421978
vn 0.731244960 0.627966636 0.266343223
vn 0.662787346 0.397063083 0.634865215
vn 0.621198162 0.179303306 0.762865105
vn 0.729443311 0.237708959 0.641410093
vn 0.636462566 0.296889215 0.711879341
vn 0.521043746 -0.853529973 0.000008188
vn 0.414918401 -0.900811934 -0.127986640
vn 0.414918196 -0.900809475 0.128004611
vn 0.405154219 -0.914248357 0.000008965
vn 0.627887747 -0.264891817 -0.731839670
vn 0.519170396 -0.378587902 -0.766246240
vn 0.568759808 -0.126230365 -0.812759605
vn 0.562348456 -0.256382249 -0.786150340
vn 0.621195766 0.179286997 -0.762870889
vn 0.729441132 0.237696083 -0.641417342
vn 0.662783649 0.397049089 -0.634877827
vn 0.636458957 0.296873205 -0.711889245
vn 0.549066603 -0.677618600 0.489243189
vn 0.471921516 -0.625991272 0.620826071
vn 0.441586705 -0.792123859 0.421356114
vn 0.475808432 -0.709510210 0.519809194
vn 0.786854238 0.567450681 -0.242611072
vn 0.705666053 0.590614854 -0.391419872
vn 0.720888868 0.677618275 -0.145439725
vn 0.731242469 0.627962024 -0.266360934
vn 0.856039032 -0.408328109 -0.316962667
vn 0.872216110 -0.323625025 -0.366750461
vn 0.978637987 -0.203615574 -0.028432183
vn 0.653742003 -0.555709729 -0.513622518
vn 0.625331131 -0.512627438 -0.588365605
vn 0.581830409 -0.580763250 -0.569374590
vn 0.495882646 -0.763101994 -0.414458379
vn 0.419982014 -0.783063038 -0.458723650
vn 0.472448330 -0.730528321 -0.493072965
vn 0.294735912 -0.917017099 -0.268719897
vn 0.218593500 -0.927623311 -0.302872702
vn 0.277353394 -0.895330319 -0.348509274
vn 0.528557836 -0.616322365 -0.583757961
vn 0.484160576 -0.675993721 -0.555536701
vn 0.449962515 -0.625986918 -0.636925517
vn 0.348458291 -0.538716464 -0.767047189
vn 0.306229890 -0.593097207 -0.744620009
vn 0.376033574 -0.593993770 -0.711175191
vn 0.351822852 -0.815652965 -0.459272165
vn 0.298216224 -0.858682122 -0.416811825
vn 0.278314587 -0.823899000 -0.493691632
vn 0.145890970 -0.802544270 -0.578479489
vn 0.223384100 -0.801471717 -0.554745555
vn 0.205611857 -0.748443776 -0.630520165
vn 0.271991499 -0.611871788 -0.742720364
vn 0.229917117 -0.670103172 -0.705761899
vn 0.212171240 -0.613502096 -0.760656652
vn 0.052827932 -0.319817232 -0.946005363
vn 0.059179198 -0.552061603 -0.831700553
vn 0.157484290 -0.562121752 -0.811922308
vn 0.138328901 -0.946107722 -0.292822973
vn 0.079538462 -0.965716082 -0.247115524
vn 0.059473261 -0.946204967 -0.318055172
vn -0.080775138 -0.917233834 -0.390073673
vn 0.000888863 -0.927851640 -0.372948446
vn -0.019745414 -0.895314512 -0.444996679
vn 0.064453204 -0.825448867 -0.560785122
vn 0.003276464 -0.858976619 -0.512004329
vn -0.016367292 -0.817653089 -0.575478529
vn -0.158972052 -0.766638994 -0.622087244
vn -0.074348009 -0.785550137 -0.614315355
vn -0.096824738 -0.736456018 -0.669520353
vn -0.010143649 -0.611668044 -0.791049499
vn -0.074006732 -0.682915465 -0.726738929
vn -0.090095135 -0.597095788 -0.797094403
vn -0.205171082 -0.473775754 -0.856411911
vn -0.097090772 -0.174339578 -0.979887286
vn -0.123356753 -0.509178925 -0.851774579
vn -0.342513140 -0.491630840 -0.800614680
vn -0.279200737 -0.530191615 -0.800589657
vn -0.361251134 -0.594561044 -0.718327768
vn -0.244652661 -0.765771765 -0.594759346
vn -0.300444263 -0.784588568 -0.542359682
vn -0.319401581 -0.733542757 -0.599914706
vn -0.163987187 -0.917242261 -0.363008041
vn -0.219515817 -0.927958409 -0.301174364
vn -0.245250576 -0.895426965 -0.371567902
vn -0.386883913 -0.629731577 -0.673616344
vn -0.373020544 -0.679774542 -0.631476243
vn -0.448805349 -0.635932240 -0.627824773
vn -0.697214172 -0.517702421 -0.495859458
vn -0.751003969 -0.383680962 -0.537384367
vn -0.686937134 -0.529963173 -0.497248841
vn -0.527362388 -0.758932912 -0.381981345
vn -0.321353165 -0.819784768 -0.474009575
vn -0.302263404 -0.859597822 -0.411981091
vn -0.375420207 -0.829610617 -0.413286695
vn -0.496885920 -0.810576066 -0.309952937
vn -0.448329974 -0.810576322 -0.376784103
vn -0.522610835 -0.763352845 -0.379697709
vn -0.659568970 -0.481222414 -0.577402600
vn -0.698486578 -0.537151966 -0.472846979
vn -0.700682646 -0.539764962 -0.466580771
vn -0.747386628 -0.634834973 -0.195953528
vn -0.678893013 -0.534812419 -0.503070524
vn -0.608566705 -0.658901352 -0.442148815
vn -0.688238551 -0.534812075 -0.490207855
vn -0.784156260 -0.246000035 -0.569721812
vn -0.234734424 -0.946345145 -0.222104966
vn -0.209593189 -0.965772860 -0.152818450
vn -0.283724018 -0.946271776 -0.155146410
vn -0.396546660 -0.916951130 -0.044174329
vn -0.354695006 -0.927746017 -0.116098151
vn -0.429259319 -0.895375197 -0.118489212
vn -0.509070896 -0.829609697 -0.229335068
vn -0.485222513 -0.859597360 -0.160160832
vn -0.550115011 -0.819783555 -0.159148979
vn -0.643203307 -0.764207498 -0.047711692
vn -0.609041094 -0.784331025 -0.117871917
vn -0.671081402 -0.732139881 -0.116708812
vn -0.739802366 -0.631655228 -0.231741520
vn -0.718205575 -0.677945949 -0.156748342
vn -0.766588112 -0.623145880 -0.155022189
vn -0.828533231 -0.558618151 -0.038450564
vn -0.850681298 -0.515352179 -0.103698892
vn -0.803580529 -0.584115947 -0.114310516
vn -0.850195553 -0.514950901 0.109512975
vn -0.828619503 -0.558003802 0.044960819
vn -0.804913732 -0.581767769 0.116876630
vn -0.643363393 -0.764442129 0.041373603
vn -0.608900536 -0.784423344 0.117983707
vn -0.671384948 -0.732095594 0.115231474
vn -0.397369680 -0.916641330 0.043197328
vn -0.358627146 -0.926403968 0.114726888
vn -0.430577688 -0.894738839 0.118512715
vn -0.770040033 -0.619562213 0.152253117
vn -0.719320332 -0.677248188 0.154638776
vn -0.741201861 -0.633438328 0.222206405
vn -0.747118355 -0.556879378 0.362904286
vn -0.690983338 -0.620157133 0.371412382
vn -0.731539307 -0.611673980 0.301173013
vn -0.551355037 -0.818590953 0.160985944
vn -0.485828243 -0.859086933 0.161060735
vn -0.511359762 -0.827177930 0.232997568
vn -0.450509061 -0.808038638 0.379625007
vn -0.498858490 -0.807791262 0.314027840
vn -0.519679160 -0.765923097 0.378543762
vn -0.632664876 -0.655773271 0.411942437
vn -0.569853983 -0.709604790 0.414400144
vn -0.587112583 -0.655841128 0.474522106
vn -0.575257655 -0.555914687 0.600031242
vn -0.512087345 -0.610505798 0.604193034
vn -0.566623104 -0.620051722 0.542654697
vn -0.294502117 -0.943570804 0.151468281
vn -0.218191835 -0.964616442 0.148011633
vn -0.244556943 -0.943352310 0.224228280
vn -0.149543552 -0.913117108 0.379280732
vn -0.222918425 -0.922583428 0.314876474
vn -0.246947682 -0.890095100 0.383076435
vn -0.375992097 -0.827369337 0.417240845
vn -0.302150010 -0.857402000 0.416613949
vn -0.322556798 -0.818309400 0.475738203
vn -0.236928536 -0.762041687 0.602625369
vn -0.300717572 -0.783546766 0.543712614
vn -0.317708459 -0.730255312 0.604804526
vn -0.441258039 -0.631689832 0.637384734
vn -0.369570651 -0.676149285 0.637369342
vn -0.383635166 -0.617584547 0.686595504
vn -0.297309120 -0.552153033 0.778931521
vn -0.369437035 -0.503835329 0.780811270
vn -0.361291136 -0.578216041 0.731529169
vn 0.711727549 -0.553775690 -0.432176331
vn 0.779717950 -0.505766906 -0.369106698
vn 0.744168107 -0.570516785 -0.347454208
vn 0.978304442 -0.206740096 -0.013377234
vn 0.834546655 -0.544823395 -0.081849551
vn 0.823526625 -0.537904284 -0.180174581
vn 0.978299023 -0.206765321 0.013383721
vn 0.823475912 -0.537974941 0.180195405
vn 0.834479277 -0.544919979 0.081893546
vn 0.738452978 -0.591407634 -0.323920068
vn 0.754820919 -0.602238357 -0.259912182
vn 0.686078589 -0.662784264 -0.300021980
vn 0.548797212 -0.762165056 -0.343403623
vn 0.563276489 -0.783134828 -0.263475687
vn 0.616630320 -0.726730373 -0.302704497
vn 0.769961842 -0.636863131 -0.039548885
vn 0.769912767 -0.636915362 0.039662985
vn 0.682477764 -0.730906347 0.000117087
vn 0.583043808 -0.811435248 0.040407375
vn 0.630167079 -0.776459526 0.000240278
vn 0.583244086 -0.811331527 -0.039591522
vn 0.539558518 -0.819325550 -0.193861415
vn 0.548574562 -0.828547240 -0.112140179
vn 0.487511808 -0.859226880 -0.155117395
vn 0.346585288 -0.916815408 -0.198313249
vn 0.356603818 -0.926843486 -0.117451559
vn 0.417481457 -0.895020559 -0.156995005
vn 0.754733082 -0.602321899 0.259973662
vn 0.738225366 -0.591518862 0.324235631
vn 0.685803272 -0.662908941 0.300375778
vn 0.547972950 -0.761862569 0.345385397
vn 0.616358502 -0.726697472 0.303336417
vn 0.563600816 -0.782786178 0.263817966
vn 0.548248638 -0.828650313 0.112969423
vn 0.539757979 -0.819230226 0.193708958
vn 0.487823370 -0.858994309 0.155425666
vn 0.336908054 -0.916806954 0.214378106
vn 0.417515765 -0.894474014 0.159990075
vn 0.357789662 -0.926240939 0.118592922
vn 0.325144807 -0.944380238 -0.049262762
vn 0.325554113 -0.944788810 0.037264245
vn 0.262277262 -0.964956494 -0.008342762
vn 0.122338513 -0.991898475 0.034215537
vn 0.122205035 -0.991241592 -0.050060313
vn 0.194052735 -0.980950611 -0.008912628
vn -0.158459257 -0.504805320 0.848564819
vn -0.215676171 -0.552776016 0.804936311
vn -0.133173362 -0.580781250 0.803092769
vn -0.141936020 -0.762332435 0.631429668
vn -0.051140125 -0.788564192 0.612822326
vn -0.082727899 -0.729501132 0.678958167
vn 0.170002385 -0.873512571 0.456152362
vn 0.178230420 -0.884468500 0.431218495
vn 0.274433216 -0.847965688 0.453476132
vn 0.002813905 -0.909312559 0.416104256
vn -0.083768166 -0.623351453 0.777441870
vn -0.065835780 -0.678641574 0.731512997
vn -0.012815035 -0.635407890 0.772070326
vn 0.112508522 -0.559572217 0.821109473
vn 0.140310812 -0.622319986 0.770084872
vn 0.059621782 -0.613895059 0.787132835
vn 0.164829603 -0.871004135 0.462799091
vn 0.182038755 -0.813431797 0.552440588
vn 0.139918636 -0.870794498 0.471317004
vn 0.099735619 -0.943405740 0.316288502
vn 0.124457292 -0.896041207 0.426169612
vn 0.148936937 -0.896235188 0.417828047
vn 0.107534254 -0.935070555 0.337756482
vn 0.185342942 -0.807051579 0.560638692
vn 0.199510142 -0.660497213 0.723836401
vn 0.217748442 -0.722400476 0.656295032
vn 0.272903194 -0.660101764 0.699849632
vn 0.390423865 -0.562651435 0.728692369
vn 0.413432043 -0.615675402 0.670833620
vn 0.341763540 -0.623780108 0.702919668
vn 0.001614983 -0.908672484 0.417506538
vn 0.115642788 -0.897215961 0.426181024
vn 0.105468553 -0.887790424 0.448000610
vn 0.280294814 -0.844845422 0.455709370
vn 0.240416391 -0.910683630 0.335939407
vn 0.155872448 -0.897568146 0.412401749
vn 0.177415088 -0.888424821 0.423350001
vn 0.045257102 -0.842522034 0.536757317
vn 0.047877609 -0.846038732 0.530967230
vn 0.131709076 -0.873164779 0.469293072
vn 0.109781131 -0.883867243 0.454672189
vn 0.238163938 -0.911638863 0.334951523
vn 0.489979108 -0.764440997 0.418987392
vn 0.403791782 -0.791820354 0.458227807
vn 0.469775164 -0.732770196 0.492299843
vn 0.465034052 -0.636825298 0.614977130
vn 0.487312585 -0.679586326 0.548351047
vn 0.528505122 -0.624311060 0.575254757
vn 0.653586959 -0.556648633 0.512802483
vn 0.628595252 -0.513788474 0.583857357
vn 0.583193710 -0.584200627 0.564441958
vn -0.028726053 0.999574548 -0.005053423
vn -0.004070393 0.999574467 0.028884535
vn -0.199110121 0.969240296 0.144666539
vn 0.026213310 0.999574428 0.012799405
vn -0.013683331 0.999574430 0.025762866
vn 0.076056732 0.969238508 0.234077098
vn 0.020273386 0.999574426 -0.020975143
vn 0.020273386 0.999574426 0.020975143
vn 0.246121219 0.969239055 -0.000000000
vn -0.013683331 0.999574430 -0.025762866
vn 0.026213310 0.999574428 -0.012799405
vn 0.076056732 0.969238508 -0.234077098
vn -0.028726053 0.999574548 0.005053423
vn -0.004070393 0.999574467 -0.028884535
vn -0.199110121 0.969240296 -0.144666539
vn -0.192048337 0.206919817 0.959323525
vn -0.435465435 0.177633827 0.882505568
vn -0.398910598 0.174349460 0.900262517
vn -0.225009339 0.272847504 0.935374276
vn -0.365073675 0.106673027 0.924847056
vn -0.381357023 0.069414533 0.921818010
vn -0.170154299 0.105161725 0.979790042
vn -0.388751423 0.243609202 0.888553255
vn -0.391748208 0.238761648 0.888552878
vn -0.270959205 0.079236593 0.959324070
vn -0.353629659 0.310054545 0.882503396
vn -0.334340822 0.278827518 0.900261868
vn -0.452543898 0.131037619 0.882061881
vn -0.425857695 0.077665977 0.901450620
vn -0.432117847 0.109140147 0.895188580
vn -0.256678565 0.158636858 0.953388935
vn -0.352735441 0.158635785 0.922178072
vn -0.299636509 0.244551261 0.922178206
vn -0.319588911 0.346166197 0.882061161
vn -0.290867432 0.337686716 0.895189264
vn -0.259915442 0.346166197 0.901450457
vn -0.344669844 0.079236434 0.935373875
vn -0.258680178 0.278826069 0.924846251
vn -0.232637050 0.310053968 0.921816977
vn -0.305393801 0.076895374 0.949116288
vn -0.290053421 0.344954912 0.892678621
vn -0.310813134 0.076894963 0.947355456
vn -0.367766514 0.272845597 0.888989916
vn -0.248263349 0.106673514 0.962801158
vn -0.233308916 0.069414235 0.969921963
vn -0.176593635 0.109143144 0.978213914
vn -0.185337158 0.077666809 0.979600942
vn -0.152351137 0.131040637 0.979600675
vn -0.408510949 0.206918215 0.888990246
vn -0.166426836 0.177636831 0.969921267
vn -0.206439366 0.174349223 0.962800673
vn -0.205355045 0.238761838 0.949116479
vn -0.207778453 0.243610323 0.947355332
vn -0.438251438 0.105159418 0.892679771
vn 0.912858657 -0.373821888 -0.164153185
vn 0.994730692 -0.091643173 0.045960617
vn 0.986419828 -0.160146579 0.036455395
vn 0.941326103 -0.224772145 -0.251759114
vn 0.984536278 -0.170009080 0.042251984
vn 0.975018850 -0.194855856 0.106627566
vn 0.867656991 -0.497163299 0.000002899
vn 0.990296099 -0.137663923 -0.019033684
vn 0.990296268 -0.137663173 0.019030298
vn 0.912861296 -0.373814217 0.164155977
vn 0.994730658 -0.091642714 -0.045962268
vn 0.986419961 -0.160145759 -0.036455403
vn 0.989994326 -0.086685582 0.111341113
vn 0.979783691 -0.140148963 0.142766199
vn 0.985044664 -0.110348631 0.132326076
vn 0.969637220 -0.244547872 0.000001021
vn 0.986044891 -0.158635599 0.050499701
vn 0.986044898 -0.158635858 -0.050498750
vn 0.989994137 -0.086686276 -0.111342255
vn 0.985044567 -0.110348510 -0.132326897
vn 0.979783848 -0.140149078 -0.142765007
vn 0.941326369 -0.224767699 0.251762088
vn 0.984535623 -0.170012731 -0.042252563
vn 0.975018580 -0.194857840 -0.106626408
vn 0.972980119 -0.228332603 0.034262374
vn 0.959269100 -0.017482072 -0.281952427
vn 0.979163617 -0.195955495 0.053292171
vn 0.994662506 0.054504901 -0.087611160
vn 0.972691167 -0.232030777 0.005797636
vn 0.960085586 -0.273047967 0.060666928
vn 0.942049549 -0.335473766 0.000001436
vn 0.943606311 -0.329574548 0.031428439
vn 0.943606119 -0.329575337 -0.031425927
vn 0.994662656 0.054508462 0.087607242
vn 0.960085420 -0.273048706 -0.060666228
vn 0.972691477 -0.232029536 -0.005795328
vn 0.972980034 -0.228333048 -0.034261814
vn 0.979163327 -0.195956803 -0.053292676
vn 0.959271362 -0.017476106 0.281945100
vn -0.139342150 -0.050034479 -0.988979432
vn -0.239651032 -0.205890819 -0.948776240
vn -0.263945221 -0.223542151 -0.938275987
vn 0.081966097 0.304977927 -0.948825602
vn -0.015755609 0.146506563 -0.989084217
vn 0.086080815 0.334532699 -0.938444440
vn 0.045087370 0.163324063 -0.985541668
vn -0.047013778 0.168402693 -0.984596485
vn 0.004562754 0.257565862 -0.966249972
vn -0.126161350 -0.113430697 -0.985503318
vn -0.228763286 -0.119016284 -0.966179322
vn -0.171710753 -0.033200508 -0.984587804
vn 0.048152058 0.369034597 -0.928167466
vn 0.012047609 0.358335185 -0.933515265
vn -0.025084411 0.379022026 -0.925047608
vn -0.094437229 0.205033546 -0.974188306
vn -0.119818987 0.362779161 -0.924139974
vn -0.088225657 0.367623780 -0.925780206
vn -0.118868799 0.127146614 -0.984735471
vn -0.166784510 0.049540526 -0.984748020
vn -0.205028111 0.127014434 -0.970479679
vn -0.353208816 0.152414466 -0.923045699
vn -0.266933690 0.165650184 -0.949371593
vn -0.293235214 0.249409566 -0.922934438
vn -0.221347954 0.365880743 -0.903955953
vn -0.273223586 0.347422633 -0.897020839
vn -0.287648812 0.355405454 -0.889350957
vn -0.067940716 -0.018821159 -0.997511816
vn -0.207089428 0.224075219 -0.952315213
vn -0.267499302 0.287036740 -0.919811955
vn -0.316103587 -0.170331728 -0.933308965
vn -0.310472527 -0.206928640 -0.927786262
vn -0.351061990 -0.145504479 -0.924977797
vn -0.226426868 -0.005133734 -0.974014640
vn -0.369825878 -0.082095216 -0.925467015
vn -0.379493318 -0.051708461 -0.923748373
vn -0.431363630 0.091533918 -0.897522680
vn -0.425528153 0.036783096 -0.904197321
vn -0.444862478 0.101663345 -0.889810059
vn -0.011389368 0.068061998 -0.997616082
vn -0.376488846 0.115144986 -0.919237608
vn -0.294655609 0.089141964 -0.951436694
vn -0.277711799 0.181833683 -0.943298822
vn -0.284807020 0.171012230 -0.943207177
vn 0.075336558 -0.048399093 -0.995982897
vn 0.167289536 0.248920391 -0.953966902
vn 0.021496822 0.112022906 -0.993473077
vn 0.202447287 0.247386690 -0.947530961
vn -0.022429539 0.042987054 -0.998823823
vn 0.232857833 0.066744549 -0.970217705
vn 0.272574873 0.080004890 -0.958802459
vn 0.258963861 0.199104952 -0.945142813
vn 0.293013503 0.132584978 -0.946870800
vn 0.269409360 0.157518297 -0.950056095
vn 0.117293381 0.113422925 -0.986598957
vn 0.155686878 0.033184391 -0.987248901
vn 0.201609847 0.115008748 -0.972690319
vn 0.227629552 -0.031679470 -0.973232345
vn -0.031483157 0.033982055 -0.998926439
vn 0.256658999 -0.057946861 -0.964763349
vn 0.224958312 -0.179612529 -0.957670662
vn 0.260766042 -0.123078979 -0.957524222
vn 0.241541405 -0.150161792 -0.958701823
vn 0.153352872 -0.050914672 -0.986858953
vn 0.190310418 -0.118117794 -0.974592290
vn 0.113973981 -0.114690426 -0.986841445
vn -0.049346741 -0.155822903 -0.986551632
vn -0.013538665 -0.232170312 -0.972580922
vn 0.039746318 -0.154333646 -0.987219001
vn 0.163463678 -0.206810300 -0.964629009
vn -0.044901900 0.012470509 -0.998913563
vn 0.126673684 -0.193201070 -0.972947647
vn -0.049167075 0.000447036 -0.998790468
vn 0.039264476 -0.238831784 -0.970266808
vn 0.045839621 -0.280676640 -0.958707126
vn -0.021988879 -0.312035198 -0.949816048
vn 0.010169780 -0.322711016 -0.946442907
vn -0.064516611 -0.320449216 -0.945066086
vn -0.092418670 -0.069193554 -0.993313164
vn -0.152784892 -0.259515518 -0.953576674
vn -0.135110479 -0.290540453 -0.947275780
vn 0.299690270 -0.950898979 -0.077310242
vn 0.107205129 -0.991181184 0.077890447
vn 0.019081725 -0.950898039 0.308915533
vn 0.068443714 -0.996414811 0.049729089
vn 0.447583469 -0.738656047 -0.504039961
vn 0.412041672 -0.386961872 -0.824913432
vn 0.377735202 -0.602939897 -0.702694527
vn 0.332831198 -0.616993055 -0.713121984
vn 0.199798745 0.037527385 -0.979118051
vn -0.116354548 0.389218157 -0.913767391
vn -0.010505498 0.173544267 -0.984770035
vn -0.046592164 0.141854182 -0.988790454
vn -0.476494109 0.601463028 -0.641245343
vn -0.669284814 0.561787974 -0.486263416
vn -0.757104123 0.601464841 -0.255016454
vn -0.690405924 0.521274371 -0.501610097
vn -0.551573404 -0.602939398 0.576394710
vn -0.341058529 -0.738653290 0.581438215
vn -0.657207186 -0.386961815 0.646791518
vn -0.575365728 -0.616992104 0.536912491
vn -0.869454497 0.037528352 0.492585525
vn -0.939817538 0.173546906 0.294320346
vn -0.904998225 0.389221563 0.171711349
vn -0.954793444 0.141853775 0.261241240
vn -0.693453563 -0.510222447 -0.508719186
vn -0.736422833 -0.606193590 -0.300351032
vn -0.675281765 -0.530437786 -0.512474676
vn -0.578196611 -0.699442381 -0.420082177
vn -0.701448678 -0.515017265 -0.492673288
vn -0.685321323 -0.515016335 -0.514871691
vn -0.698110366 -0.510221917 -0.502310176
vn -0.696067457 -0.530436408 -0.483867039
vn -0.513218208 -0.606192729 -0.607566825
vn -0.678032698 -0.541064314 -0.497514892
vn -0.680075292 -0.520850244 -0.515957964
vn -0.829674364 -0.419692869 -0.368100999
vn -0.690820101 -0.536273596 -0.484951769
vn -0.764694635 -0.326447770 -0.555584349
vn -0.674691633 -0.536273170 -0.507151148
vn -0.682689307 -0.541066112 -0.491103627
vn -0.606470046 -0.419693044 -0.675316098
vn -0.700862135 -0.520850024 -0.487347433
vn 0.729619685 -0.535913340 0.424796431
vn 0.838170511 -0.498826558 0.220549905
vn 0.755783870 -0.343396999 0.557556494
vn 0.815624428 -0.423233796 0.394499615
vn -0.648297200 -0.670635093 0.360498700
vn -0.564214542 -0.825263412 0.024540803
vn -0.508895668 -0.823450538 0.250907174
vn -0.619993125 -0.760100462 0.194565703
vn 0.540609967 -0.833908756 -0.111072270
vn 0.720587733 -0.684321190 -0.111614641
vn 0.444577529 -0.835338293 -0.323358558
vn 0.594393614 -0.772301778 -0.224156631
vn 0.487711240 -0.246878730 0.837370073
vn 0.127909082 -0.243266694 0.961488732
vn 0.298075041 -0.381192949 0.875124680
vn 0.314350945 -0.240792767 0.918260490
vn -0.322025104 -0.525413176 0.787553698
vn -0.257364549 -0.333238898 0.907036563
vn -0.532775019 -0.485097159 0.693420165
vn -0.406506691 -0.410875239 0.816047700
vn -0.077807642 -0.977230977 -0.197397034
vn -0.296813135 -0.920788567 -0.253081762
vn 0.061268745 -0.924361643 -0.376565656
vn -0.120371959 -0.939092854 -0.321893155
vn 0.376351688 -0.804058681 0.460270622
vn 0.145933074 -0.875869676 0.459952007
vn 0.154274305 -0.893024549 0.422737027
vn 0.300189498 -0.917941893 0.259362576
vn 0.163354138 -0.879630904 0.446726871
vn 0.132501848 -0.895981828 0.423862979
vn 0.121267903 -0.889211428 0.441131649
vn 0.160685896 -0.889594687 0.427552729
vn 0.069511645 -0.970822498 0.229503397
vn 0.165004634 -0.882891974 0.439630793
vn 0.211728415 -0.742741450 0.635221391
vn 0.125444447 -0.882489116 0.453295324
vn -0.026962491 -0.799945445 0.599466687
vn 0.153108433 -0.875943262 0.457472632
vn 0.123279073 -0.892716534 0.433427571
vn 0.141079101 -0.896064882 0.420909033
vn 0.131158607 -0.879310223 0.457832886
vn -0.092944236 -0.914034946 0.394843623
vn -0.024503891 -0.998246966 0.053875350
vn -0.058898374 -0.979790185 0.191160076
vn 0.712090980 -0.498569406 0.494322752
vn 0.649747770 -0.611454634 0.451609417
vn -0.217449050 -0.446701180 0.867855960
vn -0.084862210 -0.478562182 0.873943158
vn 0.768335094 -0.458720985 0.446358871
vn 0.888037904 -0.413185236 0.201659719
vn 0.712187265 -0.498415385 -0.494339362
vn 0.651109378 -0.610284883 -0.451230473
vn -0.065290948 -0.997853392 -0.005069451
vn -0.196180669 -0.980549821 -0.005932448
vn -0.884032129 -0.463337868 0.061686421
vn -0.850260575 -0.492534281 0.185652732
vn -0.021617661 -0.997773175 -0.063098082
vn -0.060412361 -0.980725959 -0.185814262
vn -0.204841864 -0.264015536 -0.942515574
vn -0.436641342 -0.509143540 -0.741698856
vn 0.688468016 -0.460572556 -0.560254149
vn 0.568661763 -0.491336170 -0.659706425
vn 0.782048985 -0.386913890 0.488566297
vn 0.922600740 -0.232209602 0.308036645
vn 0.927081189 0.372476560 -0.042209974
vn 0.988124343 0.110879880 -0.106376388
vn -0.247177635 -0.375384695 0.893302607
vn -0.199474379 -0.162977078 0.966254855
vn 0.302042072 0.394469386 0.867850500
vn 0.387645172 0.290886607 0.874709210
vn -0.915674054 -0.400054366 0.038697956
vn -0.947835127 -0.297385829 0.114761670
vn -0.707271519 0.388964777 0.590316357
vn -0.613710514 0.251303080 0.748469215
vn 0.119968821 0.267262692 -0.956126632
vn 0.126574791 0.276885162 -0.952530015
vn -0.731849632 0.377302905 -0.567484479
vn -0.809073708 0.272628272 -0.520647252
vn 0.731772807 -0.393251837 -0.556652092
vn 0.706126870 -0.280938909 -0.649967825
vn 0.318538644 0.460302386 0.828646394
vn 0.437881527 0.492238787 0.752303626
vn -0.664201134 0.458654646 0.590315821
vn -0.499231166 0.436534507 0.748469015
vn -0.728011349 0.450720471 -0.516575777
vn -0.794960638 0.491341104 -0.355839155
vn -0.180176428 -0.204366227 -0.962169892
vn -0.185522287 -0.223834560 -0.956806966
vn 0.892663424 0.446563258 -0.061100465
vn 0.858726956 0.476805527 -0.187735199
vn 0.250068341 0.498415922 0.830088786
vn 0.227944107 0.610284475 0.758679342
vn -0.145765060 0.881750129 0.448630425
vn -0.226414993 0.680542687 0.696848551
vn -0.690227254 0.498413410 0.524566879
vn -0.630354557 0.610282963 0.479799789
vn -0.663156904 0.487485525 -0.567961956
vn -0.605579836 0.601907141 -0.520558215
vn 0.151835719 0.315957290 -0.936545197
vn 0.263622977 0.616498768 -0.741911177
vn -0.269134355 -0.490913651 0.828595490
vn -0.241915844 -0.613109229 0.752046406
vn -0.206149218 -0.717631066 0.665212863
vn -0.169718937 -0.807146060 0.565429678
vn -0.106873645 -0.888971029 0.445318464
vn -0.072491297 -0.935485325 0.345849995
vn 0.043661129 -0.998583715 0.030401806
vn 0.154156041 -0.980441189 0.122355996
vn 0.255933284 -0.937959630 0.233944196
vn 0.343357923 -0.892301186 0.293093722
vn 0.471162052 -0.808698183 0.352155605
vn 0.563868763 -0.716882992 0.410037552
vn 0.689511558 -0.460392058 0.559118023
vn 0.578440570 -0.493764719 0.649309564
vn 0.456069844 -0.518788436 0.723089798
vn 0.336598419 -0.527931275 0.779737182
vn 0.188055318 -0.525876734 0.829511216
vn 0.051617530 -0.513833542 0.856335636
vn 0.768334430 -0.458724289 -0.446356618
vn 0.888036514 -0.413188960 -0.201658209
vn 0.982825909 0.139089605 0.121273719
vn 0.971105261 0.215342571 0.102869578
vn 0.971104520 0.215341839 -0.102878099
vn 0.982825258 0.139087761 -0.121281104
vn 0.045716904 -0.998004892 -0.043545379
vn 0.154082803 -0.980524088 -0.121782607
vn 0.271257281 -0.941710778 -0.198998237
vn 0.370548872 -0.888923550 -0.269273941
vn 0.478034695 -0.806825287 -0.347153837
vn 0.566339119 -0.716880546 -0.406623025
vn -0.864676126 -0.502313170 0.004083687
vn -0.788758042 -0.614701189 0.001788651
vn -0.692538098 -0.721370979 -0.003859096
vn -0.590715533 -0.806873858 -0.003120504
vn -0.458546860 -0.888670121 -0.000438126
vn -0.336493033 -0.941684598 -0.001599234
vn -0.333954055 -0.446567409 0.830091705
vn -0.443906565 -0.476809954 0.758682562
vn -0.546507926 -0.509967359 0.664275832
vn -0.640050683 -0.524010949 0.561914271
vn -0.731871231 -0.524137296 0.435482028
vn -0.796705456 -0.513900719 0.318066766
vn -0.192805766 -0.304051145 -0.932940962
vn -0.245652540 -0.613843750 -0.750233750
vn -0.218675130 -0.725523050 -0.652531602
vn -0.185417271 -0.807308136 -0.560244598
vn -0.141994558 -0.888781145 -0.435781622
vn -0.103356132 -0.942413810 -0.318078169
vn -0.885035019 -0.462322212 -0.054508601
vn -0.850591328 -0.492358453 -0.184601048
vn -0.772495941 -0.519115588 -0.365744485
vn -0.485559954 -0.502618417 -0.715266565
vn -0.796186455 -0.382112476 -0.469123848
vn -0.469524099 -0.714613123 -0.518531778
vn -0.011114045 0.241150124 -0.970424183
vn -0.006762802 0.168140753 -0.985739799
vn -0.076139727 0.066572368 -0.994872284
vn 0.020439305 -0.042905003 -0.998870059
vn 0.263512119 -0.461432362 -0.847137261
vn 0.421869402 -0.507020841 -0.751635599
vn 0.927081243 0.372476979 0.042205073
vn 0.988124644 0.110879708 0.106373769
vn 0.872799133 -0.437013685 -0.217349288
vn 0.843607262 -0.452227127 -0.289512371
vn 0.877032466 -0.277205943 -0.392391283
vn 0.912200460 -0.230689284 -0.338633688
vn 0.782048736 -0.386917613 -0.488563748
vn 0.922601215 -0.232212940 -0.308032707
vn 0.912201710 -0.230682652 0.338634838
vn 0.877032430 -0.277199598 0.392395845
vn 0.843609399 -0.452219757 0.289517657
vn 0.872799581 -0.437010485 0.217353922
vn 0.225209493 0.388969221 0.893299294
vn 0.056555468 0.251303551 0.966254627
vn -0.437040903 0.226608685 0.870427339
vn -0.491189394 0.230857842 0.839903349
vn -0.426150998 0.336081315 0.839907540
vn -0.398134353 0.289543512 0.870432991
vn 0.732041104 -0.394464117 0.555440260
vn 0.712110951 -0.290887355 0.638969905
vn 0.668525501 -0.181835828 0.721116764
vn 0.619405423 -0.066616671 0.782239824
vn 0.552550066 0.066615859 0.830813308
vn 0.479237750 0.181836655 0.858642306
vn -0.754470458 0.394465602 0.524567648
vn -0.827754986 0.290884334 0.479799946
vn -0.892410384 0.181835056 0.412964549
vn -0.935362707 0.066615588 0.347359999
vn -0.960819485 -0.066242713 0.269142752
vn -0.963924745 -0.179463410 0.196575611
vn -0.325094291 -0.375385523 0.867985836
vn -0.406570106 -0.162976787 0.898965692
vn -0.189527324 0.289553413 0.938210112
vn -0.148918200 0.336092539 0.929981277
vn -0.096302411 0.230862348 0.968208873
vn -0.158053685 0.226614946 0.961074762
vn -0.680665708 0.372435996 -0.630861017
vn -0.615348025 0.248409477 -0.748090596
vn -0.186660678 0.127762296 -0.974081407
vn -0.056503877 0.055845750 -0.996839287
vn 0.074360390 0.154855796 -0.985134618
vn 0.156705337 0.164888684 -0.973783939
vn -0.916381984 -0.398902177 -0.033483022
vn -0.948653896 -0.294910320 -0.114383956
vn -0.962949789 -0.180551397 -0.200321981
vn -0.960032050 -0.068243729 -0.271442915
vn -0.934898042 0.067148411 -0.348506446
vn -0.883262667 0.188892679 -0.429146382
vn -0.222144461 -0.090359149 -0.970817729
vn -0.153788810 -0.066366396 -0.985872458
vn -0.093666196 0.038929688 -0.994842260
vn 0.049611714 0.000041581 -0.998768580
vn 0.528740333 -0.033659166 -0.848115983
vn 0.644934740 -0.156796764 -0.747979917
vn 0.892663200 0.446564000 0.061098325
vn 0.858727018 0.476804911 0.187736478
vn 0.800645877 0.509964050 0.314488230
vn 0.732201062 0.524008459 0.435082451
vn 0.640329553 0.524138002 0.561477888
vn 0.548693946 0.513902282 0.659423535
vn 0.190364267 0.458658425 0.867982658
vn -0.036061608 0.436536103 0.898963732
vn -0.343746015 0.040028672 0.938209136
vn -0.367206016 -0.017098842 0.929982458
vn -0.249558720 -0.017094816 0.968208765
vn -0.273374857 0.040033942 0.961074124
vn -0.744772753 0.460299076 0.483154537
vn -0.796449630 0.492237260 0.351241323
vn -0.831503142 0.513901697 0.210968173
vn -0.848065430 0.524138517 0.077870667
vn -0.848065977 0.524137701 -0.077870211
vn -0.831503375 0.513901008 -0.210968935
vn -0.634376876 0.446695757 -0.630895300
vn -0.495023832 0.443587082 -0.747115725
vn -0.195847029 0.108728764 -0.974588117
vn -0.077141894 0.020226082 -0.996814945
vn -0.107080364 -0.160482465 -0.981213113
vn -0.076610792 -0.234451416 -0.969104391
vn 0.188221541 0.313745353 -0.930664550
vn 0.439912022 0.492398684 -0.751013281
vn 0.551950818 0.516076219 -0.654992848
vn 0.640744530 0.524243553 -0.560905647
vn 0.732201155 0.524009098 -0.435081525
vn 0.800644879 0.509965531 -0.314488371
vn -0.471709795 0.881753860 -0.000000000
vn -0.732702183 0.680549419 0.000000000
vn 0.090208635 0.956442244 0.277633996
vn 0.140953481 0.889910536 0.433810274
vn 0.182441745 0.806826080 0.561913415
vn 0.211713057 0.716882193 0.664272160
vn 0.871293883 0.490761621 -0.000000874
vn 0.791019685 0.611790698 -0.000000036
vn 0.693358102 0.720593188 0.000000000
vn 0.590375327 0.807128845 0.000000000
vn 0.456138021 0.889909043 0.000000000
vn 0.291924038 0.956441507 0.000000000
vn -0.145765060 0.881750129 -0.448630425
vn -0.226414993 0.680542687 -0.696848551
vn -0.236171637 0.956441468 0.171588684
vn -0.369020857 0.889911176 0.268107637
vn -0.477886312 0.806825540 0.347357483
vn -0.561732820 0.716880989 0.412962330
vn 0.381626036 0.881749864 0.277270167
vn 0.592770825 0.680545266 0.430674924
vn -0.236171637 0.956441468 -0.171588684
vn -0.369020857 0.889911176 -0.268107637
vn -0.478657928 0.805927974 -0.348377223
vn -0.563909194 0.705828868 -0.428733052
vn 0.381626036 0.881749864 -0.277270167
vn 0.592770825 0.680545266 -0.430674924
vn 0.090208635 0.956442244 -0.277633996
vn 0.140953455 0.889910578 -0.433810196
vn 0.182324585 0.808203671 -0.559968367
vn 0.219533573 0.731208197 -0.645863439
vn -0.139213218 0.986756825 0.083250521
vn -0.122190774 0.986756518 0.106681719
vn 0.226091290 0.867651433 -0.442790830
vn 0.321889508 0.883872874 -0.339346266
vn 0.490987646 0.867649830 -0.078197858
vn 0.422208690 0.883871850 -0.201271892
vn 0.300906766 0.695574164 -0.652404553
vn 0.395036799 0.719632473 -0.571029799
vn 0.720291157 0.689694217 -0.074179088
vn 0.665891639 0.719277731 -0.198060270
vn 0.582883899 0.737254500 -0.341616982
vn 0.505017765 0.737254607 -0.448790264
vn 0.217227135 0.975217234 -0.041996652
vn 0.342700225 0.919024717 -0.194807921
vn 0.107069189 0.975217604 -0.193615116
vn 0.291173175 0.919025088 -0.265727437
vn 0.556469609 0.827180087 -0.078196412
vn 0.601737859 0.772917038 -0.201272955
vn 0.448114497 0.851061041 -0.273657639
vn 0.560803038 0.781415866 -0.273658905
vn 0.398738942 0.851061353 -0.341616495
vn 0.433561222 0.781416755 -0.448790063
vn 0.246325711 0.827182494 -0.505067091
vn 0.377366452 0.772919283 -0.510088564
vn 0.809187264 0.555173499 -0.192349569
vn 0.768398098 0.635393189 -0.076418967
vn 0.782780083 0.566889816 -0.256692963
vn 0.688747823 0.673892923 -0.267385049
vn 0.674934657 0.590252530 -0.442792456
vn 0.646600659 0.683192315 -0.339346207
vn 0.629686928 0.590253521 -0.505069455
vn 0.522547935 0.683193210 -0.510088907
vn 0.488107930 0.574324971 -0.657192115
vn 0.467085062 0.674665164 -0.571540428
vn 0.436617446 0.568408744 -0.697335433
vn 0.322912077 0.644335822 -0.693223729
vn 0.063697115 0.986756464 0.149178945
vn 0.036153604 0.986756512 0.158128120
vn -0.351253039 0.867651701 -0.351854839
vn -0.223269603 0.883873736 -0.410996232
vn 0.077352266 0.867651241 -0.491119080
vn -0.060955483 0.883873747 -0.463736594
vn -0.543727652 0.652658314 -0.527633742
vn -0.436349800 0.691251343 -0.575995168
vn 0.166272980 0.716008756 -0.678000559
vn 0.031990670 0.749896404 -0.660781341
vn -0.143046503 0.759241372 -0.634893879
vn -0.275481356 0.745211077 -0.607264747
vn 0.027182715 0.975217574 -0.219571818
vn -0.079376637 0.919025709 -0.386123161
vn -0.151055766 0.975217051 -0.161659699
vn -0.162746293 0.919025384 -0.359034799
vn 0.098950696 0.828117357 -0.551752121
vn 0.002147810 0.786295099 -0.617847396
vn -0.122045528 0.852006123 -0.509107509
vn -0.085554599 0.793494707 -0.602533452
vn -0.201607565 0.851254146 -0.484479896
vn -0.296475992 0.781559284 -0.548878012
vn -0.404333574 0.826563742 -0.391544048
vn -0.374358534 0.765099964 -0.523906226
vn 0.007142030 0.359332437 -0.933182293
vn 0.185487158 0.652349972 -0.734870075
vn -0.018476652 0.371152353 -0.928388143
vn -0.028843037 0.705552837 -0.708070105
vn -0.203328110 0.440722891 -0.874311737
vn -0.120775138 0.709759327 -0.694013735
vn -0.246057448 0.471695944 -0.846734119
vn -0.337014016 0.675435927 -0.655902327
vn -0.451658306 0.477455014 -0.753685269
vn -0.420831718 0.643707762 -0.639172107
vn -0.507428499 0.508728921 -0.695493496
vn -0.557931876 0.600072451 -0.573258298
vn 0.161561971 0.986756294 -0.014482602
vn 0.161561971 0.986756294 0.014482602
vn -0.443179896 0.867651043 0.225329198
vn -0.459877822 0.883872394 0.085334515
vn -0.443179896 0.867651043 -0.225329198
vn -0.459877822 0.883872394 -0.085334515
vn -0.625320455 0.688236207 0.367838622
vn -0.655073467 0.719194771 0.231598000
vn -0.622259284 0.683826013 -0.381018853
vn -0.654892390 0.718944563 -0.232883389
vn -0.672361511 0.737253578 -0.066235645
vn -0.672362004 0.737253108 0.066235867
vn -0.200425649 0.975217317 -0.093705620
vn -0.391755762 0.919024647 -0.043830600
vn -0.200425649 0.975217317 0.093705620
vn -0.391755762 0.919024647 0.043830600
vn -0.496155924 0.827181672 -0.263817703
vn -0.605119530 0.772918977 -0.190857565
vn -0.523383235 0.851061632 -0.042001044
vn -0.614551296 0.781416303 -0.108237079
vn -0.523383235 0.851061632 0.042001044
vn -0.614551384 0.781416235 0.108237075
vn -0.496155924 0.827181672 0.263817703
vn -0.605119575 0.772918949 0.190857535
vn -0.762068295 0.562334883 -0.320985035
vn -0.651632210 0.634675076 -0.415407042
vn -0.782189358 0.570629403 -0.250123754
vn -0.714139268 0.674203104 -0.188295726
vn -0.806299637 0.590253850 -0.038487507
vn -0.722574014 0.683192272 -0.105523046
vn -0.806299171 0.590254373 0.038489233
vn -0.722574710 0.683191612 0.105522555
vn -0.782189416 0.570629439 0.250123491
vn -0.714139530 0.674203044 0.188294948
vn -0.763234015 0.561547628 0.319590518
vn -0.662480323 0.635562492 0.396459507
vn 0.036153604 0.986756512 -0.158128120
vn 0.063697115 0.986756464 -0.149178945
vn 0.077352378 0.867651176 0.491119177
vn -0.060955483 0.883873747 0.463736594
vn -0.351253039 0.867651701 0.351854839
vn -0.223269603 0.883873736 0.410996232
vn 0.146736656 0.680023736 0.718356507
vn 0.023589570 0.713996150 0.699752120
vn -0.540955673 0.680021870 0.494911321
vn -0.430395530 0.713993933 0.552243018
vn -0.269556866 0.753652814 0.599455196
vn -0.134282790 0.753653217 0.643408859
vn -0.151055766 0.975217051 0.161659699
vn -0.162746293 0.919025384 0.359034799
vn 0.027182715 0.975217574 0.219571818
vn -0.079376637 0.919025709 0.386123161
vn -0.404367715 0.827206224 0.390149476
vn -0.371403603 0.773496982 0.513577435
vn -0.201252426 0.851520294 0.484159736
vn -0.292656538 0.786663996 0.543610070
vn -0.121772026 0.851520096 0.509985391
vn -0.082769395 0.786664601 0.611807187
vn 0.097813501 0.827206363 0.553319213
vn -0.001407738 0.773497930 0.633797263
vn -0.517061921 0.518896728 0.680729870
vn -0.571485290 0.625268590 0.531454376
vn -0.465759502 0.474886692 0.746693188
vn -0.416601340 0.668702560 0.615857297
vn -0.291770749 0.459544019 0.838861803
vn -0.332898162 0.691661689 0.640923492
vn -0.257032247 0.459543842 0.850149329
vn -0.107414353 0.691662363 0.714188583
vn -0.062097600 0.474886526 0.877853447
vn -0.024963854 0.668703980 0.743109543
vn 0.018180421 0.518897475 0.854643132
vn 0.149956064 0.625270144 0.765865801
vn -0.122190774 0.986756518 -0.106681719
vn -0.139213218 0.986756825 -0.083250521
vn 0.490987646 0.867649830 0.078197858
vn 0.422208690 0.883871850 0.201271892
vn 0.226091257 0.867651368 0.442790974
vn 0.321889508 0.883872874 0.339346266
vn 0.720291157 0.689694217 0.074179088
vn 0.665891639 0.719277731 0.198060270
vn 0.289678970 0.688237088 0.665143446
vn 0.393832001 0.719195944 0.572410298
vn 0.505017765 0.737254607 0.448790264
vn 0.582883899 0.737254500 0.341616982
vn 0.107069189 0.975217604 0.193615116
vn 0.291173175 0.919025088 0.265727437
vn 0.217227135 0.975217234 0.041996652
vn 0.342700225 0.919024717 0.194807921
vn 0.246325276 0.827182158 0.505067854
vn 0.377366384 0.772919291 0.510088602
vn 0.398738942 0.851061353 0.341616495
vn 0.433561222 0.781416755 0.448790063
vn 0.448114497 0.851061041 0.273657639
vn 0.560803038 0.781415866 0.273658905
vn 0.556469609 0.827180087 0.078196412
vn 0.601737859 0.772917038 0.201272955
vn 0.429613484 0.561547782 0.707174903
vn 0.302919146 0.635563152 0.710140458
vn 0.485782469 0.570629906 0.662115475
vn 0.467070806 0.674204569 0.572095325
vn 0.629687888 0.590252479 0.505069475
vn 0.522548079 0.683193103 0.510088903
vn 0.674934892 0.590251567 0.442793382
vn 0.646600700 0.683192208 0.339346345
vn 0.782780532 0.566889175 0.256693012
vn 0.688747875 0.673892872 0.267385043
vn 0.809187169 0.555173429 0.192350173
vn 0.768398070 0.635393223 0.076418965
vn 0.961255647 0.223999846 -0.160660044
vn 0.881154334 0.412552603 -0.231013830
vn 0.741357408 0.457427756 -0.491069283
vn 0.816763928 0.344663526 -0.462713452
vn 0.980949628 -0.071928990 -0.180455111
vn 0.886809314 0.210205619 -0.411561464
vn 0.554665146 0.447510275 -0.701484946
vn 0.642911576 0.330339751 -0.691042947
vn 0.921347095 -0.213283858 -0.325006965
vn 0.818405220 -0.068493400 -0.570544959
vn 0.748864233 0.072190585 -0.658779841
vn 0.708334559 0.175369051 -0.683745456
vn 0.984886563 0.115955996 -0.128657164
vn 0.896234833 0.275522739 -0.347635361
vn 0.850876172 0.435362206 -0.294056949
vn 0.859590659 0.340410648 -0.381083310
vn 0.977893829 -0.085315762 -0.190905423
vn 0.840412708 0.010535027 -0.541844530
vn 0.838366150 0.215797765 -0.500573195
vn 0.805363561 0.088455100 -0.586144377
vn 0.810137277 0.277425186 -0.516442503
vn 0.733039936 0.262719900 -0.627399957
vn 0.696286001 0.456883285 -0.553573363
vn 0.695050046 0.335000082 -0.636144936
vn 0.873668616 -0.228848678 -0.429338365
vn 0.749010917 -0.222243281 -0.624171908
vn 0.712264596 -0.159904180 -0.683454313
vn 0.755211776 -0.050205967 -0.653555303
vn 0.597392286 0.004944979 -0.801933915
vn 0.716364078 0.011926188 -0.697624737
vn 0.536166217 0.035093975 -0.843382594
vn 0.657599494 0.155926230 -0.737054894
vn 0.382110453 0.197825741 -0.902694067
vn 0.625344421 0.238768714 -0.742922510
vn 0.340759262 0.224880170 -0.912859263
vn 0.496752608 0.429785723 -0.754003368
vn -0.253179138 0.104482732 -0.961760720
vn -0.205853375 0.181960728 -0.961516865
vn -0.859093648 0.299033384 -0.415375901
vn -0.843765534 0.430176854 -0.320947967
vn -0.888523492 0.457213972 -0.038488817
vn -0.934207853 0.340764311 -0.105524271
vn -0.961697299 0.073269665 -0.264139851
vn -0.961940705 0.195527365 -0.190890359
vn -0.860188225 0.444426235 0.250123048
vn -0.922395952 0.337240168 0.188294391
vn -0.978061571 -0.173955541 -0.114608169
vn -0.997500668 -0.056107607 -0.042945941
vn -0.995276283 0.087527628 0.042000417
vn -0.973754040 0.200218875 0.108238033
vn -0.889857433 0.250747052 -0.381155696
vn -0.935916301 0.264237955 -0.232892635
vn -0.860188907 0.444424719 -0.250123398
vn -0.922395759 0.337240195 -0.188295286
vn -0.974027177 0.007577010 -0.226304323
vn -0.996211899 0.016013394 -0.085471769
vn -0.973754108 0.200218450 -0.108238208
vn -0.995276286 0.087527485 -0.042000649
vn -0.960106726 0.271675788 -0.066237013
vn -0.960106684 0.271675990 0.066236783
vn -0.888523263 0.457214379 0.038489255
vn -0.934207917 0.340764256 0.105523880
vn -0.970253306 -0.231490792 0.070855734
vn -0.970398714 -0.230769314 -0.071216991
vn -0.978253821 -0.173771823 0.113237871
vn -0.997507353 -0.056047771 0.042868740
vn -0.974246068 0.008371089 0.225332032
vn -0.996223168 0.016051647 0.085333135
vn -0.961740202 0.073854057 0.263820699
vn -0.961935960 0.195582617 0.190857665
vn -0.895226172 0.251520212 0.367841928
vn -0.936223526 0.264288161 0.231597229
vn -0.864731455 0.308314128 0.396461737
vn -0.843587995 0.431532697 0.319591655
vn -0.183055795 0.098093454 0.978196427
vn -0.169601256 0.119864107 0.978196304
vn -0.689327559 0.426022585 0.585945623
vn -0.733371659 0.453242981 0.506692027
vn 0.012257353 -0.206836454 0.978298747
vn 0.162833564 -0.374217704 0.912932824
vn 0.190486702 0.081543019 0.978297272
vn 0.407531530 0.021722357 0.912932742
vn -0.729141879 0.081534191 0.679488260
vn -0.866309621 0.021713941 0.499035214
vn -0.584948052 -0.206845306 0.784251743
vn -0.668339007 -0.374222063 0.642869208
vn -0.278642072 0.337932845 0.898977190
vn -0.302983454 0.337934813 0.891067388
vn -0.285674702 -0.381267968 0.879218233
vn -0.273251732 -0.466985838 0.840986158
vn 0.213263592 0.426030950 0.879213438
vn 0.295473921 0.453250655 0.840986924
vn -0.076596199 0.615692382 0.784255005
vn 0.035818513 0.765141601 0.642864967
vn -0.399013863 0.615686035 0.679498818
vn -0.406855772 0.765137731 0.499031696
vn -0.426886423 0.098087144 0.898969907
vn -0.437770418 0.119857056 0.891061921
vn 0.466545759 0.308316696 0.829021031
vn 0.494622311 0.431533513 0.754405459
vn 0.696208166 0.457214465 0.553397798
vn 0.693764648 0.340764560 0.634484143
vn 0.622993565 0.073853141 0.778732773
vn 0.666038552 0.195583457 0.719819254
vn 0.850877460 0.435360145 0.294056275
vn 0.859591748 0.340410163 0.381081287
vn 0.733402993 -0.179735451 0.655602942
vn 0.782039972 -0.065651227 0.619760759
vn 0.815676837 0.095948144 0.570495620
vn 0.838783623 0.216940513 0.499378461
vn 0.508038963 0.251522964 0.823791606
vn 0.621289500 0.264289474 0.737665528
vn 0.548885397 0.444426005 0.707962108
vn 0.635556065 0.337240031 0.694505327
vn 0.655574826 0.008256217 0.755085083
vn 0.753561768 0.013724069 0.657233833
vn 0.723636212 0.200806859 0.660323586
vn 0.774881388 0.090049836 0.625659541
vn 0.737212826 0.271897295 0.618537880
vn 0.810734471 0.277778116 0.515314404
vn 0.741356905 0.457427563 0.491070222
vn 0.816764940 0.344661901 0.462712877
vn 0.874703085 -0.229195325 0.427041000
vn 0.758144684 -0.231534218 0.609597034
vn 0.921751411 -0.214628719 0.322968805
vn 0.829250343 -0.075212395 0.553793251
vn 0.978366928 -0.085454451 0.188403004
vn 0.848761162 0.010984283 0.528662308
vn 0.980949899 -0.071929719 0.180453351
vn 0.886808406 0.210210005 0.411561179
vn 0.984886277 0.115960171 0.128655586
vn 0.896234845 0.275526559 0.347632302
vn 0.961255336 0.224001996 0.160658911
vn 0.881155061 0.412550700 0.231014456
vn -0.063193269 0.510282645 -0.857681895
vn -0.073397067 0.579446320 -0.811698732
vn 0.407725058 0.144884430 -0.901536898
vn 0.460825317 0.150982965 -0.874553698
vn 0.202730709 -0.030094375 -0.978771980
vn 0.591909425 -0.179676532 -0.785722328
vn -0.176967484 -0.528933528 -0.830007128
vn -0.153323575 -0.428904958 -0.890242899
vn 0.605328714 -0.235778280 -0.760253741
vn 0.401151452 -0.220364823 -0.889110149
vn -0.360304361 0.226123337 -0.905013262
vn -0.540842759 0.339838766 -0.769414533
vn -0.212155725 0.311379284 -0.926300648
vn -0.362330393 0.564687708 -0.741514988
vn 0.114060687 -0.171101493 -0.978628856
vn 0.415626345 -0.456392679 -0.786740404
vn 0.086699732 0.043035835 -0.995304513
vn 0.006198483 -0.022096176 -0.999736634
vn 0.045021739 -0.439780149 -0.896976290
vn 0.061845414 -0.480689865 -0.874707036
vn -0.373201088 0.055547919 -0.926086053
vn -0.666580891 0.082368280 -0.740867992
vn -0.405604978 -0.402930231 -0.820446117
vn -0.416417506 -0.401159256 -0.815884619
vn 0.547288637 -0.427169653 -0.719723027
vn 0.631706568 -0.295550065 -0.716656802
vn 0.478021901 -0.435916234 -0.762543178
vn 0.372906655 -0.263758919 -0.889590838
vn -0.000352173 -0.098691973 -0.995117968
vn 0.021314382 0.003732730 -0.999765855
vn -0.488626472 -0.164823818 -0.856783099
vn -0.555520578 -0.185546303 -0.810536524
vn 0.191922165 0.543342738 -0.817278748
vn 0.181802056 0.547716929 -0.816672626
vn 0.396626316 0.390295795 -0.830877101
vn 0.319364461 0.322435925 -0.891090015
vn -0.681327560 0.228405934 -0.695430432
vn -0.785836529 0.230735157 -0.573778910
vn -0.920086316 -0.009005262 -0.391612151
vn -0.851693857 -0.004355604 -0.524021568
vn -0.534907734 0.009829833 -0.844853295
vn -0.754700789 0.005621726 -0.656045056
vn -0.938462064 -0.250879923 -0.237377797
vn -0.893896505 -0.265663784 -0.361070343
vn -0.352631918 -0.144768278 -0.924496012
vn -0.645302372 -0.290625850 -0.706485290
vn -0.745306052 -0.296330890 -0.597249439
vn -0.812258791 -0.286897436 -0.507863680
vn -0.630014883 0.194860910 -0.751738301
vn -0.763430241 0.094286444 -0.638971309
vn -0.826287821 0.195038245 -0.528401854
vn -0.812411019 0.084583462 -0.576917650
vn -0.492447043 -0.017000765 -0.870176352
vn -0.687700031 -0.202722222 -0.697117184
vn -0.789410272 -0.080004851 -0.608630139
vn -0.742006524 -0.207121513 -0.637594696
vn -0.832288623 -0.078604197 -0.548741313
vn -0.853334534 -0.196542744 -0.482898667
vn -0.932836762 -0.075059734 -0.352394115
vn -0.892364133 -0.192438574 -0.408232347
vn -0.509591649 -0.455361548 -0.730042610
vn -0.324622686 -0.155369484 -0.932995410
vn -0.590352061 -0.484354920 -0.645666134
vn -0.666192228 -0.391387415 -0.634825808
vn -0.702356057 -0.405982239 -0.584700258
vn -0.635129127 -0.722048118 -0.274331019
vn -0.601757310 -0.531036563 -0.596563751
vn -0.834479843 -0.501541574 -0.228253021
vn -0.831982976 -0.450999286 -0.323116034
vn -0.847922301 -0.353483572 -0.395065990
vn -0.869710459 -0.429927376 -0.242417346
vn -0.930725946 -0.308011174 -0.197175886
vn -0.814832063 0.231528217 0.531454037
vn -0.695349576 0.230420326 0.680731548
vn -0.541504738 0.055453439 0.838866816
vn -0.767513733 -0.011571228 0.640928059
vn -0.920713396 -0.008257823 0.390152087
vn -0.857932644 -0.013724383 0.513578835
vn -0.452511365 -0.156837923 0.877858377
vn -0.609263812 -0.276730007 0.743113794
vn -0.939254691 -0.251770560 0.233264250
vn -0.893379881 -0.264303615 0.363340045
vn -0.816076495 -0.271898113 0.509990756
vn -0.740624663 -0.277779823 0.611811636
vn -0.850151790 0.179734885 0.494911412
vn -0.831094212 0.065651593 0.552242953
vn -0.633040061 0.204215105 0.746697042
vn -0.784413860 0.073565560 0.615859566
vn -0.933134997 -0.073853507 0.351858973
vn -0.890407742 -0.195581216 0.411001266
vn -0.834491669 -0.090049436 0.543612688
vn -0.851622649 -0.200805765 0.484165167
vn -0.794634024 -0.095948523 0.599458629
vn -0.734136906 -0.216941838 0.643412187
vn -0.525969078 0.024384469 0.850154060
vn -0.666673776 -0.213251025 0.714191904
vn -0.870019360 -0.431977783 0.237616305
vn -0.930285240 -0.311446485 0.193831007
vn -0.842927479 -0.444424561 0.303249196
vn -0.856912178 -0.337239199 0.389834890
vn -0.741453801 -0.457214930 0.491121948
vn -0.817815655 -0.340765236 0.463741963
vn -0.696128511 -0.457429183 0.553320557
vn -0.692461750 -0.344663636 0.633800996
vn -0.542598408 -0.435365098 0.718362165
vn -0.628060192 -0.340412563 0.699756874
vn -0.492185894 -0.413756713 0.765871026
vn -0.455974815 -0.248324277 0.854647309
vn 0.162421506 0.230419072 0.959440621
vn 0.346828036 0.231529003 0.908902984
vn 0.515546792 -0.008257346 0.856821639
vn 0.392203600 -0.013724897 0.919776040
vn -0.054987267 0.055451685 0.996946092
vn 0.244204232 -0.011568759 0.969654813
vn 0.626481768 -0.251522190 0.737737882
vn 0.509578112 -0.264289809 0.818829069
vn -0.149897276 -0.156839777 0.976182407
vn 0.056115201 -0.276729022 0.959308153
vn 0.239566168 -0.277779768 0.930293745
vn 0.360454282 -0.271898044 0.892269110
vn 0.073240171 0.204212300 0.976182982
vn 0.272607900 0.073566934 0.959308521
vn 0.396881662 0.179735694 0.900100009
vn 0.347763784 0.065651207 0.935280851
vn -0.074187578 0.024378676 0.996946279
vn 0.119559013 -0.213249878 0.969654646
vn 0.290519699 -0.095947482 0.952046420
vn 0.215741343 -0.216941737 0.952046194
vn 0.355588195 -0.090049639 0.930294630
vn 0.404390657 -0.200806269 0.892269600
vn 0.548106163 -0.073853408 0.833141830
vn 0.478775459 -0.195582866 0.855874642
vn -0.051416223 -0.414936709 0.908396334
vn -0.133395567 -0.248448475 0.959415957
vn 0.016661440 -0.436932180 0.899340128
vn 0.096769366 -0.340492991 0.935254090
vn 0.238276608 -0.458266634 0.856280299
vn 0.187711422 -0.344760169 0.919730856
vn 0.311316011 -0.458503646 0.832380170
vn 0.389021972 -0.340865512 0.855846136
vn 0.503162336 -0.446331590 0.740010659
vn 0.464144447 -0.337387526 0.818986929
vn 0.563853330 -0.432730963 0.703429695
vn 0.644222084 -0.308418251 0.699897199
vn 0.857281349 -0.514758281 -0.009622924
vn 0.857281159 -0.514758458 0.009630429
vn 0.828212218 0.363517361 0.426520398
vn 0.699074843 0.494020883 0.516950414
vn 0.753313331 -0.028648249 0.657037521
vn 0.609614656 0.025611237 0.792284063
vn 0.614732406 -0.754302438 -0.230503582
vn 0.441640679 -0.853905283 -0.275316688
vn 0.624436749 -0.480991990 -0.615406737
vn 0.564351430 -0.495777981 -0.660084583
vn 0.753311068 -0.028662021 -0.657039514
vn 0.609612185 0.025593235 -0.792286545
vn 0.955864161 0.001454013 -0.293805363
vn 0.952736114 -0.014925613 -0.303432237
vn 0.624439188 -0.480978472 0.615414827
vn 0.564355284 -0.495762576 0.660092858
vn 0.614732209 -0.754298658 0.230516476
vn 0.441641796 -0.853899021 0.275334318
vn 0.828210408 0.363507586 -0.426532244
vn 0.699069439 0.494010237 -0.516967896
vn 0.824398662 0.566009582 -0.000007468
vn 0.778828582 0.627236830 -0.000007881
vn 0.955865378 0.001459905 0.293801373
vn 0.952736656 -0.014919717 0.303430826
vn 0.580980838 -0.634871017 -0.509313320
vn 0.527080365 -0.557383693 -0.641490224
vn 0.261136543 -0.537823900 -0.801594136
vn 0.308315975 -0.649670856 -0.694887788
vn 0.403962605 -0.826744518 -0.391545292
vn 0.365072439 -0.766584587 -0.528270940
vn -0.010799166 -0.429424231 -0.903038320
vn 0.061558033 -0.666277287 -0.743158923
vn 0.194567619 -0.952314580 -0.235032726
vn 0.163100326 -0.917214321 -0.363477884
vn 0.121838948 -0.850428842 -0.511787119
vn 0.092705703 -0.774283205 -0.626012117
vn 0.541709777 -0.688460794 -0.482257455
vn 0.410796253 -0.713772985 -0.567251764
vn 0.450752476 -0.561018760 -0.694319924
vn 0.372417819 -0.657577547 -0.654902083
vn 0.351253643 -0.867651232 -0.351855394
vn 0.223269329 -0.883872523 -0.410998991
vn 0.295214243 -0.769541820 -0.566263135
vn 0.202536361 -0.850206663 -0.485929679
vn 0.274964364 -0.706870254 -0.651712392
vn 0.159160910 -0.713741523 -0.682085657
vn 0.203945833 -0.494999043 -0.844619467
vn 0.150284895 -0.659039293 -0.736940744
vn 0.135958594 -0.971067403 -0.196324630
vn 0.002514629 -0.971326484 -0.237736280
vn -0.020534344 -0.952691068 -0.303245889
vn 0.081590636 -0.917264953 -0.389830700
vn -0.077996633 -0.867526894 -0.491236819
vn 0.060892844 -0.883868591 -0.463754651
vn -0.098610347 -0.827154183 -0.553255780
vn 0.010283223 -0.772006442 -0.635531517
vn -0.155025086 -0.697501586 -0.699613293
vn -0.009851277 -0.723213398 -0.690554366
vn -0.166250369 -0.636720599 -0.752959291
vn -0.052749319 -0.402726196 -0.913799278
vn -0.314676266 -0.647716396 -0.693860445
vn -0.436214107 -0.579895072 -0.688069007
vn -0.557317070 -0.651877113 -0.514250826
vn -0.849159106 -0.292788346 -0.439549539
vn -0.247584738 -0.826707556 -0.505229071
vn -0.373081845 -0.774284425 -0.511168823
vn -0.772375862 -0.570212576 -0.279809125
vn -0.693070144 -0.663184019 -0.282561025
vn -0.161548750 -0.952709208 -0.257385248
vn -0.294064826 -0.917748952 -0.266950817
vn -0.445454006 -0.853482749 -0.270440244
vn -0.559714671 -0.783504678 -0.269888694
vn -0.298255364 -0.695388523 -0.653818431
vn -0.394025247 -0.718080407 -0.573676419
vn -0.509072735 -0.579374737 -0.636529547
vn -0.482801861 -0.664098359 -0.570855264
vn -0.226848696 -0.867172383 -0.443341546
vn -0.319944626 -0.884718884 -0.338980725
vn -0.429639630 -0.783505359 -0.448919970
vn -0.394856893 -0.853483282 -0.340079875
vn -0.515302666 -0.726683567 -0.454306235
vn -0.591308549 -0.726683641 -0.349692845
vn -0.661301512 -0.651877542 -0.371127983
vn -0.680440215 -0.292787054 -0.671771431
vn -0.225336674 -0.971146199 -0.078092530
vn -0.141823385 -0.971341014 -0.190742660
vn -0.295391968 -0.952391524 -0.075458399
vn -0.344802637 -0.917708894 -0.197285395
vn -0.491745259 -0.867171015 -0.078746618
vn -0.421260104 -0.884717940 -0.199534688
vn -0.557012118 -0.826705685 -0.079342363
vn -0.601440544 -0.774282887 -0.196863618
vn -0.718058738 -0.691682279 -0.077248130
vn -0.667801268 -0.717851317 -0.196801813
vn -0.765031323 -0.639398236 -0.076791733
vn -0.802419028 -0.564509364 -0.193527471
vn -0.767568973 -0.636427174 0.076146729
vn -0.805344445 -0.561307535 0.190667711
vn -0.674934469 -0.590251943 0.442793526
vn -0.646600790 -0.683191715 0.339347166
vn -0.556648782 -0.827177689 0.076936371
vn -0.601721410 -0.772965068 0.201137635
vn -0.486037776 -0.566836696 0.665179254
vn -0.467134104 -0.673888509 0.572415939
vn -0.300919565 -0.951073462 0.070047735
vn -0.352699162 -0.914521562 0.198125248
vn -0.396730818 -0.850384191 0.345617398
vn -0.431046112 -0.782181444 0.449879359
vn -0.719941579 -0.690192693 0.072925781
vn -0.665910782 -0.719286366 0.197964528
vn -0.779825406 -0.570627645 0.257403238
vn -0.688429672 -0.674202380 0.267424264
vn -0.491382650 -0.867481222 0.077584933
vn -0.424036922 -0.882924120 0.201587916
vn -0.560799816 -0.781403712 0.273700209
vn -0.448092034 -0.850643516 0.274989341
vn -0.582790872 -0.737282485 0.341715285
vn -0.504146118 -0.737624628 0.449162109
vn -0.629666888 -0.590272608 0.505072132
vn -0.522267080 -0.683399627 0.510100036
vn -0.144879071 -0.970908397 0.190648732
vn -0.230317854 -0.970703591 0.068470615
vn -0.161525795 -0.949512776 0.268951492
vn -0.303292260 -0.912499470 0.274515067
vn -0.221436886 -0.865726819 0.448868333
vn -0.323858119 -0.879859543 0.347797503
vn -0.243427948 -0.826563870 0.507479066
vn -0.376163074 -0.773462333 0.510154253
vn -0.291324307 -0.687829529 0.664846363
vn -0.394120416 -0.719060666 0.572381741
vn -0.308688242 -0.635324645 0.707865923
vn -0.432879818 -0.555227694 0.710167073
vn 0.822497859 -0.502534190 -0.266376912
vn 0.683080815 -0.624563537 -0.378577586
vn 0.496013557 -0.827205640 -0.264010189
vn 0.603213292 -0.773496815 -0.194515811
vn 0.919728562 -0.392474417 -0.007950057
vn 0.715031634 -0.689215031 -0.117099974
vn 0.284228891 -0.951258774 -0.119669054
vn 0.399060170 -0.915742887 -0.046539717
vn 0.879935390 -0.433539120 0.194312996
vn 0.716120588 -0.666819789 0.206210262
vn 0.606947833 -0.786935399 0.111117080
vn 0.523125033 -0.851184961 0.042712553
vn 0.879943003 -0.433524866 -0.194310324
vn 0.716292877 -0.666651984 -0.206154423
vn 0.637855611 -0.680021531 -0.361539675
vn 0.658215763 -0.713994389 -0.238671367
vn 0.919712896 -0.392510652 0.007973486
vn 0.714872215 -0.689356806 0.117238689
vn 0.653407468 -0.753662384 -0.071075257
vn 0.653212924 -0.753796576 0.071439466
vn 0.607460346 -0.786648903 -0.110342338
vn 0.523123589 -0.851233292 -0.041756359
vn 0.443198233 -0.867608981 -0.225455058
vn 0.460744146 -0.883322952 -0.086344626
vn 0.682368313 -0.625015710 0.379115878
vn 0.822438779 -0.502598977 0.266437092
vn 0.637053326 -0.680151042 0.362708725
vn 0.657830527 -0.714290281 0.238848053
vn 0.494768029 -0.827559042 0.265236932
vn 0.602878040 -0.773693698 0.194771997
vn 0.438955563 -0.868739186 0.229369222
vn 0.462333368 -0.882505670 0.086206720
vn 0.283392368 -0.951500158 0.119733932
vn 0.400776221 -0.915245279 0.041285587
vn 0.226510611 -0.971555879 0.069080507
vn 0.226443952 -0.970688466 -0.080542150
vn -0.156882707 -0.638868285 0.753150139
vn -0.062063794 -0.560018026 0.826152465
vn 0.214774923 -0.592607776 0.776329670
vn 0.126065816 -0.688302148 0.714386144
vn -0.059265723 -0.835467502 0.546334721
vn 0.031106168 -0.787068848 0.616080380
vn 0.475580943 -0.575985466 0.664878567
vn 0.398007127 -0.676657701 0.619455149
vn 0.253911198 -0.813240143 0.523612044
vn 0.043534553 -0.931722193 0.360553045
vn 0.028104742 -0.934503538 0.354842587
vn 0.242045528 -0.822640724 0.514466911
vn -0.140361339 -0.689073165 0.710968964
vn -0.007630439 -0.720307855 0.693612550
vn 0.004580847 -0.572272173 0.820050959
vn 0.044384820 -0.675766068 0.735778642
vn 0.180948816 -0.935702003 0.302851923
vn 0.111987473 -0.821352232 0.559320407
vn 0.295271709 -0.877307934 0.378345619
vn 0.014606334 -0.877099373 0.480086809
vn 0.148686696 -0.758493675 0.634491616
vn 0.258929832 -0.758649518 0.597834635
vn 0.288505402 -0.593529733 0.751323558
vn 0.323339828 -0.688125088 0.649565407
vn 0.022894227 -0.959766535 0.279864345
vn 0.139709511 -0.960286948 0.241516521
vn 0.107321717 -0.812038323 0.573651297
vn 0.171456604 -0.932988545 0.316441161
vn -0.015155489 -0.874801987 0.484243528
vn 0.268882539 -0.879620812 0.392389356
vn 0.369838727 -0.838177782 0.400845757
vn 0.339234408 -0.789866575 0.510911745
vn 0.538278362 -0.689582323 0.484492131
vn 0.416131900 -0.722957477 0.551513126
vn 0.577391166 -0.638437738 0.508936830
vn 0.535103750 -0.565629414 0.627476966
vn -0.208728893 0.977973542 -0.000000000
vn 0.031397552 0.999506975 0.000000000
vn 0.009702269 0.999506985 0.029860557
vn -0.064500562 0.977972054 -0.198520375
vn -0.025400674 0.999506992 0.018454751
vn 0.168871219 0.977971965 -0.122692080
vn -0.025400674 0.999506992 -0.018454751
vn 0.168871219 0.977971965 0.122692080
vn 0.009702269 0.999506985 -0.029860557
vn -0.064500562 0.977972054 0.198520375
vn -0.530774129 0.831515890 0.163890658
vn -0.319881914 0.831512923 0.454160567
vn 0.333079535 0.831511973 0.444573798
vn -0.008150622 0.831511503 0.555447736
vn 0.525738306 0.831514588 -0.179395440
vn 0.525738306 0.831514588 0.179395440
vn -0.008150622 0.831511503 -0.555447736
vn 0.333079535 0.831511973 -0.444573798
vn -0.530774129 0.831515890 -0.163890658
vn -0.319881914 0.831512923 -0.454160567
vn -0.722382321 0.149463915 0.675147628
vn -0.604010806 0.320094453 0.729870185
vn -0.556427436 0.397088406 0.729869377
vn -0.456750041 0.579276352 0.675143176
vn -0.027329671 0.579278329 0.814671533
vn 0.021145794 0.397092006 0.917535173
vn 0.059640188 0.320100698 0.945504411
vn 0.187574443 0.149469390 0.970811377
vn -0.530340282 -0.234615681 0.814674578
vn -0.345710635 -0.196499210 0.917535949
vn -0.259629638 -0.196500785 0.945505099
vn -0.049795772 -0.234615518 0.970812000
vn 0.178920866 0.010991585 0.983802068
vn 0.070190047 -0.164943143 0.983802377
vn -0.321552750 0.235842805 0.917050708
vn -0.367977666 0.341720830 0.864765466
vn -0.354743544 0.182133753 0.917051969
vn -0.470209044 0.176303925 0.864766085
vn -0.376860048 0.098624995 0.921004677
vn -0.167559119 0.310808347 0.935586508
vn -0.256750495 0.292968448 0.921004165
vn -0.352929897 0.010868611 0.935586640
vn -0.182361438 0.188844822 0.964925872
vn -0.250461201 0.078656606 0.964926072
vn -0.193965399 0.167401118 0.966620034
vn -0.463309342 0.231625799 0.855391105
vn -0.236470739 0.098626892 0.966620052
vn -0.414372973 0.310807333 0.855391046
vn -0.335666374 0.143978714 0.930912571
vn -0.399828803 0.035544789 0.915900375
vn -0.419641080 0.188841854 0.887828879
vn -0.364546782 0.078655458 0.927857189
vn -0.356575994 0.290882887 0.887829210
vn -0.233382021 0.290883943 0.927857405
vn -0.278893418 0.235842896 0.930911698
vn -0.210602497 0.341721105 0.915900254
vn -0.333174943 0.641772016 0.690741005
vn -0.136474372 0.641773596 0.754653164
vn -0.333642956 0.292967375 0.896020365
vn -0.264401788 0.010869611 0.964351360
vn -0.275619278 0.143977142 0.950423377
vn -0.214888322 0.035545960 0.975991544
vn -0.252038360 0.182133997 0.950422996
vn -0.127894486 0.176307974 0.975991034
vn -0.411246024 0.167398832 0.896021394
vn -0.127967969 0.231628122 0.964350876
vn -0.723014281 0.010985240 0.690745738
vn -0.635047311 -0.164946038 0.754657351
vn 0.853141613 0.396875776 0.338583826
vn 0.923049711 0.378093635 0.070883240
vn 0.923048958 0.378093512 -0.070893698
vn 0.853138351 0.396870649 -0.338598054
vn 0.643401285 -0.701318080 -0.306900208
vn 0.758304506 -0.484517890 -0.436138385
vn 0.781339587 -0.363917416 -0.507023238
vn 0.753420396 -0.125273400 -0.645495377
vn 0.753421423 -0.125259610 0.645496855
vn 0.781341091 -0.363906118 0.507029030
vn 0.758308850 -0.484505785 0.436144279
vn 0.643405092 -0.701308941 0.306913110
vn 0.610514891 -0.780379259 -0.135202740
vn 0.610516468 -0.780375598 0.135216743
vn 0.982395123 -0.183691351 0.034019247
vn 0.994981681 -0.036953860 -0.092983158
vn 0.982394764 -0.183693246 -0.034019386
vn 0.994981939 -0.036953373 0.092980590
vn 0.956201579 -0.137179457 0.258573659
vn 0.958668437 -0.230465650 -0.166854465
vn 0.956201276 -0.137184306 -0.258572207
vn 0.958669622 -0.230460770 0.166854394
vn 0.954564110 -0.290882264 -0.064767809
vn 0.954564287 -0.290881167 0.064770116
vn 0.901633668 -0.422897187 -0.090634969
vn 0.998870053 -0.019966476 0.043127225
vn 0.901634982 -0.422893354 0.090639785
vn 0.998869855 -0.019966604 -0.043131750
vn 0.975782455 -0.218315810 -0.013667755
vn 0.967779756 -0.179385676 0.176700660
vn 0.995096001 -0.078655370 0.059977344
vn 0.974051845 -0.188842600 0.124745645
vn 0.995095932 -0.078655322 -0.059978549
vn 0.974051795 -0.188843567 -0.124744569
vn 0.975782832 -0.218314001 0.013669738
vn 0.967779421 -0.179388335 -0.176699797
vn 0.815946596 0.295260536 -0.497043628
vn 0.772016112 0.065226352 -0.632247298
vn 0.985650340 0.017015098 -0.167940147
vn 0.944656118 -0.303836631 0.123725987
vn 0.986836051 -0.160438249 0.020351344
vn 0.937568370 -0.337573854 0.083722424
vn 0.986836049 -0.160438289 -0.020351101
vn 0.937567645 -0.337576348 -0.083720490
vn 0.985651257 0.017019270 0.167934343
vn 0.944655180 -0.303840383 -0.123723933
vn 0.815951818 0.295271331 0.497028642
vn 0.772018254 0.065240646 0.632243208
vn 0.061891781 0.124593518 -0.990275650
vn 0.053697213 0.272478188 -0.960662400
vn 0.167276420 0.323228442 -0.931419333
vn 0.008371432 0.143998484 -0.989542498
vn -0.223733059 -0.167776669 -0.960101301
vn -0.086732273 -0.111877315 -0.989929785
vn 0.031777357 0.287908227 -0.957130635
vn -0.066267060 0.248880057 -0.966264661
vn -0.075371007 0.306257296 -0.948960315
vn -0.230980258 0.391098472 -0.890892870
vn 0.451006702 -0.071298245 -0.889668205
vn 0.229947593 0.119834909 -0.965796924
vn 0.023962395 0.125396936 -0.991817227
vn 0.073133528 0.100292599 -0.992266538
vn -0.247088437 -0.154397817 -0.956613098
vn -0.253628893 -0.048888470 -0.966065371
vn -0.311278012 -0.066161023 -0.948013037
vn -0.453962120 0.038424362 -0.890192093
vn -0.126954493 -0.070667996 -0.989387988
vn -0.218879583 -0.291402348 -0.931223067
vn -0.134382805 -0.199971996 -0.970542355
vn -0.043062942 -0.068996842 -0.996687022
vn 0.119157086 0.208869792 -0.970656993
vn 0.042423827 0.069313192 -0.996692480
vn 0.255849747 -0.374086904 -0.891403329
vn -0.011054918 -0.256425836 -0.966500688
vn -0.103503066 -0.076672248 -0.991669543
vn -0.059671392 -0.109782262 -0.992162880
vn 0.106118752 0.356415641 -0.928281585
vn 0.025261577 0.284679365 -0.958289889
vn -0.174367311 0.282261939 -0.943357959
vn -0.156103180 0.374487757 -0.913997110
vn -0.047125430 0.076546236 -0.995951740
vn -0.114424726 0.223733661 -0.967910239
vn -0.006083090 -0.026769226 -0.999623131
vn -0.343312135 0.282703223 -0.895664929
vn -0.241666305 -0.204738274 -0.948514437
vn -0.313120399 -0.087640439 -0.945661022
vn -0.410154408 0.177678586 -0.894541045
vn -0.374877235 0.057606192 -0.925282976
vn 0.076105901 0.306534900 -0.948812019
vn -0.060996993 0.319551093 -0.945603757
vn -0.042429077 0.300634275 -0.952795259
vn -0.087419523 0.381297059 -0.920309937
vn -0.089550840 0.007918419 -0.995950775
vn -0.251035987 0.002524380 -0.967974463
vn -0.192307302 0.222277276 -0.955829856
vn -0.284288609 0.073216423 -0.955938985
vn -0.218258506 0.310871907 -0.925052367
vn -0.340307713 0.290677966 -0.894257782
vn -0.232780136 0.238863955 -0.942739317
vn -0.325516202 0.335195029 -0.884128664
vn -0.245278551 -0.148166006 -0.958063290
vn -0.274429359 -0.252404507 -0.927890345
vn -0.289232123 -0.094408886 -0.952592117
vn -0.380651609 -0.090201165 -0.920308699
vn -0.330226959 0.032344236 -0.943347235
vn -0.405030604 -0.025621948 -0.913944050
vn -0.316516279 0.104119689 -0.942855522
vn -0.443834537 0.145932516 -0.884146257
vn 0.021735519 0.015375732 -0.999645514
vn -0.404861330 0.186591460 -0.895137381
vn 0.452979111 -0.190844543 -0.870854916
vn 0.365217767 -0.326329829 -0.871851378
vn 0.227479800 0.262279595 -0.937796542
vn 0.158059354 0.158800447 -0.974576656
vn 0.085971058 -0.008074264 -0.996264916
vn 0.219534204 -0.009190535 -0.975561514
vn -0.013182330 0.040266669 -0.999102008
vn 0.319102464 0.006631740 -0.947697018
vn -0.090409821 -0.273981896 -0.957475840
vn 0.049365473 -0.274860169 -0.960216089
vn 0.197401706 -0.238481894 -0.950872732
vn 0.109424082 -0.105414840 -0.988389641
vn 0.177506907 0.092136086 -0.979797040
vn 0.318927015 0.078153970 -0.944551490
vn 0.205550687 0.202207307 -0.957528652
vn 0.267387675 0.076923740 -0.960513701
vn -0.451831156 0.103447948 -0.886085283
vn -0.327441224 0.188583947 -0.925860864
vn 0.301183575 -0.073676626 -0.950715630
vn 0.142424170 -0.052756547 -0.988398757
vn 0.250400183 -0.082968103 -0.964580760
vn 0.184844576 -0.187737897 -0.964669355
vn 0.045673875 -0.073327205 -0.996261521
vn 0.105778893 -0.192917369 -0.975496650
vn -0.289119618 0.361995617 -0.886210483
vn -0.313338669 0.213327985 -0.925370223
vn -0.042837882 -0.006692834 -0.999059619
vn 0.131783319 -0.291012945 -0.947599400
vn -0.005433256 -0.200975267 -0.979581248
vn 0.069185794 -0.322106273 -0.944172058
vn -0.073868989 -0.212451388 -0.974375585
vn -0.136228934 -0.319316846 -0.937805113
vn 0.318796526 -0.888069113 -0.331212962
vn 0.251429305 -0.898528420 -0.359763789
vn 0.186089054 -0.251949847 -0.949680019
vn 0.250994315 -0.217181292 -0.943310204
vn -0.296815228 -0.954932470 0.002167636
vn -0.089657129 -0.954933603 -0.282954790
vn -0.805553483 -0.533031610 0.258768020
vn -0.572161706 -0.792660920 0.210522321
vn -0.352094049 0.453703078 -0.818647237
vn -0.395148777 0.394626656 -0.829534355
vn -0.216493339 -0.888068126 0.405543632
vn -0.264458152 -0.898526196 0.350303527
vn -0.002826247 -0.533028502 -0.846092565
vn 0.023416358 -0.792663176 -0.609209951
vn -0.819577591 -0.217181538 0.530211988
vn -0.845694248 -0.251949578 0.470449411
vn -0.165098050 -0.208488574 -0.963989185
vn -0.398491704 0.051141482 -0.915745003
vn -0.967826164 -0.208489023 0.140871728
vn -0.994065740 0.051143246 -0.096008708
vn -0.880994006 0.213412590 -0.422261326
vn -0.673837737 0.213411308 -0.707388378
vn -0.887380785 0.453707489 -0.081883191
vn -0.911041416 0.394627155 -0.119469434
vn -0.571712876 -0.517224673 -0.636885409
vn -0.720343426 -0.524891597 -0.453424923
vn -0.653831591 -0.524891650 -0.544970647
vn -0.782384764 -0.517222716 -0.346921811
vn -0.402622649 -0.912119275 -0.077028770
vn -0.197680236 -0.912119056 -0.359111892
vn -0.834795950 -0.536642915 0.123004488
vn -0.603891862 -0.793503732 0.075275798
vn -0.691299169 -0.483212621 -0.537225299
vn -0.663704997 -0.649245209 -0.371451659
vn -0.724555315 -0.483212309 -0.491452398
vn -0.558370908 -0.649243459 -0.516434758
vn -0.140983462 -0.536643300 -0.831948094
vn -0.115025365 -0.793503655 -0.597596114
vn -0.649619267 -0.566571532 -0.506943298
vn -0.795726138 -0.385205240 -0.467372268
vn -0.259598811 -0.299408895 -0.918130040
vn -0.490504481 -0.042545516 -0.870399468
vn -0.953414074 -0.299408918 0.036822586
vn -0.979372933 -0.042550149 -0.197530105
vn -0.896719620 0.076064534 -0.436013887
vn -0.691773981 0.076065845 -0.718096614
vn -0.682875522 -0.566571400 -0.461170109
vn -0.690391816 -0.385203153 -0.612354204
vn 0.525191823 -0.767048516 0.368524251
vn 0.482332710 -0.686379178 0.544278220
vn -0.056367581 -0.680993432 0.730116868
vn -0.199910470 -0.759813935 0.618642536
vn 0.461863014 -0.866411850 0.189771078
vn 0.318079062 -0.944736314 0.079366288
vn 0.788734919 -0.611592972 0.062058555
vn 0.713687021 -0.688157059 0.130731398
vn 0.574708546 -0.427857876 0.697601408
vn 0.631286508 -0.309142524 0.711272272
vn -0.029960061 -0.421812378 0.906188012
vn -0.063987144 -0.302091895 0.951128873
vn -0.493489033 -0.676117200 0.547114344
vn -0.593709875 -0.597653284 0.538812709
vn 0.111911984 -0.992424371 0.050690985
vn -0.074490821 -0.990571581 0.114974173
vn 0.338284477 -0.634675169 0.694802880
vn 0.150754769 -0.632798192 0.759499472
vn -0.352811656 -0.935511533 -0.018496146
vn -0.429895518 -0.896667616 -0.105721472
vn 0.249693568 -0.941512015 -0.226292392
vn 0.257287237 -0.903554057 -0.342627121
vn -0.262023953 -0.859202182 0.439448585
vn -0.218279068 -0.939401070 0.264348024
vn 0.660092708 -0.688242067 0.300999126
vn 0.595373253 -0.557174589 0.578867140
vn -0.121860553 -0.549812859 0.826350910
vn -0.346615579 -0.677972922 0.648236344
vn 0.582903671 -0.807260554 0.092486261
vn 0.355059340 -0.931641153 -0.077315113
vn 0.293971221 -0.782100646 0.549453820
vn 0.103886572 -0.906327863 0.409606378
vn 0.180935366 -0.864376840 0.469164228
vn -0.007466377 -0.948343319 0.317158010
vn 0.336066092 -0.869010225 0.363153977
vn 0.092789607 -0.884595513 0.457034864
vn 0.184524122 -0.950228910 0.251029614
vn 0.131439834 -0.863892242 0.486223986
vn 0.115726271 -0.987300646 -0.108834113
vn -0.175797992 -0.984390384 -0.008404643
vn 0.424089327 -0.493577380 0.759295471
vn 0.125476401 -0.490493738 0.862363940
vn 0.093389011 -0.780038307 0.618723470
vn 0.154629636 -0.906838797 0.392088091
vn -0.056323661 -0.865068040 0.498482629
vn 0.193013425 -0.885590781 0.422462763
vn -0.416569557 -0.797164909 0.437033079
vn -0.343958649 -0.924628625 0.163567584
vn 0.018326271 -0.997203554 0.072451494
vn 0.117705607 -0.977310673 0.176094400
vn 0.000395411 -0.976992851 0.213271689
vn 0.742182721 -0.499187541 0.447187442
vn 0.689943478 -0.602109866 0.401798092
vn 0.811384092 -0.511514947 0.282857410
vn -0.068025609 -0.996844320 0.040913546
vn -0.113709747 -0.980724139 0.158903294
vn -0.190472515 -0.980532171 0.047716684
vn -0.066936509 -0.996478401 -0.050500501
vn -0.188593341 -0.980270377 -0.059182252
vn -0.111824982 -0.980432355 -0.162011018
vn 0.022321313 -0.996507025 -0.080470536
vn -0.005007293 -0.980411675 -0.196895595
vn 0.116936911 -0.980203321 -0.159772362
vn 0.804168286 -0.407780745 0.432467608
vn 0.951809137 -0.291983050 0.093836374
vn 0.967023780 -0.212317549 0.140663666
vn -0.205951690 -0.400298402 0.892941818
vn -0.083799387 -0.421924094 0.902750088
vn -0.141344443 -0.267856508 0.953034438
vn -0.902744272 -0.423054671 0.077958479
vn -0.874907992 -0.442618822 0.196531383
vn -0.930305199 -0.331824854 0.156283409
vn -0.146454666 -0.129643628 -0.980685250
vn -0.446201023 -0.444982297 -0.776463394
vn -0.216870487 -0.067474433 -0.973865695
vn 0.693528167 -0.419321157 -0.585822882
vn 0.582828405 -0.440770577 -0.682665619
vn 0.662145176 -0.318486990 -0.678328684
vn 0.768363018 -0.362355334 0.527557470
vn 0.864013256 -0.236161788 0.444644470
vn 0.755137620 -0.263648441 0.600213857
vn -0.291027896 -0.336191965 0.895699574
vn -0.258190869 -0.038754405 0.965316306
vn -0.358517733 -0.038753864 0.932718164
vn -0.928040947 -0.372473348 0.001898588
vn -0.959942910 -0.272480893 0.065297574
vn -0.960374361 -0.271078709 -0.064787500
vn 0.767958528 -0.361546845 -0.528699894
vn 0.749514127 -0.256038241 -0.610469486
vn 0.863424096 -0.235400274 -0.446190028
vn 0.300103814 0.500675384 0.811949420
vn 0.407567639 0.538186207 0.737729101
vn 0.288873497 0.606127905 0.741054024
vn -0.655856951 0.499275840 0.566193690
vn -0.534553728 0.518437755 0.667438840
vn -0.596270653 0.601588334 0.531556944
vn -0.703265357 0.491160801 -0.513983371
vn -0.761017250 0.537604648 -0.363089503
vn -0.653760344 0.603699370 -0.456228542
vn 0.062875412 0.210193612 -0.975635858
vn -0.023189182 0.235161602 -0.971679619
vn 0.206956733 0.597564826 -0.774651657
vn 0.869120981 0.492328254 -0.047345652
vn 0.832394359 0.529444773 -0.163731069
vn 0.794047670 0.605225722 -0.056481170
vn 0.050252942 0.847265021 0.528787884
vn 0.270160462 0.847264401 0.457336156
vn 0.432377233 0.664280646 0.609738593
vn 0.008597313 0.664280118 0.747434286
vn 0.451058680 0.890795150 -0.055046058
vn 0.385893286 0.907128495 -0.167941255
vn 0.304256837 0.951848817 -0.037571367
vn 0.689616529 0.722198665 -0.053461487
vn 0.636859656 0.752147149 -0.169364830
vn 0.593621930 0.802803676 -0.055850357
vn 0.122029642 0.991819331 -0.037459065
vn 0.287811093 0.934579716 -0.209106500
vn 0.073337214 0.991819569 -0.104477728
vn 0.278967576 0.907129572 -0.315107969
vn 0.191734396 0.890796848 -0.411969533
vn 0.129753431 0.951849304 -0.277753398
vn 0.522571303 0.845545326 -0.109418168
vn 0.563349068 0.795623175 -0.222759044
vn 0.459683552 0.859691948 -0.222757236
vn 0.549116806 0.770978324 -0.322588216
vn 0.476485651 0.770978688 -0.422555661
vn 0.444004525 0.835940876 -0.322587714
vn 0.353904209 0.859692601 -0.368348261
vn 0.385938326 0.795624375 -0.466940534
vn 0.265543842 0.845546457 -0.463182099
vn 0.358334914 0.752733448 -0.552257589
vn 0.268228462 0.728958724 -0.629819555
vn 0.236887799 0.803526981 -0.546103068
vn 0.746525454 0.657164378 -0.104089996
vn 0.783017058 0.585112652 -0.211015336
vn 0.698642702 0.681913412 -0.216546699
vn 0.773850114 0.556574011 -0.302293518
vn 0.710001128 0.570430601 -0.412925331
vn 0.684996192 0.656252012 -0.316407195
vn 0.610654104 0.701014072 -0.368348797
vn 0.637517536 0.615655474 -0.463184335
vn 0.539022714 0.701013958 -0.466941051
vn 0.612475924 0.570866122 -0.546795312
vn 0.529891690 0.561605796 -0.635463395
vn 0.512844369 0.656765363 -0.552856139
vn 0.422608788 0.682838834 -0.595930314
vn 0.443952074 0.593068440 -0.671696644
vn 0.337927021 0.661621939 -0.669374140
vn 0.414694363 0.542414191 -0.730626739
vn 0.245312677 0.408787902 -0.879041604
vn 0.311477322 0.612829471 -0.726238196
vn -0.487372130 0.847267939 0.211200013
vn -0.351462072 0.847265572 0.398265568
vn -0.446278347 0.664280353 0.599639266
vn -0.708190277 0.664285141 0.239148035
vn 0.087032376 0.890796764 -0.445989339
vn -0.040478351 0.907130370 -0.418898550
vn 0.058285119 0.951849835 -0.300972982
vn 0.168775498 0.736510036 -0.655032669
vn 0.045855361 0.767833549 -0.639006203
vn 0.131703496 0.804890683 -0.578623519
vn 0.002080857 0.991819315 -0.127632743
vn -0.109936152 0.934579774 -0.338341083
vn -0.076705541 0.991819244 -0.102033564
vn -0.213480770 0.907129990 -0.362686010
vn -0.332557113 0.890797503 -0.309653961
vn -0.224065276 0.951848816 -0.209233325
vn 0.058003782 0.846448515 -0.529301873
vn -0.033780775 0.805314867 -0.591884131
vn -0.069464688 0.860554559 -0.504599355
vn -0.137663240 0.782883338 -0.606747486
vn -0.257321477 0.775885229 -0.576010216
vn -0.169911723 0.837202111 -0.519829425
vn -0.241022420 0.859659577 -0.450437127
vn -0.326841931 0.793204856 -0.513809700
vn -0.358654994 0.845200575 -0.396235515
vn -0.424070558 0.736981134 -0.526329716
vn -0.531488793 0.702120282 -0.473863665
vn -0.448757302 0.800477236 -0.397307284
vn 0.150091268 0.687661517 -0.710347977
vn 0.026048666 0.490383157 -0.871117573
vn 0.026694825 0.718965629 -0.694532800
vn -0.048082732 0.255095189 -0.965719678
vn -0.160849367 0.301052079 -0.939944215
vn -0.083230094 0.670051482 -0.737633895
vn -0.159348871 0.725879726 -0.669108781
vn -0.239310393 0.550249206 -0.799972716
vn -0.282877323 0.708092789 -0.646981470
vn -0.240317499 0.405304408 -0.882029385
vn -0.368540187 0.411657758 -0.833496263
vn -0.383180852 0.629916743 -0.675557053
vn -0.453213299 0.643416454 -0.616938387
vn -0.505779405 0.523765243 -0.685461278
vn -0.545201972 0.608032896 -0.577105542
vn -0.518974328 0.510637270 -0.685503629
vn -0.624012969 0.488279652 -0.610074418
vn -0.567948136 0.588004309 -0.575921737
vn -0.351462072 0.847265572 -0.398265568
vn -0.487372130 0.847267939 -0.211200013
vn -0.708190277 0.664285141 -0.239148035
vn -0.446278347 0.664280353 -0.599639266
vn -0.397266707 0.890796891 -0.220590261
vn -0.410906645 0.907129071 -0.090953717
vn -0.268232880 0.951848868 -0.148441417
vn -0.591457239 0.713200780 -0.376195404
vn -0.615086238 0.751441218 -0.238757230
vn -0.513543044 0.802010445 -0.305045551
vn -0.120741022 0.991819554 -0.041419542
vn -0.355755142 0.934579199 -0.000000000
vn -0.120741022 0.991819554 0.041419542
vn -0.410906645 0.907129071 0.090953717
vn -0.397266707 0.890796891 0.220590261
vn -0.268232880 0.951848868 0.148441417
vn -0.487083887 0.845545803 -0.218635730
vn -0.586691873 0.795624280 -0.150912726
vn -0.502824509 0.859692410 -0.089980405
vn -0.633857947 0.770977955 -0.061782649
vn -0.633858050 0.770977868 0.061782687
vn -0.548819045 0.835941179 -0.000000000
vn -0.502824509 0.859692410 0.089980405
vn -0.586691906 0.795624256 0.150912726
vn -0.487083887 0.845545803 0.218635730
vn -0.614856894 0.751970237 0.237679958
vn -0.589887421 0.719945094 0.365666368
vn -0.513196389 0.802603515 0.304067532
vn -0.656030900 0.657837785 -0.369963387
vn -0.753964232 0.589077986 -0.290731944
vn -0.691493770 0.682421628 -0.236932664
vn -0.802883745 0.559064041 -0.206942240
vn -0.817023930 0.570612466 -0.082905433
vn -0.740026290 0.656469411 -0.146318155
vn -0.710540890 0.701012811 -0.060931792
vn -0.788014962 0.615656089 0.000001549
vn -0.710541656 0.701011967 0.060932564
vn -0.817023309 0.570613373 0.082905313
vn -0.802883885 0.559064070 0.206941619
vn -0.740026572 0.656469413 0.146316718
vn -0.692030379 0.682270364 0.235798866
vn -0.754657882 0.588776536 0.289540450
vn -0.662627409 0.657595341 0.358459599
vn -0.763358306 0.538185629 0.357267861
vn -0.720043917 0.500673057 0.480482307
vn -0.669287383 0.606126973 0.429726066
vn 0.270160462 0.847264401 -0.457336156
vn 0.050252942 0.847265021 -0.528787884
vn 0.008597313 0.664280118 -0.747434286
vn 0.432377233 0.664280646 -0.609738593
vn -0.332557113 0.890797503 0.309653961
vn -0.213480770 0.907129990 0.362686010
vn -0.224065276 0.951848816 0.209233325
vn -0.528103172 0.717146908 0.454760764
vn -0.420704849 0.749314909 0.511404534
vn -0.448031899 0.802267700 0.394504695
vn -0.076705541 0.991819244 0.102033564
vn -0.109936152 0.934579774 0.338341083
vn 0.002080857 0.991819315 0.127632743
vn -0.040478351 0.907130370 0.418898550
vn 0.087032421 0.890796741 0.445989377
vn 0.058285119 0.951849835 0.300972982
vn -0.358411087 0.845708654 0.395371175
vn -0.324564048 0.798049533 0.507715592
vn -0.240808168 0.859978900 0.449941904
vn -0.253238659 0.779610868 0.572780128
vn -0.131804532 0.779611408 0.612236571
vn -0.169035620 0.837131521 0.520228581
vn -0.069658666 0.859978756 0.505553370
vn -0.035856916 0.798049885 0.601523617
vn 0.057564628 0.845708704 0.530530961
vn 0.039755399 0.749316665 0.661017431
vn 0.159938351 0.717148640 0.678319653
vn 0.130577579 0.802268282 0.582507596
vn -0.544641035 0.643038850 0.538393147
vn -0.511300873 0.541457535 0.667379319
vn -0.448006407 0.672563161 0.589023814
vn -0.404437251 0.384740116 0.829702087
vn -0.307838346 0.370855860 0.876185759
vn -0.384432688 0.647664384 0.657831555
vn -0.277485455 0.719387288 0.636776062
vn -0.257873063 0.551038529 0.793635951
vn -0.149805668 0.719387458 0.678262447
vn -0.265970979 0.370854634 0.889790020
vn -0.160498525 0.384739118 0.908964265
vn -0.075660728 0.647665365 0.758158974
vn 0.016216612 0.672565129 0.739860236
vn 0.021366436 0.541458076 0.840456202
vn 0.124159849 0.643040460 0.755700535
vn 0.040144411 0.518439003 0.854171778
vn 0.197792937 0.499278198 0.843563415
vn 0.169947255 0.601590190 0.780517248
vn 0.518434991 0.847265228 0.115614849
vn 0.518434991 0.847265228 -0.115614849
vn 0.713503843 0.664284916 -0.222795461
vn 0.713503843 0.664284916 0.222795461
vn 0.191734382 0.890796825 0.411969590
vn 0.278967576 0.907129572 0.315107969
vn 0.129753431 0.951849304 0.277753398
vn 0.262289780 0.719945943 0.642558877
vn 0.357721482 0.751970807 0.553692376
vn 0.236452569 0.802604231 0.547646446
vn 0.073337214 0.991819569 0.104477728
vn 0.287811093 0.934579716 0.209106500
vn 0.122029642 0.991819331 0.037459065
vn 0.385893286 0.907128495 0.167941255
vn 0.451058680 0.890795150 0.055046058
vn 0.304256837 0.951848817 0.037571367
vn 0.265543756 0.845546388 0.463182274
vn 0.385938312 0.795624374 0.466940547
vn 0.353904209 0.859692601 0.368348261
vn 0.476485651 0.770978688 0.422555661
vn 0.549116806 0.770978324 0.322588216
vn 0.444004525 0.835940876 0.322587714
vn 0.459683552 0.859691948 0.222757236
vn 0.563349068 0.795623175 0.222759044
vn 0.522571303 0.845545326 0.109418168
vn 0.636859656 0.752147149 0.169364830
vn 0.689616529 0.722198665 0.053461487
vn 0.593621930 0.802803676 0.055850357
vn 0.325373654 0.657596180 0.679484547
vn 0.440338871 0.588776921 0.677822554
vn 0.421261105 0.682272093 0.597531483
vn 0.527907568 0.559064604 0.639343701
vn 0.612256120 0.570612258 0.547306217
vn 0.512688881 0.656470352 0.553350512
vn 0.539022822 0.701013835 0.466941111
vn 0.637518226 0.615654384 0.463184835
vn 0.610654194 0.701013949 0.368348882
vn 0.710001039 0.570429906 0.412926443
vn 0.773850710 0.556573271 0.302293357
vn 0.684996235 0.656251912 0.316407311
vn 0.698642736 0.681913372 0.216546717
vn 0.783017273 0.585112273 0.211015588
vn 0.746525459 0.657164370 0.104090010
vn 0.832393931 0.529445242 0.163731729
vn 0.869120769 0.492328773 0.047344144
vn 0.794047565 0.605225871 0.056481057
vn 0.955915539 0.245042818 -0.161800802
vn 0.885657589 0.419763322 -0.198517979
vn 0.913664101 0.398444626 -0.080372817
vn 0.985944409 -0.146277886 -0.080724241
vn 0.913885073 0.215886000 -0.343812898
vn 0.997171736 -0.045618553 -0.059728362
vn 0.966619780 -0.203782710 -0.155302312
vn 0.854925085 -0.052510755 -0.516086931
vn 0.987331722 -0.137829555 -0.078607150
vn 0.953220007 0.245272871 -0.176671550
vn 0.888090030 0.314305861 -0.335422009
vn 0.879929522 0.397811545 -0.259749899
vn 0.830279844 0.370665562 -0.416224005
vn 0.757695726 0.475580496 -0.446900860
vn 0.821235100 0.463774381 -0.332394697
vn 0.954500998 -0.008563697 -0.298084733
vn 0.837817980 0.067661793 -0.541740633
vn 0.865447151 0.185610964 -0.465349114
vn 0.781938305 0.110931784 -0.613405760
vn 0.741256316 0.209374415 -0.637731470
vn 0.814657108 0.228893694 -0.532861589
vn 0.797348828 0.324462012 -0.508880389
vn 0.726165863 0.318245600 -0.609428320
vn 0.730241396 0.429419170 -0.531363039
vn 0.661349149 0.364034795 -0.655817026
vn 0.577326114 0.469564090 -0.667985122
vn 0.660520742 0.475335798 -0.581178311
vn 0.862040086 -0.221037564 -0.456102275
vn 0.753375451 -0.189305748 -0.629752938
vn 0.794780550 -0.090545501 -0.600104483
vn 0.675624678 -0.126531638 -0.726306436
vn 0.607288511 -0.016738760 -0.794305029
vn 0.715257622 -0.023298440 -0.698472417
vn 0.712986236 0.045175660 -0.699721221
vn 0.610586416 0.025589368 -0.791536109
vn 0.677097226 0.135975133 -0.723222034
vn 0.424698481 0.054081673 -0.903718082
vn 0.321115051 0.152031999 -0.934757399
vn 0.621418875 0.172787798 -0.764187777
vn 0.611905568 0.303845633 -0.730239281
vn 0.442162957 0.256811150 -0.859383472
vn 0.532283345 0.412661804 -0.739178379
vn 0.224844692 0.180669198 -0.957498567
vn 0.125726351 0.233842300 -0.964111333
vn 0.447016948 0.431937888 -0.783329758
vn 0.210235980 -0.124292697 -0.969717566
vn 0.201532666 -0.136305681 -0.969951208
vn 0.482474997 -0.406759251 -0.775734999
vn 0.575269100 -0.261255652 -0.775119957
vn -0.526592132 0.256286077 -0.810566576
vn -0.638744580 0.399066264 -0.657838489
vn -0.461867538 0.362062473 -0.809684595
vn -0.832323877 0.314959337 -0.456111368
vn -0.821147465 0.440367994 -0.363032878
vn -0.753351134 0.410503760 -0.513759411
vn -0.947021874 0.100219253 -0.305132221
vn -0.947186344 0.214059976 -0.238780981
vn -0.902308575 0.210133756 -0.376408078
vn -0.976329094 -0.148528547 -0.157228402
vn -0.995189941 -0.035552999 -0.091285083
vn -0.974053689 -0.042287876 -0.222331163
vn -0.881769500 0.292584599 -0.369968649
vn -0.919619761 0.313310895 -0.236929900
vn -0.864067730 0.410946568 -0.290705825
vn -0.918110832 0.368325066 -0.146318646
vn -0.875751997 0.475589097 -0.082906279
vn -0.859099499 0.468105905 -0.206941809
vn -0.974005563 0.057083588 -0.219213658
vn -0.993797437 0.065231560 -0.090063852
vn -0.974001526 0.168905517 -0.150970045
vn -0.993127243 0.117039647 -0.000000244
vn -0.973051789 0.222155282 0.061783871
vn -0.973051853 0.222154907 -0.061784208
vn -0.944765925 0.322031838 -0.060933097
vn -0.944765946 0.322031805 0.060932942
vn -0.903066980 0.429499744 0.000000075
vn -0.918110834 0.368325322 0.146317988
vn -0.859098860 0.468107491 0.206940873
vn -0.875751458 0.475590014 0.082906715
vn -0.979291306 -0.191419911 -0.065931452
vn -0.979337697 -0.191358817 0.065417721
vn -0.996251047 -0.086509244 -0.000044600
vn -0.976752237 -0.147930540 0.155150321
vn -0.974443544 -0.041162644 0.220828929
vn -0.995220987 -0.035426372 0.090995384
vn -0.993801901 0.065280283 0.089979255
vn -0.974108692 0.057527804 0.218638533
vn -0.974003124 0.168946985 0.150913322
vn -0.947377468 0.100086461 0.304070112
vn -0.907741880 0.205646622 0.365669450
vn -0.947553639 0.213659541 0.237679829
vn -0.919724514 0.313857007 0.235797791
vn -0.884503583 0.298592643 0.358463172
vn -0.864106734 0.411685797 0.289541632
vn -0.841448701 0.327566008 0.429726184
vn -0.769825734 0.420125214 0.480482199
vn -0.822748577 0.442090943 0.357267934
vn -0.502026235 0.248264649 0.828452970
vn -0.446567430 0.337998457 0.828453121
vn -0.664455841 0.410656449 0.624387472
vn -0.521518457 0.591449563 0.614984482
vn -0.631105132 0.531559216 0.564934609
vn -0.686924702 0.538825538 0.487648945
vn -0.509988710 0.717390291 0.474618463
vn -0.166626916 -0.397382953 0.902398060
vn -0.066504555 -0.318560126 0.945566809
vn 0.068882241 -0.440329590 0.895189974
vn -0.176676348 -0.481660370 0.858364000
vn -0.757685869 0.326749494 0.564930873
vn -0.762248940 0.201945732 0.614975183
vn -0.869726929 0.135312782 0.474621448
vn -0.789145532 0.373425120 0.487650499
vn 0.141034424 -0.151210246 0.978388856
vn 0.198322512 -0.058516261 0.978388485
vn 0.389346611 -0.094143375 0.916267560
vn 0.258332462 -0.306134417 0.916267460
vn 0.255193165 0.201954624 0.945563736
vn 0.280918688 0.326757923 0.902393457
vn 0.351789956 0.373435418 0.858364617
vn 0.424645104 0.135320761 0.895189827
vn -0.735533922 -0.058525037 0.674955310
vn -0.689184622 -0.151219413 0.708630542
vn -0.747560771 -0.306140315 0.589432779
vn -0.853556247 -0.094152320 0.512422748
vn -0.501986953 -0.318568061 0.804066844
vn -0.395610533 -0.397386470 0.827995350
vn -0.361596747 -0.481659635 0.798280520
vn -0.581900881 -0.440331715 0.683739238
vn 0.178511491 0.531568309 0.827990809
vn 0.060434812 0.591458854 0.804067197
vn 0.133604956 0.717394453 0.683735998
vn 0.269090172 0.538830505 0.798280757
vn -0.172967119 0.684044713 0.708636159
vn -0.276601926 0.684041936 0.674965187
vn -0.297519431 0.805549201 0.512418454
vn -0.060505882 0.805551570 0.589428287
vn -0.080815431 0.248264263 0.965315349
vn 0.170543160 0.410661264 0.895696576
vn -0.125682694 0.337999091 0.932716717
vn 0.428156372 0.327568597 0.842247550
vn 0.455616130 0.442093114 0.772636798
vn 0.340377273 0.420128905 0.841210446
vn 0.587715206 0.100086465 0.802853371
vn 0.626880715 0.213661267 0.749245909
vn 0.519441263 0.205648998 0.829390899
vn 0.703703202 -0.151637167 0.694123889
vn 0.751623915 -0.041189671 0.658304566
vn 0.658858319 -0.041952958 0.751096309
vn 0.504877096 0.298595233 0.809901232
vn 0.605472127 0.313857664 0.731366440
vn 0.528886047 0.411685774 0.742155221
vn 0.656763797 0.368324831 0.658025937
vn 0.659768133 0.475589982 0.581824871
vn 0.573386656 0.468107643 0.672386033
vn 0.659304215 0.057638176 0.749663787
vn 0.748300531 0.066601566 0.660007990
vn 0.698897898 0.169210253 0.694916987
vn 0.795226523 0.122152201 0.593880137
vn 0.815969878 0.230765144 0.530038306
vn 0.749509883 0.223187155 0.623235452
vn 0.728132937 0.322293609 0.604937399
vn 0.797617665 0.324830072 0.508223853
vn 0.730360785 0.429702776 0.530969536
vn 0.830281191 0.370664391 0.416222359
vn 0.821236360 0.463772440 0.332394290
vn 0.757695845 0.475580043 0.446901140
vn 0.765727433 -0.200156218 0.611227443
vn 0.863813650 -0.222865550 0.451837276
vn 0.808831768 -0.100694743 0.579354589
vn 0.966847982 -0.204400608 0.153053493
vn 0.987445125 -0.138422193 0.076101396
vn 0.861831351 -0.056672356 0.504018816
vn 0.844183194 0.072325484 0.531153235
vn 0.955020525 -0.008155242 0.296427545
vn 0.865922238 0.186160107 0.464244646
vn 0.985944450 -0.146279077 0.080721578
vn 0.997171908 -0.045616214 0.059727276
vn 0.913885218 0.215892021 0.343808732
vn 0.888090638 0.314306706 0.335419607
vn 0.953219429 0.245276135 0.176670141
vn 0.879930453 0.397810052 0.259749033
vn 0.955915566 0.245043410 0.161799745
vn 0.913663946 0.398445422 0.080370638
vn 0.885658061 0.419761665 0.198519377
vn -0.263717804 -0.528722442 -0.806787146
vn -0.351827617 -0.478896374 -0.804285764
vn -0.368856573 -0.440968887 -0.818224461
vn -0.198675968 -0.455230291 -0.867924675
vn -0.162486840 0.409498204 -0.897724483
vn -0.141305357 0.509819374 -0.848597079
vn -0.127168184 0.608183039 -0.783544283
vn -0.300301911 0.603483650 -0.738665179
vn 0.600471814 -0.184827051 -0.777992649
vn 0.349628301 -0.163159309 -0.922571998
vn 0.426288155 -0.052581466 -0.903057915
vn 0.452062218 0.326253542 -0.830179726
vn 0.442275256 0.233079166 -0.866063912
vn 0.436277399 0.190089928 -0.879504321
vn 0.352066580 0.302070975 -0.885890653
vn -0.404415600 0.145137221 -0.902985719
vn -0.422575932 0.179619173 -0.888350457
vn -0.584823770 0.299452307 -0.753863034
vn -0.663387937 0.153863309 -0.732285823
vn 0.020715915 0.553554589 -0.832555204
vn 0.115119568 0.580697991 -0.805938787
vn 0.130233307 0.578014263 -0.805567376
vn -0.024900569 0.588314233 -0.808248925
vn 0.415355397 0.066659347 -0.907213550
vn 0.299023876 0.033722679 -0.953649570
vn 0.610542160 -0.096664879 -0.786062448
vn 0.531724294 0.100930229 -0.840881897
vn -0.018373718 -0.511710410 -0.858961503
vn -0.096076030 -0.556332094 -0.825387181
vn -0.120728144 -0.449483844 -0.885092644
vn 0.016542716 -0.476413045 -0.879065953
vn -0.345967792 0.302771576 -0.888051609
vn -0.306083931 0.300058494 -0.903480784
vn -0.425772392 0.531269132 -0.732441792
vn -0.523786559 0.397353377 -0.753497136
vn 0.595560707 -0.284030377 -0.751421446
vn 0.520299841 -0.403462059 -0.752666222
vn 0.447322523 -0.278392495 -0.849941280
vn 0.427408873 -0.457364089 -0.779833152
vn 0.234185431 -0.362654575 -0.902019314
vn 0.297714149 -0.243626392 -0.923045214
vn 0.098692885 -0.286291451 -0.953046127
vn 0.117994855 -0.408444911 -0.905124283
vn 0.136882744 -0.522250989 -0.841734530
vn 0.348716405 -0.508399705 -0.787354182
vn -0.522566941 -0.094480173 -0.847347207
vn -0.439541840 -0.031798185 -0.897659092
vn -0.675249534 0.009487565 -0.737528341
vn -0.605132137 -0.149431043 -0.781975358
vn -0.474100939 -0.353004975 -0.806607580
vn -0.490800424 -0.258765072 -0.831958882
vn -0.542067186 -0.232857124 -0.807428465
vn -0.465932987 -0.367767400 -0.804769278
vn 0.284827971 0.529911929 -0.798790570
vn 0.363451748 0.470844889 -0.803870585
vn 0.323584622 0.374589588 -0.868893338
vn 0.238056718 0.522013022 -0.819042981
vn -0.687479514 0.237996144 -0.686097481
vn -0.779560144 0.245189174 -0.576340395
vn -0.714739408 0.342713718 -0.609667848
vn -0.471764627 0.036545448 -0.880966836
vn -0.735052821 0.068111721 -0.674579975
vn -0.535056007 0.150986500 -0.831214861
vn -0.267268683 -0.072416990 -0.960897097
vn -0.636540697 -0.218865266 -0.739536298
vn -0.356454341 0.004151196 -0.934303521
vn -0.694573124 0.220515412 -0.684792763
vn -0.777005380 0.121384955 -0.617679798
vn -0.787079908 0.216345800 -0.577667477
vn -0.848432882 0.051992262 -0.526743249
vn -0.916627063 0.043090200 -0.397414219
vn -0.865268558 0.161862283 -0.474458559
vn -0.601567975 -0.031216629 -0.798211434
vn -0.719068503 -0.174823173 -0.672590029
vn -0.759234965 -0.057493673 -0.648272123
vn -0.760988446 -0.227018141 -0.607749413
vn -0.825595998 -0.222376749 -0.518594090
vn -0.809626653 -0.110202219 -0.576506855
vn -0.856078337 -0.058509677 -0.513523610
vn -0.878327017 -0.164091551 -0.449016273
vn -0.916374581 -0.057590199 -0.396157793
vn -0.907574623 -0.212213010 -0.362317460
vn -0.947441913 -0.205134934 -0.245506579
vn -0.944328850 -0.101625109 -0.312914301
vn -0.435470520 -0.234414184 -0.869146372
vn -0.560330538 -0.446755174 -0.697452151
vn -0.636832133 -0.356009140 -0.683887657
vn -0.691269443 -0.624616712 -0.363318759
vn -0.750718824 -0.552215104 -0.362601332
vn -0.522136727 -0.431237785 -0.735803786
vn -0.619058260 -0.328131916 -0.713509857
vn -0.586460531 -0.557572904 -0.587517235
vn -0.559677332 -0.625144603 -0.544017931
vn -0.870109122 -0.327946049 -0.367915079
vn -0.864130476 -0.429444421 -0.262404286
vn -0.783374936 -0.486903263 -0.386327480
vn -0.797638124 -0.411884795 -0.440595437
vn -0.444954900 -0.676333689 -0.587016079
vn -0.451851135 -0.571805796 -0.684739866
vn -0.880223272 -0.319044936 -0.351308014
vn -0.866245752 -0.412214603 -0.282307311
vn -0.924503109 -0.297798899 -0.237928178
vn -0.876163381 -0.440238676 -0.196284583
vn -0.904192806 -0.420980150 -0.072187830
vn -0.931438450 -0.328677995 -0.156183192
vn -0.804735686 0.264287014 0.531557006
vn -0.702762532 0.246270247 0.667439727
vn -0.739871329 0.363336786 0.566195016
vn -0.917934984 0.041950622 0.394506668
vn -0.858351697 0.041188776 0.511405758
vn -0.877608981 0.151637294 0.454762145
vn -0.948644964 -0.204144588 0.241656200
vn -0.906179745 -0.213508186 0.365037702
vn -0.945079824 -0.099889765 0.311201159
vn -0.818721825 0.199570076 0.538392383
vn -0.801913360 0.099931040 0.589023557
vn -0.712951688 0.215177898 0.667381722
vn -0.751208324 0.054199246 0.657836223
vn -0.469363410 0.109487110 0.876190939
vn -0.524983367 0.189681409 0.829706832
vn -0.916709880 -0.057638265 0.395374287
vn -0.876878720 -0.169208510 0.449946875
vn -0.858945265 -0.066600711 0.507717812
vn -0.824344658 -0.223187008 0.520234028
vn -0.756245902 -0.230766009 0.612241117
vn -0.810554049 -0.122152407 0.572783487
vn -0.767531083 -0.073532417 0.636780198
vn -0.710431139 -0.187734062 0.678265080
vn -0.608181775 -0.015782606 0.793640875
vn -0.613119250 -0.221975572 0.758163327
vn -0.415888926 -0.028507090 0.908968507
vn -0.450640077 0.072043511 0.889793939
vn -0.924718346 -0.300593211 0.233537366
vn -0.869050566 -0.411928405 0.273981938
vn -0.882478485 -0.314038516 0.350159299
vn -0.816663568 -0.468106807 0.337545009
vn -0.757228913 -0.475589969 0.447681310
vn -0.828771263 -0.368325149 0.421277555
vn -0.800335358 -0.322295125 0.505558273
vn -0.730677298 -0.429703475 0.530533326
vn -0.729828121 -0.324832187 0.601527193
vn -0.659169407 -0.475582828 0.582508941
vn -0.569900527 -0.463776617 0.678324877
vn -0.652423150 -0.370666517 0.661022213
vn -0.594299694 -0.315290313 0.739864780
vn -0.519615515 -0.398632311 0.755706291
vn -0.474726989 -0.261263227 0.840461666
vn -0.462067422 -0.421046229 0.780521474
vn -0.358104260 -0.400195980 0.843566545
vn -0.445744656 -0.267763440 0.854174714
vn 0.176230601 0.246270613 0.953044364
vn 0.338599601 0.264288307 0.903051494
vn 0.265762882 0.363340374 0.892946730
vn -0.135289619 0.109488342 0.984738047
vn 0.221073929 0.054203345 0.973749616
vn -0.062969632 0.189678693 0.979824892
vn -0.197812065 -0.028512239 0.979825209
vn 0.050388504 -0.221974895 0.973749529
vn -0.158428275 0.072036102 0.984739195
vn 0.184509184 0.215175755 0.958986838
vn 0.302536457 0.099930363 0.947884811
vn 0.345896228 0.199570689 0.916802781
vn 0.393820045 0.041189088 0.918264249
vn 0.510738352 0.041951812 0.858712048
vn 0.442694668 0.151637881 0.883757537
vn 0.025539690 -0.015786993 0.999549146
vn 0.176075259 -0.187732816 0.966309419
vn 0.246655748 -0.073531951 0.966309471
vn 0.251951542 -0.230767012 0.939822859
vn 0.361121993 -0.223187424 0.905416081
vn 0.319078571 -0.122152036 0.939823252
vn 0.396468485 -0.066602017 0.915629243
vn 0.444936165 -0.169208902 0.879431723
vn 0.509238365 -0.057638516 0.858693245
vn 0.518863772 -0.213661257 0.827725349
vn 0.628283264 -0.205648216 0.750312569
vn 0.581948269 -0.100086952 0.807043254
vn -0.109947170 -0.261375142 0.958954981
vn -0.023885796 -0.399666114 0.916349533
vn 0.045903866 -0.315364844 0.947859615
vn 0.062233113 -0.465636504 0.882785187
vn 0.191314184 -0.476591596 0.858055554
vn 0.139311439 -0.370847898 0.918185253
vn 0.236874308 -0.324912708 0.915599418
vn 0.279282813 -0.430464640 0.858313057
vn 0.350319643 -0.322361821 0.879408326
vn 0.349677205 -0.477641790 0.805967848
vn 0.461718397 -0.470662351 0.751859743
vn 0.422879549 -0.368638437 0.827815553
vn 0.508465225 -0.313969798 0.801801772
vn 0.542108106 -0.412839033 0.731903500
vn 0.614229425 -0.298699278 0.730411497
vn 0.593029914 -0.442910304 0.672418013
vn 0.694764674 -0.420200178 0.583724128
vn 0.668643036 -0.327638020 0.667510164
vn 0.997513722 -0.052665665 0.046826298
vn 0.997513660 -0.052665543 -0.046827753
vn 0.944686337 0.327975189 -0.000003252
vn 0.588898425 -0.705683531 -0.393966241
vn 0.579156614 -0.606919026 -0.544267317
vn 0.527218950 -0.596263883 -0.605400331
vn 0.452719125 -0.796818783 -0.400156495
vn 0.688851394 -0.182301567 0.701605228
vn 0.627911127 -0.351633158 0.694321063
vn 0.565840630 -0.394044607 0.724260471
vn 0.584048736 -0.109175263 0.804343108
vn 0.804757977 0.574328412 0.150038238
vn 0.816862544 0.487958343 0.307623534
vn 0.714070804 0.571620827 0.404168920
vn 0.762546886 0.635922844 0.118846043
vn 0.775588327 0.278159587 0.566648032
vn 0.749825568 0.143268731 0.645937836
vn 0.621426131 0.160607525 0.766834263
vn 0.668816029 0.408737386 0.620982181
vn 0.565716781 -0.820778299 0.079293802
vn 0.565716969 -0.820779623 -0.079278756
vn 0.419651288 -0.895892897 -0.145837971
vn 0.419651783 -0.895889768 0.145855767
vn 0.627909476 -0.351647177 -0.694315456
vn 0.688848086 -0.182316502 -0.701604595
vn 0.584045601 -0.109193468 -0.804342913
vn 0.565837033 -0.394061013 -0.724254354
vn 0.749824097 0.143255889 -0.645942392
vn 0.775585668 0.278147855 -0.566657430
vn 0.668810985 0.408723416 -0.620996807
vn 0.621423667 0.160590422 -0.766839842
vn 0.579160622 -0.606906157 0.544277403
vn 0.588899407 -0.705676200 0.393977905
vn 0.452721269 -0.796809035 0.400173480
vn 0.527223009 -0.596249082 0.605411374
vn 0.816861581 0.487950711 -0.307638198
vn 0.804756788 0.574326059 -0.150053625
vn 0.762545863 0.635920995 -0.118862501
vn 0.714066503 0.571613333 -0.404187118
vn 0.951808892 -0.291984171 -0.093835376
vn 0.804167779 -0.407784357 -0.432465145
vn 0.967023820 -0.212318776 -0.140661539
vn 0.614611489 -0.605987962 -0.505006245
vn 0.566563560 -0.536180371 -0.625712668
vn 0.678596721 -0.500613407 -0.537487402
vn 0.447096760 -0.802472660 -0.395148221
vn 0.408545417 -0.749265327 -0.521240934
vn 0.529244320 -0.719897199 -0.449052863
vn 0.242047826 -0.939307383 -0.243134714
vn 0.214316279 -0.905939306 -0.365160932
vn 0.333355729 -0.889918509 -0.311318174
vn 0.543257927 -0.656915226 -0.522812788
vn 0.421482560 -0.674799314 -0.605803877
vn 0.492272396 -0.582652962 -0.646671025
vn 0.334530426 -0.632527041 -0.698569206
vn 0.284163729 -0.537442555 -0.793981407
vn 0.407932278 -0.546278408 -0.731553933
vn 0.358675510 -0.844966383 -0.396716133
vn 0.241318340 -0.859063047 -0.451415708
vn 0.326604405 -0.788499395 -0.521150906
vn 0.170664974 -0.834051539 -0.524625101
vn 0.145008798 -0.758309916 -0.635561578
vn 0.258711273 -0.754787594 -0.602796952
vn 0.280656964 -0.660541429 -0.696359598
vn 0.179416187 -0.668433086 -0.721808175
vn 0.248348485 -0.558463867 -0.791480347
vn 0.116762357 -0.633276005 -0.765067352
vn 0.002271430 -0.354843123 -0.934923098
vn 0.135377648 -0.402616293 -0.905302719
vn 0.143746523 -0.961327884 -0.234916232
vn 0.020098879 -0.961492483 -0.274095314
vn 0.113687203 -0.929723955 -0.350269307
vn -0.053478420 -0.939784599 -0.337557353
vn -0.087100610 -0.889816814 -0.447928031
vn 0.041164353 -0.905985403 -0.421302677
vn 0.069934474 -0.859338069 -0.506603644
vn -0.057982071 -0.845397087 -0.530981962
vn 0.040099834 -0.792564761 -0.608467832
vn -0.131789188 -0.803417605 -0.580647709
vn -0.164570646 -0.727259022 -0.666341367
vn -0.031274667 -0.754724989 -0.655295419
vn -0.000749947 -0.683452737 -0.729994380
vn -0.134079903 -0.661741873 -0.737645086
vn -0.035704450 -0.509356113 -0.859814830
vn -0.190846386 -0.591972490 -0.783036544
vn -0.152410896 -0.214648390 -0.964726380
vn -0.064237678 -0.278562784 -0.958267340
vn -0.299664518 -0.614679899 -0.729636758
vn -0.410002031 -0.553936294 -0.724605352
vn -0.249941288 -0.397090019 -0.883090522
vn -0.239155912 -0.802712466 -0.546312316
vn -0.355204943 -0.752611942 -0.554440902
vn -0.268942227 -0.726027061 -0.632893977
vn -0.155081531 -0.939797092 -0.304517889
vn -0.279877600 -0.906368449 -0.316488173
vn -0.193273720 -0.889778476 -0.413448345
vn -0.333951020 -0.665334653 -0.667687439
vn -0.426432307 -0.680009247 -0.596441877
vn -0.447954550 -0.600017033 -0.662809385
vn -0.778580675 -0.375160162 -0.503057637
vn -0.725327258 -0.389688826 -0.567488315
vn -0.575473075 -0.749772964 -0.326605637
vn -0.495120110 -0.745101973 -0.446854703
vn -0.265769261 -0.845296555 -0.463508829
vn -0.350813112 -0.861248032 -0.367671033
vn -0.381389458 -0.798142151 -0.466380948
vn -0.440385915 -0.838860747 -0.319957642
vn -0.550039068 -0.770799818 -0.321441542
vn -0.475681213 -0.770799896 -0.423786389
vn -0.681550417 -0.440452546 -0.584371957
vn -0.628645585 -0.507577766 -0.589210947
vn -0.794302532 -0.573372068 -0.200818226
vn -0.694358552 -0.683625867 -0.224770716
vn -0.576901071 -0.660962179 -0.479910567
vn -0.634694600 -0.660962275 -0.400364379
vn -0.737497608 -0.260489887 -0.623090922
vn -0.820494226 -0.260490820 -0.508855340
vn -0.177318203 -0.961527763 -0.209815673
vn -0.254304926 -0.961400190 -0.105065116
vn -0.297125770 -0.930091683 -0.215976243
vn -0.338667206 -0.939337552 -0.054309182
vn -0.453068500 -0.889706571 -0.056135128
vn -0.387574661 -0.906315937 -0.168455643
vn -0.458084173 -0.861247348 -0.220027036
vn -0.522951742 -0.845295663 -0.109529527
vn -0.561411389 -0.798140901 -0.218605478
vn -0.593947707 -0.802384956 -0.058348122
vn -0.688552004 -0.722910552 -0.057414911
vn -0.637526413 -0.752307074 -0.166114837
vn -0.700267386 -0.678953612 -0.220561964
vn -0.742956130 -0.660888823 -0.106029017
vn -0.776904052 -0.590896233 -0.217397647
vn -0.791217935 -0.609118391 -0.054304380
vn -0.862698845 -0.503967620 -0.042039750
vn -0.826125957 -0.540313332 -0.159929380
vn -0.792030660 -0.607765397 0.057520919
vn -0.826964132 -0.538437759 0.161910790
vn -0.862293340 -0.503967745 0.049665962
vn -0.593791662 -0.802808603 0.053942648
vn -0.636854959 -0.752220546 0.169056236
vn -0.689233142 -0.722717209 0.051356707
vn -0.340778486 -0.938732513 0.051490703
vn -0.391536357 -0.904447433 0.169334351
vn -0.453366930 -0.889596346 0.055468620
vn -0.746159262 -0.657681442 0.103447940
vn -0.698389824 -0.682231327 0.216360971
vn -0.780672549 -0.588687867 0.209754538
vn -0.684699056 -0.656468329 0.316601541
vn -0.709718295 -0.570610830 0.413162465
vn -0.771185569 -0.559062507 0.304502761
vn -0.522705505 -0.845556751 0.108686413
vn -0.460106651 -0.859450793 0.222814280
vn -0.563384413 -0.795625641 0.222660825
vn -0.443009014 -0.835621604 0.324776152
vn -0.475052628 -0.771442097 0.423322680
vn -0.548944842 -0.771002301 0.322823500
vn -0.610589174 -0.701046243 0.368395205
vn -0.538595150 -0.701210002 0.467140020
vn -0.637485807 -0.615674278 0.463203011
vn -0.512537488 -0.656326069 0.553661823
vn -0.526644945 -0.556548387 0.642572171
vn -0.612113373 -0.570440613 0.547644708
vn -0.262881470 -0.959809466 0.098280834
vn -0.183227725 -0.960048653 0.211504573
vn -0.307924470 -0.926314813 0.217079220
vn -0.146828857 -0.935056517 0.322661738
vn -0.182877948 -0.887261151 0.423465826
vn -0.286531070 -0.900091256 0.328231134
vn -0.351636689 -0.858370847 0.373565426
vn -0.263641534 -0.844420055 0.466313105
vn -0.383379193 -0.796213801 0.468042710
vn -0.232962772 -0.801804265 0.550307430
vn -0.261381800 -0.719621917 0.643291421
vn -0.357597655 -0.751931002 0.553826404
vn -0.421926060 -0.681642774 0.597780502
vn -0.328514101 -0.656230262 0.679293993
vn -0.442564037 -0.585018425 0.679625275
vn -0.298136679 -0.605995651 0.737484774
vn -0.313537776 -0.492412943 0.811925832
vn -0.412870154 -0.529541188 0.741029261
vn 0.811439066 -0.511437501 -0.282839751
vn 0.690632340 -0.601391033 -0.401691170
vn 0.742247441 -0.499094477 -0.447183898
vn 0.961213422 -0.275767029 0.004615534
vn 0.750114726 -0.641608767 -0.160206392
vn 0.947436986 -0.306027477 -0.093329206
vn 0.947429517 -0.306048121 0.093337331
vn 0.749987360 -0.641744656 0.160258408
vn 0.961203008 -0.275803525 -0.004603551
vn 0.806404743 -0.523447992 -0.275161027
vn 0.699843689 -0.671355976 -0.243926144
vn 0.681326721 -0.642076133 -0.351471390
vn 0.616381389 -0.749315290 -0.242075567
vn 0.513648540 -0.802267523 -0.304190729
vn 0.595698845 -0.717146497 -0.361723358
vn 0.858686797 -0.512500716 0.000025140
vn 0.693215425 -0.717599338 0.067108604
vn 0.693325286 -0.717514254 -0.066883051
vn 0.622751877 -0.779771544 0.064315153
vn 0.547296655 -0.836938525 0.000525143
vn 0.623006428 -0.779613842 -0.063759300
vn 0.583181906 -0.798030573 -0.151809318
vn 0.502658423 -0.859742901 -0.090424857
vn 0.486803311 -0.845676566 -0.218754846
vn 0.414855922 -0.905125102 -0.092968345
vn 0.305686628 -0.938882338 -0.158289735
vn 0.399130149 -0.889822731 -0.221157483
vn 0.806349737 -0.523492069 0.275238362
vn 0.680835343 -0.642201959 0.352192958
vn 0.699636914 -0.671533871 0.244029604
vn 0.594828578 -0.717043239 0.363356515
vn 0.512485976 -0.802365659 0.305888009
vn 0.616127046 -0.749444923 0.242321625
vn 0.582755704 -0.798238808 0.152350239
vn 0.486172229 -0.845848739 0.219491399
vn 0.502997915 -0.859486847 0.090969544
vn 0.390198797 -0.891282655 0.230998111
vn 0.301756333 -0.938097128 0.170049679
vn 0.417418175 -0.904025197 0.092198207
vn 0.372771965 -0.927909905 -0.004926602
vn 0.269401811 -0.960972895 0.062878923
vn 0.269865398 -0.960006479 -0.074566930
vn 0.181984874 -0.981336451 0.062131114
vn 0.073580772 -0.997255257 -0.008235417
vn 0.180950916 -0.980637474 -0.074879301
vn -0.187519636 -0.607361566 0.771976887
vn -0.098443270 -0.532109345 0.840933153
vn -0.222994963 -0.492712686 0.841134624
vn -0.108045582 -0.804905249 0.583484098
vn -0.019295857 -0.754972136 0.655472916
vn -0.149182676 -0.718915037 0.678900360
vn 0.290855396 -0.863544085 0.411940227
vn 0.267279021 -0.827433584 0.493878111
vn 0.017681082 -0.921248284 0.388573003
vn 0.003887004 -0.894847147 0.446355771
vn -0.121451098 -0.660609563 0.740840493
vn -0.004085220 -0.683189233 0.730229952
vn -0.035547714 -0.590654910 0.806140892
vn 0.090430371 -0.658526517 0.747104528
vn 0.173956801 -0.572794267 0.801027939
vn 0.048528716 -0.561536727 0.826027522
vn 0.224040647 -0.810828262 0.540706314
vn 0.141559299 -0.810209381 0.568789701
vn 0.132943969 -0.940600574 0.312404325
vn 0.071258256 -0.939978898 0.333709353
vn 0.061921428 -0.936525329 0.345088460
vn 0.148155472 -0.937163473 0.315871146
vn 0.151207735 -0.811469858 0.564493481
vn 0.214504885 -0.812117604 0.542634916
vn 0.165080767 -0.710967158 0.683574459
vn 0.276021089 -0.710368634 0.647447884
vn 0.247179384 -0.618680290 0.745745969
vn 0.367909833 -0.659336886 0.655680734
vn 0.442728704 -0.564940588 0.696299811
vn 0.332186462 -0.575164365 0.747554752
vn -0.014210805 -0.890777604 0.454217252
vn 0.011569184 -0.924934406 0.379950652
vn 0.266660489 -0.833161510 0.484493635
vn 0.279080440 -0.860740199 0.425723407
vn 0.209456199 -0.926568340 0.312408727
vn 0.275708733 -0.893170310 0.355290715
vn 0.027424261 -0.858239767 0.512515767
vn 0.073961829 -0.831271074 0.550924722
vn 0.078399488 -0.825797880 0.558490270
vn 0.009282012 -0.861249633 0.508097346
vn 0.256247251 -0.897346153 0.359314944
vn 0.209256430 -0.923135642 0.322540435
vn 0.432838711 -0.807330241 0.401084195
vn 0.525553455 -0.720259481 0.452791173
vn 0.402905190 -0.758690377 0.511914367
vn 0.434552188 -0.684358869 0.585506050
vn 0.540020813 -0.660739635 0.521345045
vn 0.502878089 -0.593673888 0.628223640
vn 0.613256005 -0.607878820 0.504381217
vn 0.679164556 -0.500982811 0.536424952
vn 0.573161870 -0.540345206 0.616045883
vn -0.218972452 0.974290897 0.052993524
vn -0.118063852 0.974289840 0.191885994
vn 0.026552875 0.999461244 -0.019291633
vn -0.017267242 0.974289000 0.224639238
vn 0.146010005 0.974289077 0.171586342
vn -0.010141984 0.999461271 -0.031213907
vn 0.208306841 0.974289347 0.085840135
vn 0.208306841 0.974289347 -0.085840135
vn -0.032820107 0.999461275 0.000000000
vn 0.146010005 0.974289077 -0.171586342
vn -0.017267242 0.974289000 -0.224639238
vn -0.010141984 0.999461271 0.031213907
vn -0.118063852 0.974289840 -0.191885994
vn -0.218972452 0.974290897 -0.052993524
vn 0.026552875 0.999461244 0.019291633
vn -0.280374807 0.219279621 0.934508649
vn -0.466929556 0.182618922 0.865232408
vn -0.179926441 0.165539822 0.969650990
vn -0.249932886 0.305554289 0.918787314
vn -0.393289705 0.035337570 0.918735253
vn -0.265913069 0.190357842 0.945015414
vn -0.173993471 0.162235613 0.971290831
vn -0.446111022 0.275708303 0.851451636
vn -0.222920071 0.083072224 0.971290712
vn -0.372158642 0.335965166 0.865231387
vn -0.321517796 0.152711752 0.934508121
vn -0.228525727 0.086902052 0.969651497
vn -0.402605036 0.127964377 0.906385295
vn -0.409901950 0.062845872 0.909961971
vn -0.455322556 0.153684631 0.876962031
vn -0.307151616 0.109783007 0.945307133
vn -0.235554997 0.225628701 0.945307110
vn -0.365074466 0.225627202 0.903223671
vn -0.341088090 0.338520548 0.876962230
vn -0.239524850 0.338520936 0.909962319
vn -0.294505450 0.302876430 0.906384249
vn -0.207494714 0.335964819 0.918734773
vn -0.385069007 0.086900589 0.918787324
vn -0.289182223 0.152712092 0.945014634
vn -0.248970600 0.312185089 0.916817381
vn -0.337477649 0.312183807 0.888059743
vn -0.309019089 0.001528953 0.951054607
vn -0.337854412 0.305553315 0.890219955
vn -0.340340735 0.190355716 0.920832713
vn -0.221843968 0.035338829 0.974441595
vn -0.203249434 0.062847522 0.977107904
vn -0.207048046 0.127964513 0.969925868
vn -0.147107235 0.153688665 0.977107597
vn -0.322466286 0.219279527 0.920832223
vn -0.424386355 0.165537375 0.890221096
vn -0.130821170 0.182621525 0.974440968
vn -0.139567433 0.275710493 0.951054497
vn -0.430149346 0.162233326 0.888060745
vn -0.390567976 0.083070397 0.916818393
vn 0.958666738 -0.254944408 -0.126338573
vn 0.995586315 -0.045985291 0.081812241
vn 0.896568017 -0.428296768 -0.112816972
vn 0.949291789 -0.152239669 -0.275078501
vn 0.969034681 -0.185012695 0.163530087
vn 0.958002234 -0.258426013 -0.124288841
vn 0.887256827 -0.454098186 -0.081056522
vn 0.999823600 -0.018782132 -0.000003133
vn 0.887257810 -0.454095385 0.081061452
vn 0.995586105 -0.045985736 -0.081814538
vn 0.958668155 -0.254939059 0.126338610
vn 0.896570079 -0.428291119 0.112822035
vn 0.986473569 -0.151235720 0.063227002
vn 0.974948611 -0.155234490 0.159303040
vn 0.992270559 -0.064536457 0.105991433
vn 0.971831423 -0.225625664 0.068093652
vn 0.971831370 -0.225626406 -0.068091941
vn 0.993955595 -0.109782851 0.000000039
vn 0.992270328 -0.064536649 -0.105993479
vn 0.974948650 -0.155235118 -0.159302193
vn 0.986473636 -0.151235546 -0.063226373
vn 0.969033699 -0.185017457 -0.163530520
vn 0.949291918 -0.152235552 0.275080337
vn 0.958002725 -0.258422703 0.124291936
vn 0.952763228 -0.111109916 -0.282660252
vn 0.979099846 0.026793594 -0.201607527
vn 0.952239250 -0.267940992 0.146451479
vn 0.985948545 0.039699465 -0.162263425
vn 0.999052003 -0.043484625 0.002045259
vn 0.942452295 -0.324200108 0.081718793
vn 0.940509836 -0.335557365 0.053315137
vn 0.965929582 -0.258805029 0.000000966
vn 0.940509543 -0.335558597 -0.053312546
vn 0.999052041 -0.043483648 -0.002047398
vn 0.985948988 0.039704582 0.162259482
vn 0.942451553 -0.324202737 -0.081716922
vn 0.952238390 -0.267944745 -0.146450202
vn 0.979101609 0.026797512 0.201598442
vn 0.952764334 -0.111103374 0.282659097
vn -0.147172698 -0.038711148 -0.988352996
vn -0.180651477 -0.112719603 -0.977066699
vn -0.265015587 -0.259345165 -0.928712455
vn 0.118233065 0.351076110 -0.928852253
vn 0.022358280 0.210922846 -0.977246980
vn -0.029002341 0.148865734 -0.988432020
vn -0.003170694 0.105728388 -0.994389991
vn -0.065031873 0.247906209 -0.966598866
vn 0.071196049 0.238945708 -0.968419368
vn -0.182629112 -0.170409462 -0.968301205
vn -0.250813022 -0.052403088 -0.966616131
vn -0.096043421 -0.044462108 -0.994383619
vn 0.070022344 0.354539078 -0.932415633
vn -0.047881801 0.368463810 -0.928408183
vn 0.005013641 0.343422452 -0.939167654
vn -0.110358487 0.387119311 -0.915401356
vn -0.116963889 0.235760066 -0.964746931
vn -0.079695288 0.247116242 -0.965702969
vn -0.095128763 0.058805158 -0.993726558
vn -0.238625185 0.057003108 -0.969437294
vn -0.157597547 0.188378349 -0.969369182
vn -0.320937766 0.100341976 -0.941769844
vn -0.355714077 0.221548727 -0.907955757
vn -0.232632961 0.243245140 -0.941654771
vn -0.213639376 0.356911011 -0.909380419
vn -0.318933149 0.343312415 -0.883412832
vn -0.239192288 0.323399194 -0.915532638
vn -0.295944007 0.311445610 -0.903005413
vn 0.002377137 -0.037633223 -0.999288792
vn -0.179714372 0.111934587 -0.977329726
vn -0.287865850 -0.220439414 -0.931954783
vn -0.306442158 -0.156461101 -0.938942558
vn -0.351243801 -0.120767952 -0.928462651
vn -0.257750656 -0.036886362 -0.965507118
vn -0.263847728 0.001532096 -0.964563128
vn -0.396793949 -0.071345355 -0.915130812
vn -0.414024419 0.033368868 -0.909653945
vn -0.395130669 0.072166612 -0.915785856
vn -0.447599457 0.135411916 -0.883922134
vn -0.178710844 0.112190536 -0.977484382
vn 0.035214157 0.012624472 -0.999300048
vn -0.410965895 0.130739757 -0.902227327
vn -0.378553907 0.237782839 -0.894514539
vn 0.053037794 0.008575790 -0.998555681
vn 0.012943059 -0.051775406 -0.998574877
vn 0.077548555 0.149876413 -0.985658806
vn 0.212229057 0.285973913 -0.934439805
vn 0.027442863 0.111296836 -0.993408226
vn -0.032180835 0.064209994 -0.997417400
vn 0.315951323 0.064896461 -0.946553332
vn 0.084315288 0.047544319 -0.995304210
vn 0.235051569 0.148583871 -0.960559000
vn 0.298494873 0.107038935 -0.948389939
vn 0.242416171 0.214156623 -0.946240636
vn 0.219285552 0.048437841 -0.974457604
vn 0.091447810 0.044595791 -0.994810793
vn 0.161962666 0.171507757 -0.971778362
vn -0.035800200 0.017697568 -0.999202253
vn 0.062626983 0.009963060 -0.997987274
vn 0.307852623 -0.050918480 -0.950070561
vn 0.195446947 -0.122048371 -0.973090276
vn 0.214083056 -0.197063934 -0.956731023
vn 0.271978210 -0.105574787 -0.956494547
vn 0.212397860 -0.062762915 -0.975165609
vn 0.150563049 -0.162594512 -0.975137833
vn 0.091703503 -0.056738681 -0.994168592
vn 0.054028061 -0.218416957 -0.974358764
vn -0.081863023 -0.221695869 -0.971673498
vn 0.000925958 -0.101821864 -0.994802217
vn 0.017610885 -0.061491566 -0.997952225
vn -0.031794735 0.022879350 -0.999232521
vn 0.179126866 -0.256114393 -0.949904723
vn -0.072850420 0.000676350 -0.997342649
vn -0.006657348 -0.097824813 -0.995181383
vn 0.077948255 -0.313102899 -0.946514999
vn 0.035754589 -0.316592431 -0.947887568
vn -0.030129845 -0.277323128 -0.960304158
vn -0.085094172 -0.311943984 -0.946282164
vn -0.101757818 -0.135949444 -0.985476075
vn -0.089409841 -0.074365624 -0.993214798
vn -0.165800294 -0.315932054 -0.934182637
vn 0.226714980 -0.966992400 -0.116301402
vn -0.040554288 -0.966992245 0.251557842
vn -0.094277983 -0.970993248 0.219735690
vn 0.179842332 -0.970994322 -0.157565103
vn 0.337866443 -0.423919817 -0.840320329
vn 0.371720357 -0.758892557 -0.534701845
vn 0.313178282 -0.779644625 -0.542285555
vn 0.278459517 -0.436079942 -0.855742123
vn -0.171353324 0.327251596 -0.929270914
vn 0.129767655 -0.007717778 -0.991514393
vn 0.087108916 -0.053376735 -0.994767792
vn -0.221737161 0.290185612 -0.930926926
vn -0.791731473 0.535356279 -0.294202190
vn -0.524463610 0.535353426 -0.662068449
vn -0.546424439 0.481535227 -0.685232922
vn -0.820549162 0.481535283 -0.307933182
vn -0.393665940 -0.758890801 0.518759944
vn -0.694781745 -0.423920813 0.581007290
vn -0.727808099 -0.436079889 0.529272804
vn -0.418964879 -0.779642041 0.465431754
vn -0.902885011 -0.007716699 0.429812878
vn -0.936738584 0.327255834 0.124195191
vn -0.953884577 0.290185973 0.076787463
vn -0.919162350 -0.053377159 0.390245376
vn -0.777053313 -0.539993978 -0.323410966
vn -0.669158054 -0.499255358 -0.550428548
vn -0.681004856 -0.646840628 -0.343263147
vn -0.639287352 -0.671426305 -0.374831161
vn -0.712479327 -0.473725295 -0.517646166
vn -0.554039578 -0.671425116 -0.492167106
vn -0.730270677 -0.499254744 -0.466314743
vn -0.547704907 -0.539994384 -0.639081685
vn -0.536906650 -0.646839170 -0.541599794
vn -0.812437728 -0.383977242 -0.438755530
vn -0.643627044 -0.550316460 -0.531879705
vn -0.801640538 -0.490820819 -0.341273163
vn -0.795304989 -0.359393906 -0.488186434
vn -0.710055239 -0.359392884 -0.605523173
vn -0.661417203 -0.575848163 -0.480547788
vn -0.668341153 -0.383974834 -0.637089813
vn -0.572291181 -0.490823498 -0.656943756
vn -0.704740085 -0.550316760 -0.447764309
vn 0.743666053 -0.606754707 0.280730345
vn 0.674250723 -0.476617562 0.564111391
vn 0.743893352 -0.356351986 0.565363548
vn 0.827064815 -0.516655744 0.221428620
vn -0.523204497 -0.754762404 0.395715515
vn -0.452830410 -0.884405152 0.113013922
vn -0.544573611 -0.838130257 0.031261079
vn -0.631680736 -0.679606758 0.372980029
vn 0.410396619 -0.893004508 -0.184709403
vn 0.642354640 -0.766381633 -0.006301525
vn 0.714972202 -0.693155833 -0.091376925
vn 0.433003348 -0.847940460 -0.305785999
vn 0.443049122 -0.393703268 0.805422381
vn 0.140762472 -0.390680079 0.909700502
vn 0.121827214 -0.260128032 0.957857785
vn 0.489951640 -0.263864660 0.830856686
vn -0.191489882 -0.467967463 0.862750299
vn -0.423164360 -0.595111131 0.683209095
vn -0.523911719 -0.503006704 0.687386912
vn -0.243471996 -0.346356025 0.905957444
vn -0.221935241 -0.966747704 -0.127057571
vn 0.079196431 -0.969746135 -0.230912015
vn 0.072241412 -0.932060561 -0.355027167
vn -0.292327642 -0.928409638 -0.229347104
vn 0.327384639 -0.782312444 0.529911821
vn 0.090374618 -0.897173124 0.432334146
vn 0.359368261 -0.849519058 0.386227682
vn 0.337435049 -0.882167676 0.328508415
vn 0.106956625 -0.872265822 0.477192432
vn 0.219535488 -0.945148713 0.241863763
vn 0.158428745 -0.860552016 0.484097677
vn 0.005128045 -0.958534420 0.284930638
vn 0.154588131 -0.959999011 0.233461794
vn 0.279159308 -0.764360136 0.581226000
vn 0.124979860 -0.762767424 0.634480805
vn 0.126782310 -0.910414948 0.393790387
vn 0.054986238 -0.779523333 0.623955036
vn -0.060087999 -0.845272250 0.530946566
vn 0.179456649 -0.898066951 0.401585686
vn 0.194511064 -0.873125557 0.447009182
vn -0.079017730 -0.878008485 0.472077640
vn -0.040637841 -0.942579757 0.331499574
s 1
f 1/1/1 1203/1552/1203 3603/1556/3603 1204/1555/1204
f 381/2/381 2403/1553/2403 3603/1556/3603 1203/1552/1203
f 981/3/981 2467/1554/2467 3603/1556/3603 2403/1553/2403
f 413/4/413 1204/1555/1204 3603/1556/3603 2467/1554/2467
f 1/1/1 1204/1557/1204 3604/1561/3604 1205/1560/1205
f 413/4/413 2468/1558/2468 3604/1561/3604 1204/1557/1204
f 995/5/995 3286/1559/3286 3604/1561/3604 2468/1558/2468
f 822/6/822 1205/1560/1205 3604/1561/3604 3286/1559/3286
f 1/1/1 1205/1562/1205 3605/1566/3605 1203/1565/1203
f 822/6/822 3285/1563/3285 3605/1566/3605 1205/1562/1205
f 994/7/994 2404/1564/2404 3605/1566/3605 3285/1563/3285
f 381/2/381 1203/1565/1203 3605/1566/3605 2404/1564/2404
f 2/8/2 1207/1567/1207 3606/1571/3606 1206/1570/1206
f 384/9/384 2409/1568/2409 3606/1571/3606 1207/1567/1207
f 982/10/982 2405/1569/2405 3606/1571/3606 2409/1568/2409
f 382/11/382 1206/1570/1206 3606/1571/3606 2405/1569/2405
f 2/8/2 1206/1572/1206 3607/1576/3607 1208/1575/1208
f 382/11/382 2406/1573/2406 3607/1576/3607 1206/1572/1206
f 997/12/997 3249/1574/3249 3607/1576/3607 2406/1573/2406
f 804/13/804 1208/1575/1208 3607/1576/3607 3249/1574/3249
f 2/8/2 1208/1577/1208 3608/1581/3608 1207/1580/1207
f 804/13/804 3250/1578/3250 3608/1581/3608 1208/1577/1208
f 1003/14/1003 2410/1579/2410 3608/1581/3608 3250/1578/3250
f 384/9/384 1207/1580/1207 3608/1581/3608 2410/1579/2410
f 3/15/3 1210/1582/1210 3609/1586/3609 1209/1585/1209
f 386/16/386 2413/1583/2413 3609/1586/3609 1210/1582/1210
f 981/3/981 2403/1584/2403 3609/1586/3609 2413/1583/2413
f 381/2/381 1209/1585/1209 3609/1586/3609 2403/1584/2403
f 3/15/3 1209/1587/1209 3610/1591/3610 1211/1590/1211
f 381/2/381 2404/1588/2404 3610/1591/3610 1209/1587/1209
f 994/7/994 3213/1589/3213 3610/1591/3610 2404/1588/2404
f 786/17/786 1211/1590/1211 3610/1591/3610 3213/1589/3213
f 3/15/3 1211/1592/1211 3611/1596/3611 1210/1595/1210
f 786/17/786 3214/1593/3214 3611/1596/3611 1211/1592/1211
f 1009/18/1009 2414/1594/2414 3611/1596/3611 3214/1593/3214
f 386/16/386 1210/1595/1210 3611/1596/3611 2414/1594/2414
f 4/19/4 1213/1597/1213 3612/1601/3612 1212/1600/1212
f 388/20/388 2417/1598/2417 3612/1601/3612 1213/1597/1213
f 981/3/981 2413/1599/2413 3612/1601/3612 2417/1598/2417
f 386/16/386 1212/1600/1212 3612/1601/3612 2413/1599/2413
f 4/19/4 1212/1602/1212 3613/1606/3613 1214/1605/1214
f 386/16/386 2414/1603/2414 3613/1606/3613 1212/1602/1212
f 1009/18/1009 3177/1604/3177 3613/1606/3613 2414/1603/2414
f 768/21/768 1214/1605/1214 3613/1606/3613 3177/1604/3177
f 4/19/4 1214/1607/1214 3614/1611/3614 1213/1610/1213
f 768/21/768 3178/1608/3178 3614/1611/3614 1214/1607/1214
f 1015/22/1015 2418/1609/2418 3614/1611/3614 3178/1608/3178
f 388/20/388 1213/1610/1213 3614/1611/3614 2418/1609/2418
f 5/23/5 1216/1612/1216 3615/1616/3615 1215/1615/1215
f 422/24/422 2485/1613/2485 3615/1616/3615 1216/1612/1216
f 981/3/981 2417/1614/2417 3615/1616/3615 2485/1613/2485
f 388/20/388 1215/1615/1215 3615/1616/3615 2417/1614/2417
f 5/23/5 1215/1617/1215 3616/1621/3616 1217/1620/1217
f 388/20/388 2418/1618/2418 3616/1621/3616 1215/1617/1215
f 1015/22/1015 3142/1619/3142 3616/1621/3616 2418/1618/2418
f 750/25/750 1217/1620/1217 3616/1621/3616 3142/1619/3142
f 5/23/5 1217/1622/1217 3617/1626/3617 1216/1625/1216
f 750/25/750 3141/1623/3141 3617/1626/3617 1217/1622/1217
f 1004/26/1004 2486/1624/2486 3617/1626/3617 3141/1623/3141
f 422/24/422 1216/1625/1216 3617/1626/3617 2486/1624/2486
f 6/27/6 1219/1627/1219 3618/1631/3618 1218/1630/1218
f 391/28/391 2423/1628/2423 3618/1631/3618 1219/1627/1219
f 982/10/982 2409/1629/2409 3618/1631/3618 2423/1628/2423
f 384/9/384 1218/1630/1218 3618/1631/3618 2409/1629/2409
f 6/27/6 1218/1632/1218 3619/1636/3619 1220/1635/1220
f 384/9/384 2410/1633/2410 3619/1636/3619 1218/1632/1218
f 1003/14/1003 3105/1634/3105 3619/1636/3619 2410/1633/2410
f 732/29/732 1220/1635/1220 3619/1636/3619 3105/1634/3105
f 6/27/6 1220/1637/1220 3620/1641/3620 1219/1640/1219
f 732/29/732 3106/1638/3106 3620/1641/3620 1220/1637/1220
f 1024/30/1024 2424/1639/2424 3620/1641/3620 3106/1638/3106
f 391/28/391 1219/1640/1219 3620/1641/3620 2424/1639/2424
f 7/31/7 1222/1642/1222 3621/1646/3621 1221/1645/1221
f 393/32/393 2427/1643/2427 3621/1646/3621 1222/1642/1222
f 983/33/983 2407/1644/2407 3621/1646/3621 2427/1643/2427
f 383/34/383 1221/1645/1221 3621/1646/3621 2407/1644/2407
f 7/31/7 1221/1647/1221 3622/1651/3622 1223/1650/1223
f 383/34/383 2408/1648/2408 3622/1651/3622 1221/1647/1221
f 1000/35/1000 3081/1649/3081 3622/1651/3622 2408/1648/2408
f 720/36/720 1223/1650/1223 3622/1651/3622 3081/1649/3081
f 7/31/7 1223/1652/1223 3623/1656/3623 1222/1655/1222
f 720/36/720 3082/1653/3082 3623/1656/3623 1223/1652/1223
f 1030/37/1030 2428/1654/2428 3623/1656/3623 3082/1653/3082
f 393/32/393 1222/1655/1222 3623/1656/3623 2428/1654/2428
f 8/38/8 1225/1657/1225 3624/1661/3624 1224/1660/1224
f 395/39/395 2431/1658/2431 3624/1661/3624 1225/1657/1225
f 984/40/984 2415/1659/2415 3624/1661/3624 2431/1658/2431
f 387/41/387 1224/1660/1224 3624/1661/3624 2415/1659/2415
f 8/38/8 1224/1662/1224 3625/1666/3625 1226/1665/1226
f 387/41/387 2416/1663/2416 3625/1666/3625 1224/1662/1224
f 1012/42/1012 3045/1664/3045 3625/1666/3625 2416/1663/2416
f 702/43/702 1226/1665/1226 3625/1666/3625 3045/1664/3045
f 8/38/8 1226/1667/1226 3626/1671/3626 1225/1670/1225
f 702/43/702 3046/1668/3046 3626/1671/3626 1226/1667/1226
f 1036/44/1036 2432/1669/2432 3626/1671/3626 3046/1668/3046
f 395/39/395 1225/1670/1225 3626/1671/3626 2432/1669/2432
f 9/45/9 1228/1672/1228 3627/1676/3627 1227/1675/1227
f 397/46/397 2435/1673/2435 3627/1676/3627 1228/1672/1228
f 985/47/985 2419/1674/2419 3627/1676/3627 2435/1673/2435
f 389/48/389 1227/1675/1227 3627/1676/3627 2419/1674/2419
f 9/45/9 1227/1677/1227 3628/1681/3628 1229/1680/1229
f 389/48/389 2420/1678/2420 3628/1681/3628 1227/1677/1227
f 1018/49/1018 3009/1679/3009 3628/1681/3628 2420/1678/2420
f 684/50/684 1229/1680/1229 3628/1681/3628 3009/1679/3009
f 9/45/9 1229/1682/1229 3629/1686/3629 1228/1685/1228
f 684/50/684 3010/1683/3010 3629/1686/3629 1229/1682/1229
f 1042/51/1042 2436/1684/2436 3629/1686/3629 3010/1683/3010
f 397/46/397 1228/1685/1228 3629/1686/3629 2436/1684/2436
f 10/52/10 1231/1687/1231 3630/1691/3630 1230/1690/1230
f 399/53/399 2439/1688/2439 3630/1691/3630 1231/1687/1231
f 986/54/986 2421/1689/2421 3630/1691/3630 2439/1688/2439
f 390/55/390 1230/1690/1230 3630/1691/3630 2421/1689/2421
f 10/52/10 1230/1692/1230 3631/1696/3631 1232/1695/1232
f 390/55/390 2422/1693/2422 3631/1696/3631 1230/1692/1230
f 1021/56/1021 2973/1694/2973 3631/1696/3631 2422/1693/2422
f 666/57/666 1232/1695/1232 3631/1696/3631 2973/1694/2973
f 10/52/10 1232/1697/1232 3632/1701/3632 1231/1700/1231
f 666/57/666 2974/1698/2974 3632/1701/3632 1232/1697/1232
f 1048/58/1048 2440/1699/2440 3632/1701/3632 2974/1698/2974
f 399/53/399 1231/1700/1231 3632/1701/3632 2440/1699/2440
f 11/59/11 1234/1702/1234 3633/1706/3633 1233/1705/1233
f 449/60/449 2539/1703/2539 3633/1706/3633 1234/1702/1234
f 982/10/982 2423/1704/2423 3633/1706/3633 2539/1703/2539
f 391/28/391 1233/1705/1233 3633/1706/3633 2423/1704/2423
f 11/59/11 1233/1707/1233 3634/1711/3634 1235/1710/1235
f 391/28/391 2424/1708/2424 3634/1711/3634 1233/1707/1233
f 1024/30/1024 2937/1709/2937 3634/1711/3634 2424/1708/2424
f 648/61/648 1235/1710/1235 3634/1711/3634 2937/1709/2937
f 11/59/11 1235/1712/1235 3635/1716/3635 1234/1715/1234
f 648/61/648 2938/1713/2938 3635/1716/3635 1235/1712/1235
f 1031/62/1031 2540/1714/2540 3635/1716/3635 2938/1713/2938
f 449/60/449 1234/1715/1234 3635/1716/3635 2540/1714/2540
f 12/63/12 1237/1717/1237 3636/1721/3636 1236/1720/1236
f 455/64/455 2551/1718/2551 3636/1721/3636 1237/1717/1237
f 983/33/983 2427/1719/2427 3636/1721/3636 2551/1718/2551
f 393/32/393 1236/1720/1236 3636/1721/3636 2427/1719/2427
f 12/63/12 1236/1722/1236 3637/1726/3637 1238/1725/1238
f 393/32/393 2428/1723/2428 3637/1726/3637 1236/1722/1236
f 1030/37/1030 2901/1724/2901 3637/1726/3637 2428/1723/2428
f 630/65/630 1238/1725/1238 3637/1726/3637 2901/1724/2901
f 12/63/12 1238/1727/1238 3638/1731/3638 1237/1730/1237
f 630/65/630 2902/1728/2902 3638/1731/3638 1238/1727/1238
f 1037/66/1037 2552/1729/2552 3638/1731/3638 2902/1728/2902
f 455/64/455 1237/1730/1237 3638/1731/3638 2552/1729/2552
f 13/67/13 1240/1732/1240 3639/1736/3639 1239/1735/1239
f 461/68/461 2563/1733/2563 3639/1736/3639 1240/1732/1240
f 984/40/984 2431/1734/2431 3639/1736/3639 2563/1733/2563
f 395/39/395 1239/1735/1239 3639/1736/3639 2431/1734/2431
f 13/67/13 1239/1737/1239 3640/1741/3640 1241/1740/1241
f 395/39/395 2432/1738/2432 3640/1741/3640 1239/1737/1239
f 1036/44/1036 2877/1739/2877 3640/1741/3640 2432/1738/2432
f 618/69/618 1241/1740/1241 3640/1741/3640 2877/1739/2877
f 13/67/13 1241/1742/1241 3641/1746/3641 1240/1745/1240
f 618/69/618 2878/1743/2878 3641/1746/3641 1241/1742/1241
f 1043/70/1043 2564/1744/2564 3641/1746/3641 2878/1743/2878
f 461/68/461 1240/1745/1240 3641/1746/3641 2564/1744/2564
f 14/71/14 1243/1747/1243 3642/1751/3642 1242/1750/1242
f 443/72/443 2527/1748/2527 3642/1751/3642 1243/1747/1243
f 986/54/986 2439/1749/2439 3642/1751/3642 2527/1748/2527
f 399/53/399 1242/1750/1242 3642/1751/3642 2439/1749/2439
f 14/71/14 1242/1752/1242 3643/1756/3643 1244/1755/1244
f 399/53/399 2440/1753/2440 3643/1756/3643 1242/1752/1242
f 1048/58/1048 2840/1754/2840 3643/1756/3643 2440/1753/2440
f 599/73/599 1244/1755/1244 3643/1756/3643 2840/1754/2840
f 14/71/14 1244/1757/1244 3644/1761/3644 1243/1760/1243
f 599/73/599 2839/1758/2839 3644/1761/3644 1244/1757/1244
f 1025/74/1025 2528/1759/2528 3644/1761/3644 2839/1758/2839
f 443/72/443 1243/1760/1243 3644/1761/3644 2528/1759/2528
f 15/75/15 1246/1762/1246 3645/1766/3645 1245/1765/1245
f 405/76/405 2451/1763/2451 3645/1766/3645 1246/1762/1246
f 987/77/987 2441/1764/2441 3645/1766/3645 2451/1763/2451
f 400/78/400 1245/1765/1245 3645/1766/3645 2441/1764/2441
f 15/75/15 1245/1767/1245 3646/1771/3646 1247/1770/1247
f 400/78/400 2442/1768/2442 3646/1771/3646 1245/1767/1245
f 1051/79/1051 2803/1769/2803 3646/1771/3646 2442/1768/2442
f 581/80/581 1247/1770/1247 3646/1771/3646 2803/1769/2803
f 15/75/15 1247/1772/1247 3647/1776/3647 1246/1775/1246
f 581/80/581 2804/1773/2804 3647/1776/3647 1247/1772/1247
f 1066/81/1066 2452/1774/2452 3647/1776/3647 2804/1773/2804
f 405/76/405 1246/1775/1246 3647/1776/3647 2452/1774/2452
f 16/82/16 1249/1777/1249 3648/1781/3648 1248/1780/1248
f 407/83/407 2455/1778/2455 3648/1781/3648 1249/1777/1249
f 988/84/988 2443/1779/2443 3648/1781/3648 2455/1778/2455
f 401/85/401 1248/1780/1248 3648/1781/3648 2443/1779/2443
f 16/82/16 1248/1782/1248 3649/1786/3649 1250/1785/1250
f 401/85/401 2444/1783/2444 3649/1786/3649 1248/1782/1248
f 1054/86/1054 2767/1784/2767 3649/1786/3649 2444/1783/2444
f 563/87/563 1250/1785/1250 3649/1786/3649 2767/1784/2767
f 16/82/16 1250/1787/1250 3650/1791/3650 1249/1790/1249
f 563/87/563 2768/1788/2768 3650/1791/3650 1250/1787/1250
f 1072/88/1072 2456/1789/2456 3650/1791/3650 2768/1788/2768
f 407/83/407 1249/1790/1249 3650/1791/3650 2456/1789/2456
f 17/89/17 1252/1792/1252 3651/1796/3651 1251/1795/1251
f 408/90/408 2457/1793/2457 3651/1796/3651 1252/1792/1252
f 989/91/989 2445/1794/2445 3651/1796/3651 2457/1793/2457
f 402/92/402 1251/1795/1251 3651/1796/3651 2445/1794/2445
f 17/89/17 1251/1797/1251 3652/1801/3652 1253/1800/1253
f 402/92/402 2446/1798/2446 3652/1801/3652 1251/1797/1251
f 1057/93/1057 2731/1799/2731 3652/1801/3652 2446/1798/2446
f 545/94/545 1253/1800/1253 3652/1801/3652 2731/1799/2731
f 17/89/17 1253/1802/1253 3653/1806/3653 1252/1805/1252
f 545/94/545 2732/1803/2732 3653/1806/3653 1253/1802/1253
f 1075/95/1075 2458/1804/2458 3653/1806/3653 2732/1803/2732
f 408/90/408 1252/1805/1252 3653/1806/3653 2458/1804/2458
f 18/96/18 1255/1807/1255 3654/1811/3654 1254/1810/1254
f 409/97/409 2459/1808/2459 3654/1811/3654 1255/1807/1255
f 990/98/990 2447/1809/2447 3654/1811/3654 2459/1808/2459
f 403/99/403 1254/1810/1254 3654/1811/3654 2447/1809/2447
f 18/96/18 1254/1812/1254 3655/1816/3655 1256/1815/1256
f 403/99/403 2448/1813/2448 3655/1816/3655 1254/1812/1254
f 1060/100/1060 2695/1814/2695 3655/1816/3655 2448/1813/2448
f 527/101/527 1256/1815/1256 3655/1816/3655 2695/1814/2695
f 18/96/18 1256/1817/1256 3656/1821/3656 1255/1820/1255
f 527/101/527 2696/1818/2696 3656/1821/3656 1256/1817/1256
f 1078/102/1078 2460/1819/2460 3656/1821/3656 2696/1818/2696
f 409/97/409 1255/1820/1255 3656/1821/3656 2460/1819/2460
f 19/103/19 1258/1822/1258 3657/1826/3657 1257/1825/1257
f 485/104/485 2611/1823/2611 3657/1826/3657 1258/1822/1258
f 991/105/991 2449/1824/2449 3657/1826/3657 2611/1823/2611
f 404/106/404 1257/1825/1257 3657/1826/3657 2449/1824/2449
f 19/103/19 1257/1827/1257 3658/1831/3658 1259/1830/1259
f 404/106/404 2450/1828/2450 3658/1831/3658 1257/1827/1257
f 1063/107/1063 2659/1829/2659 3658/1831/3658 2450/1828/2450
f 509/108/509 1259/1830/1259 3658/1831/3658 2659/1829/2659
f 19/103/19 1259/1832/1259 3659/1836/3659 1258/1835/1258
f 509/108/509 2660/1833/2660 3659/1836/3659 1259/1832/1259
f 1067/109/1067 2612/1834/2612 3659/1836/3659 2660/1833/2660
f 485/104/485 1258/1835/1258 3659/1836/3659 2612/1834/2612
f 20/110/20 1260/1837/1260 3660/1841/3660 1262/1840/1262
f 406/111/406 2453/1838/2453 3660/1841/3660 1260/1837/1260
f 1076/112/1076 2672/1839/2672 3660/1841/3660 2453/1838/2453
f 515/113/515 1262/1840/1262 3660/1841/3660 2672/1839/2672
f 20/110/20 1262/1842/1262 3661/1846/3661 1261/1845/1261
f 515/113/515 2671/1843/2671 3661/1846/3661 1262/1842/1262
f 1073/114/1073 2623/1844/2623 3661/1846/3661 2671/1843/2671
f 491/115/491 1261/1845/1261 3661/1846/3661 2623/1844/2623
f 20/110/20 1261/1847/1261 3662/1851/3662 1263/1850/1263
f 491/115/491 2624/1848/2624 3662/1851/3662 1261/1847/1261
f 1132/116/1132 3309/1849/3309 3662/1851/3662 2624/1848/2624
f 834/117/834 1263/1850/1263 3662/1851/3662 3309/1849/3309
f 20/110/20 1263/1852/1263 3663/1856/3663 1260/1855/1260
f 834/117/834 3310/1853/3310 3663/1856/3663 1263/1852/1263
f 1133/118/1133 2454/1854/2454 3663/1856/3663 3310/1853/3310
f 406/111/406 1260/1855/1260 3663/1856/3663 2454/1854/2454
f 21/119/21 1264/1857/1264 3664/1861/3664 1265/1860/1265
f 487/120/487 2615/1858/2615 3664/1861/3664 1264/1857/1264
f 1068/121/1068 2639/1859/2639 3664/1861/3664 2615/1858/2615
f 499/122/499 1265/1860/1265 3664/1861/3664 2639/1859/2639
f 21/119/21 1265/1862/1265 3665/1866/3665 1266/1865/1266
f 499/122/499 2640/1863/2640 3665/1866/3665 1265/1862/1265
f 1079/123/1079 2648/1864/2648 3665/1866/3665 2640/1863/2640
f 503/124/503 1266/1865/1266 3665/1866/3665 2648/1864/2648
f 21/119/21 1266/1867/1266 3666/1871/3666 1264/1870/1264
f 503/124/503 2647/1868/2647 3666/1871/3666 1266/1867/1266
f 1069/125/1069 2616/1869/2616 3666/1871/3666 2647/1868/2647
f 487/120/487 1264/1870/1264 3666/1871/3666 2616/1869/2616
f 22/126/22 1267/1872/1267 3667/1876/3667 1268/1875/1268
f 486/127/486 2613/1873/2613 3667/1876/3667 1267/1872/1267
f 1067/128/1067 2643/1874/2643 3667/1876/3667 2613/1873/2613
f 501/129/501 1268/1875/1268 3667/1876/3667 2643/1874/2643
f 22/126/22 1268/1877/1268 3668/1881/3668 1269/1880/1269
f 501/129/501 2644/1878/2644 3668/1881/3668 1268/1877/1268
f 1080/130/1080 2652/1879/2652 3668/1881/3668 2644/1878/2644
f 505/131/505 1269/1880/1269 3668/1881/3668 2652/1879/2652
f 22/126/22 1269/1882/1269 3669/1886/3669 1267/1885/1267
f 505/131/505 2651/1883/2651 3669/1886/3669 1269/1882/1269
f 1068/121/1068 2614/1884/2614 3669/1886/3669 2651/1883/2651
f 486/127/486 1267/1885/1267 3669/1886/3669 2614/1884/2614
f 23/132/23 1270/1887/1270 3670/1891/3670 1271/1890/1271
f 497/133/497 2635/1888/2635 3670/1891/3670 1270/1887/1270
f 1069/125/1069 2647/1889/2647 3670/1891/3670 2635/1888/2635
f 503/124/503 1271/1890/1271 3670/1891/3670 2647/1889/2647
f 23/132/23 1271/1892/1271 3671/1896/3671 1272/1895/1272
f 503/124/503 2648/1893/2648 3671/1896/3671 1271/1892/1271
f 1079/123/1079 2650/1894/2650 3671/1896/3671 2648/1893/2648
f 504/134/504 1272/1895/1272 3671/1896/3671 2650/1894/2650
f 23/132/23 1272/1897/1272 3672/1901/3672 1270/1900/1270
f 504/134/504 2649/1898/2649 3672/1901/3672 1272/1897/1272
f 1076/135/1076 2636/1899/2636 3672/1901/3672 2649/1898/2649
f 497/133/497 1270/1900/1270 3672/1901/3672 2636/1899/2636
f 24/136/24 1275/1902/1275 3673/1906/3673 1274/1905/1274
f 504/134/504 2650/1903/2650 3673/1906/3673 1275/1902/1275
f 1079/123/1079 2638/1904/2638 3673/1906/3673 2650/1903/2650
f 498/137/498 1274/1905/1274 3673/1906/3673 2638/1904/2638
f 24/136/24 1274/1907/1274 3674/1911/3674 1273/1910/1273
f 498/137/498 2637/1908/2637 3674/1911/3674 1274/1907/1274
f 1077/138/1077 2632/1909/2632 3674/1911/3674 2637/1908/2637
f 495/139/495 1273/1910/1273 3674/1911/3674 2632/1909/2632
f 24/136/24 1273/1912/1273 3675/1916/3675 1275/1915/1275
f 495/139/495 2631/1913/2631 3675/1916/3675 1273/1912/1273
f 1076/135/1076 2649/1914/2649 3675/1916/3675 2631/1913/2631
f 504/134/504 1275/1915/1275 3675/1916/3675 2649/1914/2649
f 25/140/25 1276/1917/1276 3676/1921/3676 1277/1920/1277
f 499/122/499 2639/1918/2639 3676/1921/3676 1276/1917/1276
f 1068/121/1068 2651/1919/2651 3676/1921/3676 2639/1918/2639
f 505/131/505 1277/1920/1277 3676/1921/3676 2651/1919/2651
f 25/140/25 1277/1922/1277 3677/1926/3677 1278/1925/1278
f 505/131/505 2652/1923/2652 3677/1926/3677 1277/1922/1277
f 1080/130/1080 2654/1924/2654 3677/1926/3677 2652/1923/2652
f 506/141/506 1278/1925/1278 3677/1926/3677 2654/1924/2654
f 25/140/25 1278/1927/1278 3678/1931/3678 1276/1930/1276
f 506/141/506 2653/1928/2653 3678/1931/3678 1278/1927/1278
f 1079/123/1079 2640/1929/2640 3678/1931/3678 2653/1928/2653
f 499/122/499 1276/1930/1276 3678/1931/3678 2640/1929/2640
f 26/142/26 1280/1932/1280 3679/1936/3679 1279/1935/1279
f 506/141/506 2654/1933/2654 3679/1936/3679 1280/1932/1280
f 1080/130/1080 2645/1934/2645 3679/1936/3679 2654/1933/2654
f 502/143/502 1279/1935/1279 3679/1936/3679 2645/1934/2645
f 26/142/26 1279/1937/1279 3680/1941/3680 1281/1940/1281
f 502/143/502 2646/1938/2646 3680/1941/3680 1279/1937/1279
f 1081/144/1081 2656/1939/2656 3680/1941/3680 2646/1938/2646
f 507/145/507 1281/1940/1281 3680/1941/3680 2656/1939/2656
f 26/142/26 1281/1942/1281 3681/1946/3681 1280/1945/1280
f 507/145/507 2655/1943/2655 3681/1946/3681 1281/1942/1281
f 1079/123/1079 2653/1944/2653 3681/1946/3681 2655/1943/2655
f 506/141/506 1280/1945/1280 3681/1946/3681 2653/1944/2653
f 27/146/27 1282/1947/1282 3682/1951/3682 1283/1950/1283
f 498/137/498 2638/1948/2638 3682/1951/3682 1282/1947/1282
f 1079/123/1079 2655/1949/2655 3682/1951/3682 2638/1948/2638
f 507/145/507 1283/1950/1283 3682/1951/3682 2655/1949/2655
f 27/146/27 1283/1952/1283 3683/1956/3683 1284/1955/1284
f 507/145/507 2656/1953/2656 3683/1956/3683 1283/1952/1283
f 1081/144/1081 2658/1954/2658 3683/1956/3683 2656/1953/2656
f 508/147/508 1284/1955/1284 3683/1956/3683 2658/1954/2658
f 27/146/27 1284/1957/1284 3684/1961/3684 1282/1960/1282
f 508/147/508 2657/1958/2657 3684/1961/3684 1284/1957/1284
f 1077/138/1077 2637/1959/2637 3684/1961/3684 2657/1958/2657
f 498/137/498 1282/1960/1282 3684/1961/3684 2637/1959/2637
f 28/148/28 1287/1962/1287 3685/1966/3685 1286/1965/1286
f 508/147/508 2658/1963/2658 3685/1966/3685 1287/1962/1287
f 1081/144/1081 2642/1964/2642 3685/1966/3685 2658/1963/2658
f 500/149/500 1286/1965/1286 3685/1966/3685 2642/1964/2642
f 28/148/28 1286/1967/1286 3686/1971/3686 1285/1970/1285
f 500/149/500 2641/1968/2641 3686/1971/3686 1286/1967/1286
f 1078/102/1078 2634/1969/2634 3686/1971/3686 2641/1968/2641
f 496/150/496 1285/1970/1285 3686/1971/3686 2634/1969/2634
f 28/148/28 1285/1972/1285 3687/1976/3687 1287/1975/1287
f 496/150/496 2633/1973/2633 3687/1976/3687 1285/1972/1285
f 1077/138/1077 2657/1974/2657 3687/1976/3687 2633/1973/2633
f 508/147/508 1287/1975/1287 3687/1976/3687 2657/1974/2657
f 29/151/29 1288/1977/1288 3688/1981/3688 1289/1980/1289
f 501/152/501 2643/1978/2643 3688/1981/3688 1288/1977/1288
f 1067/109/1067 2660/1979/2660 3688/1981/3688 2643/1978/2643
f 509/108/509 1289/1980/1289 3688/1981/3688 2660/1979/2660
f 29/151/29 1289/1982/1289 3689/1986/3689 1290/1985/1290
f 509/108/509 2659/1983/2659 3689/1986/3689 1289/1982/1289
f 1063/107/1063 2661/1984/2661 3689/1986/3689 2659/1983/2659
f 510/153/510 1290/1985/1290 3689/1986/3689 2661/1984/2661
f 29/151/29 1290/1987/1290 3690/1991/3690 1288/1990/1288
f 510/153/510 2662/1988/2662 3690/1991/3690 1290/1987/1290
f 1080/154/1080 2644/1989/2644 3690/1991/3690 2662/1988/2662
f 501/152/501 1288/1990/1288 3690/1991/3690 2644/1989/2644
f 30/155/30 1292/1992/1292 3691/1996/3691 1291/1995/1291
f 510/153/510 2661/1993/2661 3691/1996/3691 1292/1992/1292
f 1063/107/1063 2604/1994/2604 3691/1996/3691 2661/1993/2661
f 481/156/481 1291/1995/1291 3691/1996/3691 2604/1994/2604
f 30/155/30 1291/1997/1291 3692/2001/3692 1293/2000/1293
f 481/156/481 2603/1998/2603 3692/2001/3692 1291/1997/1291
f 1062/157/1062 2663/1999/2663 3692/2001/3692 2603/1998/2603
f 511/158/511 1293/2000/1293 3692/2001/3692 2663/1999/2663
f 30/155/30 1293/2002/1293 3693/2006/3693 1292/2005/1292
f 511/158/511 2664/2003/2664 3693/2006/3693 1293/2002/1293
f 1080/154/1080 2662/2004/2662 3693/2006/3693 2664/2003/2664
f 510/153/510 1292/2005/1292 3693/2006/3693 2662/2004/2662
f 31/159/31 1294/2007/1294 3694/2011/3694 1295/2010/1295
f 502/143/502 2645/2008/2645 3694/2011/3694 1294/2007/1294
f 1080/130/1080 2664/2009/2664 3694/2011/3694 2645/2008/2645
f 511/160/511 1295/2010/1295 3694/2011/3694 2664/2009/2664
f 31/159/31 1295/2012/1295 3695/2016/3695 1296/2015/1296
f 511/160/511 2663/2013/2663 3695/2016/3695 1295/2012/1295
f 1062/161/1062 2665/2014/2665 3695/2016/3695 2663/2013/2663
f 512/162/512 1296/2015/1296 3695/2016/3695 2665/2014/2665
f 31/159/31 1296/2017/1296 3696/2021/3696 1294/2020/1294
f 512/162/512 2666/2018/2666 3696/2021/3696 1296/2017/1296
f 1081/144/1081 2646/2019/2646 3696/2021/3696 2666/2018/2666
f 502/143/502 1294/2020/1294 3696/2021/3696 2646/2019/2646
f 32/163/32 1298/2022/1298 3697/2026/3697 1297/2025/1297
f 512/162/512 2665/2023/2665 3697/2026/3697 1298/2022/1298
f 1062/161/1062 2602/2024/2602 3697/2026/3697 2665/2023/2665
f 480/164/480 1297/2025/1297 3697/2026/3697 2602/2024/2602
f 32/163/32 1297/2027/1297 3698/2031/3698 1299/2030/1299
f 480/164/480 2601/2028/2601 3698/2031/3698 1297/2027/1297
f 1061/165/1061 2667/2029/2667 3698/2031/3698 2601/2028/2601
f 513/166/513 1299/2030/1299 3698/2031/3698 2667/2029/2667
f 32/163/32 1299/2032/1299 3699/2036/3699 1298/2035/1298
f 513/166/513 2668/2033/2668 3699/2036/3699 1299/2032/1299
f 1081/144/1081 2666/2034/2666 3699/2036/3699 2668/2033/2668
f 512/162/512 1298/2035/1298 3699/2036/3699 2666/2034/2666
f 33/167/33 1300/2037/1300 3700/2041/3700 1301/2040/1301
f 500/149/500 2642/2038/2642 3700/2041/3700 1300/2037/1300
f 1081/144/1081 2668/2039/2668 3700/2041/3700 2642/2038/2642
f 513/166/513 1301/2040/1301 3700/2041/3700 2668/2039/2668
f 33/167/33 1301/2042/1301 3701/2046/3701 1302/2045/1302
f 513/166/513 2667/2043/2667 3701/2046/3701 1301/2042/1301
f 1061/165/1061 2669/2044/2669 3701/2046/3701 2667/2043/2667
f 514/168/514 1302/2045/1302 3701/2046/3701 2669/2044/2669
f 33/167/33 1302/2047/1302 3702/2051/3702 1300/2050/1300
f 514/168/514 2670/2048/2670 3702/2051/3702 1302/2047/1302
f 1078/102/1078 2641/2049/2641 3702/2051/3702 2670/2048/2670
f 500/149/500 1300/2050/1300 3702/2051/3702 2641/2049/2641
f 34/169/34 1305/2052/1305 3703/2056/3703 1304/2055/1304
f 514/168/514 2669/2053/2669 3703/2056/3703 1305/2052/1305
f 1061/165/1061 2600/2054/2600 3703/2056/3703 2669/2053/2669
f 479/170/479 1304/2055/1304 3703/2056/3703 2600/2054/2600
f 34/169/34 1304/2057/1304 3704/2061/3704 1303/2060/1303
f 479/170/479 2599/2058/2599 3704/2061/3704 1304/2057/1304
f 990/98/990 2459/2059/2459 3704/2061/3704 2599/2058/2599
f 409/97/409 1303/2060/1303 3704/2061/3704 2459/2059/2459
f 34/169/34 1303/2062/1303 3705/2066/3705 1305/2065/1305
f 409/97/409 2460/2063/2460 3705/2066/3705 1303/2062/1303
f 1078/102/1078 2670/2064/2670 3705/2066/3705 2460/2063/2460
f 514/168/514 1305/2065/1305 3705/2066/3705 2670/2064/2670
f 35/171/35 1307/2067/1307 3706/2071/3706 1308/2070/1308
f 482/172/482 2605/2068/2605 3706/2071/3706 1307/2067/1307
f 1069/173/1069 2635/2069/2635 3706/2071/3706 2605/2068/2605
f 497/174/497 1308/2070/1308 3706/2071/3706 2635/2069/2635
f 35/171/35 1308/2072/1308 3707/2076/3707 1306/2075/1306
f 497/174/497 2636/2073/2636 3707/2076/3707 1308/2072/1308
f 1076/112/1076 2453/2074/2453 3707/2076/3707 2636/2073/2636
f 406/111/406 1306/2075/1306 3707/2076/3707 2453/2074/2453
f 35/171/35 1306/2077/1306 3708/2081/3708 1309/2080/1309
f 406/111/406 2454/2078/2454 3708/2081/3708 1306/2077/1306
f 1133/118/1133 3308/2079/3308 3708/2081/3708 2454/2078/2454
f 833/175/833 1309/2080/1309 3708/2081/3708 3308/2079/3308
f 35/171/35 1309/2082/1309 3709/2086/3709 1307/2085/1307
f 833/175/833 3307/2083/3307 3709/2086/3709 1309/2082/1309
f 1128/176/1128 2606/2084/2606 3709/2086/3709 3307/2083/3307
f 482/172/482 1307/2085/1307 3709/2086/3709 2606/2084/2606
f 36/177/36 1310/2087/1310 3710/2091/3710 1311/2090/1311
f 495/139/495 2632/2088/2632 3710/2091/3710 1310/2087/1310
f 1077/138/1077 2675/2089/2675 3710/2091/3710 2632/2088/2632
f 517/178/517 1311/2090/1311 3710/2091/3710 2675/2089/2675
f 36/177/36 1311/2092/1311 3711/2096/3711 1312/2095/1312
f 517/178/517 2676/2093/2676 3711/2096/3711 1311/2092/1311
f 1082/179/1082 2684/2094/2684 3711/2096/3711 2676/2093/2676
f 521/180/521 1312/2095/1312 3711/2096/3711 2684/2094/2684
f 36/177/36 1312/2097/1312 3712/2101/3712 1310/2100/1310
f 521/180/521 2683/2098/2683 3712/2101/3712 1312/2097/1312
f 1076/135/1076 2631/2099/2631 3712/2101/3712 2683/2098/2683
f 495/139/495 1310/2100/1310 3712/2101/3712 2631/2099/2631
f 37/181/37 1313/2102/1313 3713/2106/3713 1314/2105/1314
f 496/150/496 2634/2103/2634 3713/2106/3713 1313/2102/1313
f 1078/102/1078 2679/2104/2679 3713/2106/3713 2634/2103/2634
f 519/182/519 1314/2105/1314 3713/2106/3713 2679/2104/2679
f 37/181/37 1314/2107/1314 3714/2111/3714 1315/2110/1315
f 519/182/519 2680/2108/2680 3714/2111/3714 1314/2107/1314
f 1083/183/1083 2688/2109/2688 3714/2111/3714 2680/2108/2680
f 523/184/523 1315/2110/1315 3714/2111/3714 2688/2109/2688
f 37/181/37 1315/2112/1315 3715/2116/3715 1313/2115/1313
f 523/184/523 2687/2113/2687 3715/2116/3715 1315/2112/1315
f 1077/138/1077 2633/2114/2633 3715/2116/3715 2687/2113/2687
f 496/150/496 1313/2115/1313 3715/2116/3715 2633/2114/2633
f 38/185/38 1316/2117/1316 3716/2121/3716 1317/2120/1317
f 515/186/515 2672/2118/2672 3716/2121/3716 1316/2117/1316
f 1076/135/1076 2683/2119/2683 3716/2121/3716 2672/2118/2672
f 521/180/521 1317/2120/1317 3716/2121/3716 2683/2119/2683
f 38/185/38 1317/2122/1317 3717/2126/3717 1318/2125/1318
f 521/180/521 2684/2123/2684 3717/2126/3717 1317/2122/1317
f 1082/179/1082 2686/2124/2686 3717/2126/3717 2684/2123/2684
f 522/187/522 1318/2125/1318 3717/2126/3717 2686/2124/2686
f 38/185/38 1318/2127/1318 3718/2131/3718 1316/2130/1316
f 522/187/522 2685/2128/2685 3718/2131/3718 1318/2127/1318
f 1073/188/1073 2671/2129/2671 3718/2131/3718 2685/2128/2685
f 515/186/515 1316/2130/1316 3718/2131/3718 2671/2129/2671
f 39/189/39 1321/2132/1321 3719/2136/3719 1320/2135/1320
f 522/187/522 2686/2133/2686 3719/2136/3719 1321/2132/1321
f 1082/179/1082 2674/2134/2674 3719/2136/3719 2686/2133/2686
f 516/190/516 1320/2135/1320 3719/2136/3719 2674/2134/2674
f 39/189/39 1320/2137/1320 3720/2141/3720 1319/2140/1319
f 516/190/516 2673/2138/2673 3720/2141/3720 1320/2137/1320
f 1074/191/1074 2626/2139/2626 3720/2141/3720 2673/2138/2673
f 492/192/492 1319/2140/1319 3720/2141/3720 2626/2139/2626
f 39/189/39 1319/2142/1319 3721/2146/3721 1321/2145/1321
f 492/192/492 2625/2143/2625 3721/2146/3721 1319/2142/1319
f 1073/188/1073 2685/2144/2685 3721/2146/3721 2625/2143/2625
f 522/187/522 1321/2145/1321 3721/2146/3721 2685/2144/2685
f 40/193/40 1322/2147/1322 3722/2151/3722 1323/2150/1323
f 517/178/517 2675/2148/2675 3722/2151/3722 1322/2147/1322
f 1077/138/1077 2687/2149/2687 3722/2151/3722 2675/2148/2675
f 523/184/523 1323/2150/1323 3722/2151/3722 2687/2149/2687
f 40/193/40 1323/2152/1323 3723/2156/3723 1324/2155/1324
f 523/184/523 2688/2153/2688 3723/2156/3723 1323/2152/1323
f 1083/183/1083 2690/2154/2690 3723/2156/3723 2688/2153/2688
f 524/194/524 1324/2155/1324 3723/2156/3723 2690/2154/2690
f 40/193/40 1324/2157/1324 3724/2161/3724 1322/2160/1322
f 524/194/524 2689/2158/2689 3724/2161/3724 1324/2157/1324
f 1082/179/1082 2676/2159/2676 3724/2161/3724 2689/2158/2689
f 517/178/517 1322/2160/1322 3724/2161/3724 2676/2159/2676
f 41/195/41 1326/2162/1326 3725/2166/3725 1325/2165/1325
f 524/194/524 2690/2163/2690 3725/2166/3725 1326/2162/1326
f 1083/183/1083 2681/2164/2681 3725/2166/3725 2690/2163/2690
f 520/196/520 1325/2165/1325 3725/2166/3725 2681/2164/2681
f 41/195/41 1325/2167/1325 3726/2171/3726 1327/2170/1327
f 520/196/520 2682/2168/2682 3726/2171/3726 1325/2167/1325
f 1084/197/1084 2692/2169/2692 3726/2171/3726 2682/2168/2682
f 525/198/525 1327/2170/1327 3726/2171/3726 2692/2169/2692
f 41/195/41 1327/2172/1327 3727/2176/3727 1326/2175/1326
f 525/198/525 2691/2173/2691 3727/2176/3727 1327/2172/1327
f 1082/179/1082 2689/2174/2689 3727/2176/3727 2691/2173/2691
f 524/194/524 1326/2175/1326 3727/2176/3727 2689/2174/2689
f 42/199/42 1328/2177/1328 3728/2181/3728 1329/2180/1329
f 516/190/516 2674/2178/2674 3728/2181/3728 1328/2177/1328
f 1082/179/1082 2691/2179/2691 3728/2181/3728 2674/2178/2674
f 525/198/525 1329/2180/1329 3728/2181/3728 2691/2179/2691
f 42/199/42 1329/2182/1329 3729/2186/3729 1330/2185/1330
f 525/198/525 2692/2183/2692 3729/2186/3729 1329/2182/1329
f 1084/197/1084 2694/2184/2694 3729/2186/3729 2692/2183/2692
f 526/200/526 1330/2185/1330 3729/2186/3729 2694/2184/2694
f 42/199/42 1330/2187/1330 3730/2191/3730 1328/2190/1328
f 526/200/526 2693/2188/2693 3730/2191/3730 1330/2187/1330
f 1074/191/1074 2673/2189/2673 3730/2191/3730 2693/2188/2693
f 516/190/516 1328/2190/1328 3730/2191/3730 2673/2189/2673
f 43/201/43 1333/2192/1333 3731/2196/3731 1332/2195/1332
f 526/200/526 2694/2193/2694 3731/2196/3731 1333/2192/1333
f 1084/197/1084 2678/2194/2678 3731/2196/3731 2694/2193/2694
f 518/202/518 1332/2195/1332 3731/2196/3731 2678/2194/2678
f 43/201/43 1332/2197/1332 3732/2201/3732 1331/2200/1331
f 518/202/518 2677/2198/2677 3732/2201/3732 1332/2197/1332
f 1075/95/1075 2628/2199/2628 3732/2201/3732 2677/2198/2677
f 493/203/493 1331/2200/1331 3732/2201/3732 2628/2199/2628
f 43/201/43 1331/2202/1331 3733/2206/3733 1333/2205/1333
f 493/203/493 2627/2203/2627 3733/2206/3733 1331/2202/1331
f 1074/191/1074 2693/2204/2693 3733/2206/3733 2627/2203/2627
f 526/200/526 1333/2205/1333 3733/2206/3733 2693/2204/2693
f 44/204/44 1334/2207/1334 3734/2211/3734 1335/2210/1335
f 519/182/519 2679/2208/2679 3734/2211/3734 1334/2207/1334
f 1078/102/1078 2696/2209/2696 3734/2211/3734 2679/2208/2679
f 527/101/527 1335/2210/1335 3734/2211/3734 2696/2209/2696
f 44/204/44 1335/2212/1335 3735/2216/3735 1336/2215/1336
f 527/101/527 2695/2213/2695 3735/2216/3735 1335/2212/1335
f 1060/100/1060 2697/2214/2697 3735/2216/3735 2695/2213/2695
f 528/205/528 1336/2215/1336 3735/2216/3735 2697/2214/2697
f 44/204/44 1336/2217/1336 3736/2221/3736 1334/2220/1334
f 528/205/528 2698/2218/2698 3736/2221/3736 1336/2217/1336
f 1083/183/1083 2680/2219/2680 3736/2221/3736 2698/2218/2698
f 519/182/519 1334/2220/1334 3736/2221/3736 2680/2219/2680
f 45/206/45 1338/2222/1338 3737/2226/3737 1337/2225/1337
f 528/205/528 2697/2223/2697 3737/2226/3737 1338/2222/1338
f 1060/100/1060 2598/2224/2598 3737/2226/3737 2697/2223/2697
f 478/207/478 1337/2225/1337 3737/2226/3737 2598/2224/2598
f 45/206/45 1337/2227/1337 3738/2231/3738 1339/2230/1339
f 478/207/478 2597/2228/2597 3738/2231/3738 1337/2227/1337
f 1059/208/1059 2699/2229/2699 3738/2231/3738 2597/2228/2597
f 529/209/529 1339/2230/1339 3738/2231/3738 2699/2229/2699
f 45/206/45 1339/2232/1339 3739/2236/3739 1338/2235/1338
f 529/209/529 2700/2233/2700 3739/2236/3739 1339/2232/1339
f 1083/183/1083 2698/2234/2698 3739/2236/3739 2700/2233/2700
f 528/205/528 1338/2235/1338 3739/2236/3739 2698/2234/2698
f 46/210/46 1340/2237/1340 3740/2241/3740 1341/2240/1341
f 520/196/520 2681/2238/2681 3740/2241/3740 1340/2237/1340
f 1083/183/1083 2700/2239/2700 3740/2241/3740 2681/2238/2681
f 529/209/529 1341/2240/1341 3740/2241/3740 2700/2239/2700
f 46/210/46 1341/2242/1341 3741/2246/3741 1342/2245/1342
f 529/209/529 2699/2243/2699 3741/2246/3741 1341/2242/1341
f 1059/208/1059 2701/2244/2701 3741/2246/3741 2699/2243/2699
f 530/211/530 1342/2245/1342 3741/2246/3741 2701/2244/2701
f 46/210/46 1342/2247/1342 3742/2251/3742 1340/2250/1340
f 530/211/530 2702/2248/2702 3742/2251/3742 1342/2247/1342
f 1084/197/1084 2682/2249/2682 3742/2251/3742 2702/2248/2702
f 520/196/520 1340/2250/1340 3742/2251/3742 2682/2249/2682
f 47/212/47 1344/2252/1344 3743/2256/3743 1343/2255/1343
f 530/211/530 2701/2253/2701 3743/2256/3743 1344/2252/1344
f 1059/208/1059 2596/2254/2596 3743/2256/3743 2701/2253/2701
f 477/213/477 1343/2255/1343 3743/2256/3743 2596/2254/2596
f 47/212/47 1343/2257/1343 3744/2261/3744 1345/2260/1345
f 477/213/477 2595/2258/2595 3744/2261/3744 1343/2257/1343
f 1058/214/1058 2703/2259/2703 3744/2261/3744 2595/2258/2595
f 531/215/531 1345/2260/1345 3744/2261/3744 2703/2259/2703
f 47/212/47 1345/2262/1345 3745/2266/3745 1344/2265/1344
f 531/215/531 2704/2263/2704 3745/2266/3745 1345/2262/1345
f 1084/197/1084 2702/2264/2702 3745/2266/3745 2704/2263/2704
f 530/211/530 1344/2265/1344 3745/2266/3745 2702/2264/2702
f 48/216/48 1346/2267/1346 3746/2271/3746 1347/2270/1347
f 518/202/518 2678/2268/2678 3746/2271/3746 1346/2267/1346
f 1084/197/1084 2704/2269/2704 3746/2271/3746 2678/2268/2678
f 531/215/531 1347/2270/1347 3746/2271/3746 2704/2269/2704
f 48/216/48 1347/2272/1347 3747/2276/3747 1348/2275/1348
f 531/215/531 2703/2273/2703 3747/2276/3747 1347/2272/1347
f 1058/214/1058 2705/2274/2705 3747/2276/3747 2703/2273/2703
f 532/217/532 1348/2275/1348 3747/2276/3747 2705/2274/2705
f 48/216/48 1348/2277/1348 3748/2281/3748 1346/2280/1346
f 532/217/532 2706/2278/2706 3748/2281/3748 1348/2277/1348
f 1075/95/1075 2677/2279/2677 3748/2281/3748 2706/2278/2706
f 518/202/518 1346/2280/1346 3748/2281/3748 2677/2279/2677
f 49/218/49 1351/2282/1351 3749/2286/3749 1350/2285/1350
f 532/217/532 2705/2283/2705 3749/2286/3749 1351/2282/1351
f 1058/214/1058 2594/2284/2594 3749/2286/3749 2705/2283/2705
f 476/219/476 1350/2285/1350 3749/2286/3749 2594/2284/2594
f 49/218/49 1350/2287/1350 3750/2291/3750 1349/2290/1349
f 476/219/476 2593/2288/2593 3750/2291/3750 1350/2287/1350
f 989/91/989 2457/2289/2457 3750/2291/3750 2593/2288/2593
f 408/90/408 1349/2290/1349 3750/2291/3750 2457/2289/2457
f 49/218/49 1349/2292/1349 3751/2296/3751 1351/2295/1351
f 408/90/408 2458/2293/2458 3751/2296/3751 1349/2292/1349
f 1075/95/1075 2706/2294/2706 3751/2296/3751 2458/2293/2458
f 532/217/532 1351/2295/1351 3751/2296/3751 2706/2294/2706
f 50/220/50 1353/2297/1353 3752/2301/3752 1354/2300/1354
f 488/221/488 2617/2298/2617 3752/2301/3752 1353/2297/1353
f 1064/222/1064 2779/2299/2779 3752/2301/3752 2617/2298/2617
f 569/223/569 1354/2300/1354 3752/2301/3752 2779/2299/2779
f 50/220/50 1354/2302/1354 3753/2306/3753 1352/2305/1352
f 569/223/569 2780/2303/2780 3753/2306/3753 1354/2302/1354
f 1069/224/1069 2605/2304/2605 3753/2306/3753 2780/2303/2780
f 482/225/482 1352/2305/1352 3753/2306/3753 2605/2304/2605
f 50/220/50 1352/2307/1352 3754/2311/3754 1355/2310/1355
f 482/225/482 2606/2308/2606 3754/2311/3754 1352/2307/1352
f 1128/226/1128 3315/2309/3315 3754/2311/3754 2606/2308/2606
f 837/227/837 1355/2310/1355 3754/2311/3754 3315/2309/3315
f 50/220/50 1355/2312/1355 3755/2316/3755 1353/2315/1353
f 837/227/837 3316/2313/3316 3755/2316/3755 1355/2312/1355
f 1130/228/1130 2618/2314/2618 3755/2316/3755 3316/2313/3316
f 488/221/488 1353/2315/1353 3755/2316/3755 2618/2314/2618
f 51/229/51 1356/2317/1356 3756/2321/3756 1357/2320/1357
f 492/192/492 2626/2318/2626 3756/2321/3756 1356/2317/1356
f 1074/191/1074 2711/2319/2711 3756/2321/3756 2626/2318/2626
f 535/230/535 1357/2320/1357 3756/2321/3756 2711/2319/2711
f 51/229/51 1357/2322/1357 3757/2326/3757 1358/2325/1358
f 535/230/535 2712/2323/2712 3757/2326/3757 1357/2322/1357
f 1085/231/1085 2720/2324/2720 3757/2326/3757 2712/2323/2712
f 539/232/539 1358/2325/1358 3757/2326/3757 2720/2324/2720
f 51/229/51 1358/2327/1358 3758/2331/3758 1356/2330/1356
f 539/232/539 2719/2328/2719 3758/2331/3758 1358/2327/1358
f 1073/188/1073 2625/2329/2625 3758/2331/3758 2719/2328/2719
f 492/192/492 1356/2330/1356 3758/2331/3758 2625/2329/2625
f 52/233/52 1359/2332/1359 3759/2336/3759 1360/2335/1360
f 493/203/493 2628/2333/2628 3759/2336/3759 1359/2332/1359
f 1075/95/1075 2715/2334/2715 3759/2336/3759 2628/2333/2628
f 537/234/537 1360/2335/1360 3759/2336/3759 2715/2334/2715
f 52/233/52 1360/2337/1360 3760/2341/3760 1361/2340/1361
f 537/234/537 2716/2338/2716 3760/2341/3760 1360/2337/1360
f 1086/235/1086 2724/2339/2724 3760/2341/3760 2716/2338/2716
f 541/236/541 1361/2340/1361 3760/2341/3760 2724/2339/2724
f 52/233/52 1361/2342/1361 3761/2346/3761 1359/2345/1359
f 541/236/541 2723/2343/2723 3761/2346/3761 1361/2342/1361
f 1074/191/1074 2627/2344/2627 3761/2346/3761 2723/2343/2723
f 493/203/493 1359/2345/1359 3761/2346/3761 2627/2344/2627
f 53/237/53 1362/2347/1362 3762/2351/3762 1363/2350/1363
f 533/238/533 2708/2348/2708 3762/2351/3762 1362/2347/1362
f 1073/188/1073 2719/2349/2719 3762/2351/3762 2708/2348/2708
f 539/232/539 1363/2350/1363 3762/2351/3762 2719/2349/2719
f 53/237/53 1363/2352/1363 3763/2356/3763 1364/2355/1364
f 539/232/539 2720/2353/2720 3763/2356/3763 1363/2352/1363
f 1085/231/1085 2722/2354/2722 3763/2356/3763 2720/2353/2720
f 540/239/540 1364/2355/1364 3763/2356/3763 2722/2354/2722
f 53/237/53 1364/2357/1364 3764/2361/3764 1362/2360/1362
f 540/239/540 2721/2358/2721 3764/2361/3764 1364/2357/1364
f 1070/240/1070 2707/2359/2707 3764/2361/3764 2721/2358/2721
f 533/238/533 1362/2360/1362 3764/2361/3764 2707/2359/2707
f 54/241/54 1367/2362/1367 3765/2366/3765 1366/2365/1366
f 540/242/540 2722/2363/2722 3765/2366/3765 1367/2362/1367
f 1085/243/1085 2710/2364/2710 3765/2366/3765 2722/2363/2722
f 534/244/534 1366/2365/1366 3765/2366/3765 2710/2364/2710
f 54/241/54 1366/2367/1366 3766/2371/3766 1365/2370/1365
f 534/244/534 2709/2368/2709 3766/2371/3766 1366/2367/1366
f 1071/245/1071 2620/2369/2620 3766/2371/3766 2709/2368/2709
f 489/246/489 1365/2370/1365 3766/2371/3766 2620/2369/2620
f 54/241/54 1365/2372/1365 3767/2376/3767 1367/2375/1367
f 489/246/489 2619/2373/2619 3767/2376/3767 1365/2372/1365
f 1070/247/1070 2721/2374/2721 3767/2376/3767 2619/2373/2619
f 540/242/540 1367/2375/1367 3767/2376/3767 2721/2374/2721
f 55/248/55 1368/2377/1368 3768/2381/3768 1369/2380/1369
f 535/230/535 2711/2378/2711 3768/2381/3768 1368/2377/1368
f 1074/191/1074 2723/2379/2723 3768/2381/3768 2711/2378/2711
f 541/236/541 1369/2380/1369 3768/2381/3768 2723/2379/2723
f 55/248/55 1369/2382/1369 3769/2386/3769 1370/2385/1370
f 541/236/541 2724/2383/2724 3769/2386/3769 1369/2382/1369
f 1086/235/1086 2726/2384/2726 3769/2386/3769 2724/2383/2724
f 542/249/542 1370/2385/1370 3769/2386/3769 2726/2384/2726
f 55/248/55 1370/2387/1370 3770/2391/3770 1368/2390/1368
f 542/249/542 2725/2388/2725 3770/2391/3770 1370/2387/1370
f 1085/231/1085 2712/2389/2712 3770/2391/3770 2725/2388/2725
f 535/230/535 1368/2390/1368 3770/2391/3770 2712/2389/2712
f 56/250/56 1372/2392/1372 3771/2396/3771 1371/2395/1371
f 542/251/542 2726/2393/2726 3771/2396/3771 1372/2392/1372
f 1086/252/1086 2717/2394/2717 3771/2396/3771 2726/2393/2726
f 538/253/538 1371/2395/1371 3771/2396/3771 2717/2394/2717
f 56/250/56 1371/2397/1371 3772/2401/3772 1373/2400/1373
f 538/253/538 2718/2398/2718 3772/2401/3772 1371/2397/1371
f 1087/254/1087 2728/2399/2728 3772/2401/3772 2718/2398/2718
f 543/255/543 1373/2400/1373 3772/2401/3772 2728/2399/2728
f 56/250/56 1373/2402/1373 3773/2406/3773 1372/2405/1372
f 543/255/543 2727/2403/2727 3773/2406/3773 1373/2402/1373
f 1085/243/1085 2725/2404/2725 3773/2406/3773 2727/2403/2727
f 542/251/542 1372/2405/1372 3773/2406/3773 2725/2404/2725
f 57/256/57 1374/2407/1374 3774/2411/3774 1375/2410/1375
f 534/244/534 2710/2408/2710 3774/2411/3774 1374/2407/1374
f 1085/243/1085 2727/2409/2727 3774/2411/3774 2710/2408/2710
f 543/255/543 1375/2410/1375 3774/2411/3774 2727/2409/2727
f 57/256/57 1375/2412/1375 3775/2416/3775 1376/2415/1376
f 543/255/543 2728/2413/2728 3775/2416/3775 1375/2412/1375
f 1087/254/1087 2730/2414/2730 3775/2416/3775 2728/2413/2728
f 544/257/544 1376/2415/1376 3775/2416/3775 2730/2414/2730
f 57/256/57 1376/2417/1376 3776/2421/3776 1374/2420/1374
f 544/257/544 2729/2418/2729 3776/2421/3776 1376/2417/1376
f 1071/245/1071 2709/2419/2709 3776/2421/3776 2729/2418/2729
f 534/244/534 1374/2420/1374 3776/2421/3776 2709/2419/2709
f 58/258/58 1379/2422/1379 3777/2426/3777 1378/2425/1378
f 544/257/544 2730/2423/2730 3777/2426/3777 1379/2422/1379
f 1087/254/1087 2714/2424/2714 3777/2426/3777 2730/2423/2730
f 536/259/536 1378/2425/1378 3777/2426/3777 2714/2424/2714
f 58/258/58 1378/2427/1378 3778/2431/3778 1377/2430/1377
f 536/259/536 2713/2428/2713 3778/2431/3778 1378/2427/1378
f 1072/88/1072 2622/2429/2622 3778/2431/3778 2713/2428/2713
f 490/260/490 1377/2430/1377 3778/2431/3778 2622/2429/2622
f 58/258/58 1377/2432/1377 3779/2436/3779 1379/2435/1379
f 490/260/490 2621/2433/2621 3779/2436/3779 1377/2432/1377
f 1071/245/1071 2729/2434/2729 3779/2436/3779 2621/2433/2621
f 544/257/544 1379/2435/1379 3779/2436/3779 2729/2434/2729
f 59/261/59 1380/2437/1380 3780/2441/3780 1381/2440/1381
f 537/234/537 2715/2438/2715 3780/2441/3780 1380/2437/1380
f 1075/95/1075 2732/2439/2732 3780/2441/3780 2715/2438/2715
f 545/94/545 1381/2440/1381 3780/2441/3780 2732/2439/2732
f 59/261/59 1381/2442/1381 3781/2446/3781 1382/2445/1382
f 545/94/545 2731/2443/2731 3781/2446/3781 1381/2442/1381
f 1057/93/1057 2733/2444/2733 3781/2446/3781 2731/2443/2731
f 546/262/546 1382/2445/1382 3781/2446/3781 2733/2444/2733
f 59/261/59 1382/2447/1382 3782/2451/3782 1380/2450/1380
f 546/262/546 2734/2448/2734 3782/2451/3782 1382/2447/1382
f 1086/235/1086 2716/2449/2716 3782/2451/3782 2734/2448/2734
f 537/234/537 1380/2450/1380 3782/2451/3782 2716/2449/2716
f 60/263/60 1384/2452/1384 3783/2456/3783 1383/2455/1383
f 546/264/546 2733/2453/2733 3783/2456/3783 1384/2452/1384
f 1057/265/1057 2592/2454/2592 3783/2456/3783 2733/2453/2733
f 475/266/475 1383/2455/1383 3783/2456/3783 2592/2454/2592
f 60/263/60 1383/2457/1383 3784/2461/3784 1385/2460/1385
f 475/266/475 2591/2458/2591 3784/2461/3784 1383/2457/1383
f 1056/267/1056 2735/2459/2735 3784/2461/3784 2591/2458/2591
f 547/268/547 1385/2460/1385 3784/2461/3784 2735/2459/2735
f 60/263/60 1385/2462/1385 3785/2466/3785 1384/2465/1384
f 547/268/547 2736/2463/2736 3785/2466/3785 1385/2462/1385
f 1086/252/1086 2734/2464/2734 3785/2466/3785 2736/2463/2736
f 546/264/546 1384/2465/1384 3785/2466/3785 2734/2464/2734
f 61/269/61 1386/2467/1386 3786/2471/3786 1387/2470/1387
f 538/253/538 2717/2468/2717 3786/2471/3786 1386/2467/1386
f 1086/252/1086 2736/2469/2736 3786/2471/3786 2717/2468/2717
f 547/268/547 1387/2470/1387 3786/2471/3786 2736/2469/2736
f 61/269/61 1387/2472/1387 3787/2476/3787 1388/2475/1388
f 547/268/547 2735/2473/2735 3787/2476/3787 1387/2472/1387
f 1056/267/1056 2737/2474/2737 3787/2476/3787 2735/2473/2735
f 548/270/548 1388/2475/1388 3787/2476/3787 2737/2474/2737
f 61/269/61 1388/2477/1388 3788/2481/3788 1386/2480/1386
f 548/270/548 2738/2478/2738 3788/2481/3788 1388/2477/1388
f 1087/254/1087 2718/2479/2718 3788/2481/3788 2738/2478/2738
f 538/253/538 1386/2480/1386 3788/2481/3788 2718/2479/2718
f 62/271/62 1390/2482/1390 3789/2486/3789 1389/2485/1389
f 548/270/548 2737/2483/2737 3789/2486/3789 1390/2482/1390
f 1056/267/1056 2590/2484/2590 3789/2486/3789 2737/2483/2737
f 474/272/474 1389/2485/1389 3789/2486/3789 2590/2484/2590
f 62/271/62 1389/2487/1389 3790/2491/3790 1391/2490/1391
f 474/272/474 2589/2488/2589 3790/2491/3790 1389/2487/1389
f 1055/273/1055 2739/2489/2739 3790/2491/3790 2589/2488/2589
f 549/274/549 1391/2490/1391 3790/2491/3790 2739/2489/2739
f 62/271/62 1391/2492/1391 3791/2496/3791 1390/2495/1390
f 549/274/549 2740/2493/2740 3791/2496/3791 1391/2492/1391
f 1087/254/1087 2738/2494/2738 3791/2496/3791 2740/2493/2740
f 548/270/548 1390/2495/1390 3791/2496/3791 2738/2494/2738
f 63/275/63 1392/2497/1392 3792/2501/3792 1393/2500/1393
f 536/259/536 2714/2498/2714 3792/2501/3792 1392/2497/1392
f 1087/254/1087 2740/2499/2740 3792/2501/3792 2714/2498/2714
f 549/274/549 1393/2500/1393 3792/2501/3792 2740/2499/2740
f 63/275/63 1393/2502/1393 3793/2506/3793 1394/2505/1394
f 549/274/549 2739/2503/2739 3793/2506/3793 1393/2502/1393
f 1055/273/1055 2741/2504/2741 3793/2506/3793 2739/2503/2739
f 550/276/550 1394/2505/1394 3793/2506/3793 2741/2504/2741
f 63/275/63 1394/2507/1394 3794/2511/3794 1392/2510/1392
f 550/276/550 2742/2508/2742 3794/2511/3794 1394/2507/1394
f 1072/88/1072 2713/2509/2713 3794/2511/3794 2742/2508/2742
f 536/259/536 1392/2510/1392 3794/2511/3794 2713/2509/2713
f 64/277/64 1397/2512/1397 3795/2516/3795 1396/2515/1396
f 550/276/550 2741/2513/2741 3795/2516/3795 1397/2512/1397
f 1055/273/1055 2588/2514/2588 3795/2516/3795 2741/2513/2741
f 473/278/473 1396/2515/1396 3795/2516/3795 2588/2514/2588
f 64/277/64 1396/2517/1396 3796/2521/3796 1395/2520/1395
f 473/278/473 2587/2518/2587 3796/2521/3796 1396/2517/1396
f 988/84/988 2455/2519/2455 3796/2521/3796 2587/2518/2587
f 407/83/407 1395/2520/1395 3796/2521/3796 2455/2519/2455
f 64/277/64 1395/2522/1395 3797/2526/3797 1397/2525/1397
f 407/83/407 2456/2523/2456 3797/2526/3797 1395/2522/1395
f 1072/88/1072 2742/2524/2742 3797/2526/3797 2456/2523/2456
f 550/276/550 1397/2525/1397 3797/2526/3797 2742/2524/2742
f 65/279/65 1399/2527/1399 3798/2531/3798 1400/2530/1400
f 494/280/494 2629/2528/2629 3798/2531/3798 1399/2527/1399
f 1070/281/1070 2744/2529/2744 3798/2531/3798 2629/2528/2629
f 551/282/551 1400/2530/1400 3798/2531/3798 2744/2529/2744
f 65/279/65 1400/2532/1400 3799/2536/3799 1398/2535/1398
f 551/282/551 2743/2533/2743 3799/2536/3799 1400/2532/1400
f 1064/222/1064 2617/2534/2617 3799/2536/3799 2743/2533/2743
f 488/221/488 1398/2535/1398 3799/2536/3799 2617/2534/2617
f 65/279/65 1398/2537/1398 3800/2541/3800 1401/2540/1401
f 488/221/488 2618/2538/2618 3800/2541/3800 1398/2537/1398
f 1130/228/1130 3313/2539/3313 3800/2541/3800 2618/2538/2618
f 836/283/836 1401/2540/1401 3800/2541/3800 3313/2539/3313
f 65/279/65 1401/2542/1401 3801/2546/3801 1399/2545/1399
f 836/283/836 3314/2543/3314 3801/2546/3801 1401/2542/1401
f 1131/284/1131 2630/2544/2630 3801/2546/3801 3314/2543/3314
f 494/280/494 1399/2545/1399 3801/2546/3801 2630/2544/2630
f 66/285/66 1402/2547/1402 3802/2551/3802 1403/2550/1403
f 489/286/489 2620/2548/2620 3802/2551/3802 1402/2547/1402
f 1071/287/1071 2747/2549/2747 3802/2551/3802 2620/2548/2620
f 553/288/553 1403/2550/1403 3802/2551/3802 2747/2549/2747
f 66/285/66 1403/2552/1403 3803/2556/3803 1404/2555/1404
f 553/288/553 2748/2553/2748 3803/2556/3803 1403/2552/1403
f 1088/289/1088 2756/2554/2756 3803/2556/3803 2748/2553/2748
f 557/290/557 1404/2555/1404 3803/2556/3803 2756/2554/2756
f 66/285/66 1404/2557/1404 3804/2561/3804 1402/2560/1402
f 557/290/557 2755/2558/2755 3804/2561/3804 1404/2557/1404
f 1070/291/1070 2619/2559/2619 3804/2561/3804 2755/2558/2755
f 489/286/489 1402/2560/1402 3804/2561/3804 2619/2559/2619
f 67/292/67 1405/2562/1405 3805/2566/3805 1406/2565/1406
f 490/260/490 2622/2563/2622 3805/2566/3805 1405/2562/1405
f 1072/88/1072 2751/2564/2751 3805/2566/3805 2622/2563/2622
f 555/293/555 1406/2565/1406 3805/2566/3805 2751/2564/2751
f 67/292/67 1406/2567/1406 3806/2571/3806 1407/2570/1407
f 555/293/555 2752/2568/2752 3806/2571/3806 1406/2567/1406
f 1089/294/1089 2760/2569/2760 3806/2571/3806 2752/2568/2752
f 559/295/559 1407/2570/1407 3806/2571/3806 2760/2569/2760
f 67/292/67 1407/2572/1407 3807/2576/3807 1405/2575/1405
f 559/295/559 2759/2573/2759 3807/2576/3807 1407/2572/1407
f 1071/245/1071 2621/2574/2621 3807/2576/3807 2759/2573/2759
f 490/260/490 1405/2575/1405 3807/2576/3807 2621/2574/2621
f 68/296/68 1408/2577/1408 3808/2581/3808 1409/2580/1409
f 551/297/551 2744/2578/2744 3808/2581/3808 1408/2577/1408
f 1070/291/1070 2755/2579/2755 3808/2581/3808 2744/2578/2744
f 557/290/557 1409/2580/1409 3808/2581/3808 2755/2579/2755
f 68/296/68 1409/2582/1409 3809/2586/3809 1410/2585/1410
f 557/290/557 2756/2583/2756 3809/2586/3809 1409/2582/1409
f 1088/289/1088 2758/2584/2758 3809/2586/3809 2756/2583/2756
f 558/298/558 1410/2585/1410 3809/2586/3809 2758/2584/2758
f 68/296/68 1410/2587/1410 3810/2591/3810 1408/2590/1408
f 558/298/558 2757/2588/2757 3810/2591/3810 1410/2587/1410
f 1064/299/1064 2743/2589/2743 3810/2591/3810 2757/2588/2757
f 551/297/551 1408/2590/1408 3810/2591/3810 2743/2589/2743
f 69/300/69 1413/2592/1413 3811/2596/3811 1412/2595/1412
f 558/298/558 2758/2593/2758 3811/2596/3811 1413/2592/1413
f 1088/289/1088 2746/2594/2746 3811/2596/3811 2758/2593/2758
f 552/301/552 1412/2595/1412 3811/2596/3811 2746/2594/2746
f 69/300/69 1412/2597/1412 3812/2601/3812 1411/2600/1411
f 552/301/552 2745/2598/2745 3812/2601/3812 1412/2597/1412
f 1065/302/1065 2608/2599/2608 3812/2601/3812 2745/2598/2745
f 483/303/483 1411/2600/1411 3812/2601/3812 2608/2599/2608
f 69/300/69 1411/2602/1411 3813/2606/3813 1413/2605/1413
f 483/303/483 2607/2603/2607 3813/2606/3813 1411/2602/1411
f 1064/299/1064 2757/2604/2757 3813/2606/3813 2607/2603/2607
f 558/298/558 1413/2605/1413 3813/2606/3813 2757/2604/2757
f 70/304/70 1414/2607/1414 3814/2611/3814 1415/2610/1415
f 553/288/553 2747/2608/2747 3814/2611/3814 1414/2607/1414
f 1071/287/1071 2759/2609/2759 3814/2611/3814 2747/2608/2747
f 559/305/559 1415/2610/1415 3814/2611/3814 2759/2609/2759
f 70/304/70 1415/2612/1415 3815/2616/3815 1416/2615/1416
f 559/305/559 2760/2613/2760 3815/2616/3815 1415/2612/1415
f 1089/306/1089 2762/2614/2762 3815/2616/3815 2760/2613/2760
f 560/307/560 1416/2615/1416 3815/2616/3815 2762/2614/2762
f 70/304/70 1416/2617/1416 3816/2621/3816 1414/2620/1414
f 560/307/560 2761/2618/2761 3816/2621/3816 1416/2617/1416
f 1088/289/1088 2748/2619/2748 3816/2621/3816 2761/2618/2761
f 553/288/553 1414/2620/1414 3816/2621/3816 2748/2619/2748
f 71/308/71 1418/2622/1418 3817/2626/3817 1417/2625/1417
f 560/307/560 2762/2623/2762 3817/2626/3817 1418/2622/1418
f 1089/306/1089 2753/2624/2753 3817/2626/3817 2762/2623/2762
f 556/309/556 1417/2625/1417 3817/2626/3817 2753/2624/2753
f 71/308/71 1417/2627/1417 3818/2631/3818 1419/2630/1419
f 556/309/556 2754/2628/2754 3818/2631/3818 1417/2627/1417
f 1090/310/1090 2764/2629/2764 3818/2631/3818 2754/2628/2754
f 561/311/561 1419/2630/1419 3818/2631/3818 2764/2629/2764
f 71/308/71 1419/2632/1419 3819/2636/3819 1418/2635/1418
f 561/311/561 2763/2633/2763 3819/2636/3819 1419/2632/1419
f 1088/289/1088 2761/2634/2761 3819/2636/3819 2763/2633/2763
f 560/307/560 1418/2635/1418 3819/2636/3819 2761/2634/2761
f 72/312/72 1420/2637/1420 3820/2641/3820 1421/2640/1421
f 552/301/552 2746/2638/2746 3820/2641/3820 1420/2637/1420
f 1088/289/1088 2763/2639/2763 3820/2641/3820 2746/2638/2746
f 561/311/561 1421/2640/1421 3820/2641/3820 2763/2639/2763
f 72/312/72 1421/2642/1421 3821/2646/3821 1422/2645/1422
f 561/311/561 2764/2643/2764 3821/2646/3821 1421/2642/1421
f 1090/310/1090 2766/2644/2766 3821/2646/3821 2764/2643/2764
f 562/313/562 1422/2645/1422 3821/2646/3821 2766/2644/2766
f 72/312/72 1422/2647/1422 3822/2651/3822 1420/2650/1420
f 562/313/562 2765/2648/2765 3822/2651/3822 1422/2647/1422
f 1065/302/1065 2745/2649/2745 3822/2651/3822 2765/2648/2765
f 552/301/552 1420/2650/1420 3822/2651/3822 2745/2649/2745
f 73/314/73 1425/2652/1425 3823/2656/3823 1424/2655/1424
f 562/313/562 2766/2653/2766 3823/2656/3823 1425/2652/1425
f 1090/310/1090 2750/2654/2750 3823/2656/3823 2766/2653/2766
f 554/315/554 1424/2655/1424 3823/2656/3823 2750/2654/2750
f 73/314/73 1424/2657/1424 3824/2661/3824 1423/2660/1423
f 554/315/554 2749/2658/2749 3824/2661/3824 1424/2657/1424
f 1066/81/1066 2610/2659/2610 3824/2661/3824 2749/2658/2749
f 484/316/484 1423/2660/1423 3824/2661/3824 2610/2659/2610
f 73/314/73 1423/2662/1423 3825/2666/3825 1425/2665/1425
f 484/316/484 2609/2663/2609 3825/2666/3825 1423/2662/1423
f 1065/302/1065 2765/2664/2765 3825/2666/3825 2609/2663/2609
f 562/313/562 1425/2665/1425 3825/2666/3825 2765/2664/2765
f 74/317/74 1426/2667/1426 3826/2671/3826 1427/2670/1427
f 555/293/555 2751/2668/2751 3826/2671/3826 1426/2667/1426
f 1072/88/1072 2768/2669/2768 3826/2671/3826 2751/2668/2751
f 563/87/563 1427/2670/1427 3826/2671/3826 2768/2669/2768
f 74/317/74 1427/2672/1427 3827/2676/3827 1428/2675/1428
f 563/87/563 2767/2673/2767 3827/2676/3827 1427/2672/1427
f 1054/86/1054 2769/2674/2769 3827/2676/3827 2767/2673/2767
f 564/318/564 1428/2675/1428 3827/2676/3827 2769/2674/2769
f 74/317/74 1428/2677/1428 3828/2681/3828 1426/2680/1426
f 564/318/564 2770/2678/2770 3828/2681/3828 1428/2677/1428
f 1089/294/1089 2752/2679/2752 3828/2681/3828 2770/2678/2770
f 555/293/555 1426/2680/1426 3828/2681/3828 2752/2679/2752
f 75/319/75 1430/2682/1430 3829/2686/3829 1429/2685/1429
f 564/320/564 2769/2683/2769 3829/2686/3829 1430/2682/1430
f 1054/321/1054 2586/2684/2586 3829/2686/3829 2769/2683/2769
f 472/322/472 1429/2685/1429 3829/2686/3829 2586/2684/2586
f 75/319/75 1429/2687/1429 3830/2691/3830 1431/2690/1431
f 472/322/472 2585/2688/2585 3830/2691/3830 1429/2687/1429
f 1053/323/1053 2771/2689/2771 3830/2691/3830 2585/2688/2585
f 565/324/565 1431/2690/1431 3830/2691/3830 2771/2689/2771
f 75/319/75 1431/2692/1431 3831/2696/3831 1430/2695/1430
f 565/324/565 2772/2693/2772 3831/2696/3831 1431/2692/1431
f 1089/306/1089 2770/2694/2770 3831/2696/3831 2772/2693/2772
f 564/320/564 1430/2695/1430 3831/2696/3831 2770/2694/2770
f 76/325/76 1432/2697/1432 3832/2701/3832 1433/2700/1433
f 556/309/556 2753/2698/2753 3832/2701/3832 1432/2697/1432
f 1089/306/1089 2772/2699/2772 3832/2701/3832 2753/2698/2753
f 565/324/565 1433/2700/1433 3832/2701/3832 2772/2699/2772
f 76/325/76 1433/2702/1433 3833/2706/3833 1434/2705/1434
f 565/324/565 2771/2703/2771 3833/2706/3833 1433/2702/1433
f 1053/323/1053 2773/2704/2773 3833/2706/3833 2771/2703/2771
f 566/326/566 1434/2705/1434 3833/2706/3833 2773/2704/2773
f 76/325/76 1434/2707/1434 3834/2711/3834 1432/2710/1432
f 566/326/566 2774/2708/2774 3834/2711/3834 1434/2707/1434
f 1090/310/1090 2754/2709/2754 3834/2711/3834 2774/2708/2774
f 556/309/556 1432/2710/1432 3834/2711/3834 2754/2709/2754
f 77/327/77 1436/2712/1436 3835/2716/3835 1435/2715/1435
f 566/326/566 2773/2713/2773 3835/2716/3835 1436/2712/1436
f 1053/323/1053 2584/2714/2584 3835/2716/3835 2773/2713/2773
f 471/328/471 1435/2715/1435 3835/2716/3835 2584/2714/2584
f 77/327/77 1435/2717/1435 3836/2721/3836 1437/2720/1437
f 471/328/471 2583/2718/2583 3836/2721/3836 1435/2717/1435
f 1052/329/1052 2775/2719/2775 3836/2721/3836 2583/2718/2583
f 567/330/567 1437/2720/1437 3836/2721/3836 2775/2719/2775
f 77/327/77 1437/2722/1437 3837/2726/3837 1436/2725/1436
f 567/330/567 2776/2723/2776 3837/2726/3837 1437/2722/1437
f 1090/310/1090 2774/2724/2774 3837/2726/3837 2776/2723/2776
f 566/326/566 1436/2725/1436 3837/2726/3837 2774/2724/2774
f 78/331/78 1438/2727/1438 3838/2731/3838 1439/2730/1439
f 554/315/554 2750/2728/2750 3838/2731/3838 1438/2727/1438
f 1090/310/1090 2776/2729/2776 3838/2731/3838 2750/2728/2750
f 567/330/567 1439/2730/1439 3838/2731/3838 2776/2729/2776
f 78/331/78 1439/2732/1439 3839/2736/3839 1440/2735/1440
f 567/330/567 2775/2733/2775 3839/2736/3839 1439/2732/1439
f 1052/329/1052 2777/2734/2777 3839/2736/3839 2775/2733/2775
f 568/332/568 1440/2735/1440 3839/2736/3839 2777/2734/2777
f 78/331/78 1440/2737/1440 3840/2741/3840 1438/2740/1438
f 568/332/568 2778/2738/2778 3840/2741/3840 1440/2737/1440
f 1066/81/1066 2749/2739/2749 3840/2741/3840 2778/2738/2778
f 554/315/554 1438/2740/1438 3840/2741/3840 2749/2739/2749
f 79/333/79 1443/2742/1443 3841/2746/3841 1442/2745/1442
f 568/332/568 2777/2743/2777 3841/2746/3841 1443/2742/1443
f 1052/329/1052 2582/2744/2582 3841/2746/3841 2777/2743/2777
f 470/334/470 1442/2745/1442 3841/2746/3841 2582/2744/2582
f 79/333/79 1442/2747/1442 3842/2751/3842 1441/2750/1441
f 470/334/470 2581/2748/2581 3842/2751/3842 1442/2747/1442
f 987/77/987 2451/2749/2451 3842/2751/3842 2581/2748/2581
f 405/76/405 1441/2750/1441 3842/2751/3842 2451/2749/2451
f 79/333/79 1441/2752/1441 3843/2756/3843 1443/2755/1443
f 405/76/405 2452/2753/2452 3843/2756/3843 1441/2752/1441
f 1066/81/1066 2778/2754/2778 3843/2756/3843 2452/2753/2452
f 568/332/568 1443/2755/1443 3843/2756/3843 2778/2754/2778
f 80/335/80 1444/2757/1444 3844/2761/3844 1446/2760/1446
f 491/336/491 2623/2758/2623 3844/2761/3844 1444/2757/1444
f 1073/337/1073 2708/2759/2708 3844/2761/3844 2623/2758/2623
f 533/338/533 1446/2760/1446 3844/2761/3844 2708/2759/2708
f 80/335/80 1446/2762/1446 3845/2766/3845 1445/2765/1445
f 533/338/533 2707/2763/2707 3845/2766/3845 1446/2762/1446
f 1070/339/1070 2629/2764/2629 3845/2766/3845 2707/2763/2707
f 494/340/494 1445/2765/1445 3845/2766/3845 2629/2764/2629
f 80/335/80 1445/2767/1445 3846/2771/3846 1447/2770/1447
f 494/340/494 2630/2768/2630 3846/2771/3846 1445/2767/1445
f 1131/341/1131 3311/2769/3311 3846/2771/3846 2630/2768/2630
f 835/342/835 1447/2770/1447 3846/2771/3846 3311/2769/3311
f 80/335/80 1447/2772/1447 3847/2776/3847 1444/2775/1444
f 835/342/835 3312/2773/3312 3847/2776/3847 1447/2772/1447
f 1132/343/1132 2624/2774/2624 3847/2776/3847 3312/2773/3312
f 491/336/491 1444/2775/1444 3847/2776/3847 2624/2774/2624
f 81/344/81 1448/2777/1448 3848/2781/3848 1449/2780/1449
f 483/303/483 2608/2778/2608 3848/2781/3848 1448/2777/1448
f 1065/302/1065 2783/2779/2783 3848/2781/3848 2608/2778/2608
f 571/345/571 1449/2780/1449 3848/2781/3848 2783/2779/2783
f 81/344/81 1449/2782/1449 3849/2786/3849 1450/2785/1450
f 571/345/571 2784/2783/2784 3849/2786/3849 1449/2782/1449
f 1091/346/1091 2792/2784/2792 3849/2786/3849 2784/2783/2784
f 575/347/575 1450/2785/1450 3849/2786/3849 2792/2784/2792
f 81/344/81 1450/2787/1450 3850/2791/3850 1448/2790/1448
f 575/347/575 2791/2788/2791 3850/2791/3850 1450/2787/1450
f 1064/299/1064 2607/2789/2607 3850/2791/3850 2791/2788/2791
f 483/303/483 1448/2790/1448 3850/2791/3850 2607/2789/2607
f 82/348/82 1451/2792/1451 3851/2796/3851 1452/2795/1452
f 484/316/484 2610/2793/2610 3851/2796/3851 1451/2792/1451
f 1066/81/1066 2787/2794/2787 3851/2796/3851 2610/2793/2610
f 573/349/573 1452/2795/1452 3851/2796/3851 2787/2794/2787
f 82/348/82 1452/2797/1452 3852/2801/3852 1453/2800/1453
f 573/349/573 2788/2798/2788 3852/2801/3852 1452/2797/1452
f 1092/350/1092 2796/2799/2796 3852/2801/3852 2788/2798/2788
f 577/351/577 1453/2800/1453 3852/2801/3852 2796/2799/2796
f 82/348/82 1453/2802/1453 3853/2806/3853 1451/2805/1451
f 577/351/577 2795/2803/2795 3853/2806/3853 1453/2802/1453
f 1065/302/1065 2609/2804/2609 3853/2806/3853 2795/2803/2795
f 484/316/484 1451/2805/1451 3853/2806/3853 2609/2804/2609
f 83/352/83 1454/2807/1454 3854/2811/3854 1455/2810/1455
f 569/353/569 2779/2808/2779 3854/2811/3854 1454/2807/1454
f 1064/299/1064 2791/2809/2791 3854/2811/3854 2779/2808/2779
f 575/347/575 1455/2810/1455 3854/2811/3854 2791/2809/2791
f 83/352/83 1455/2812/1455 3855/2816/3855 1456/2815/1456
f 575/347/575 2792/2813/2792 3855/2816/3855 1455/2812/1455
f 1091/346/1091 2794/2814/2794 3855/2816/3855 2792/2813/2792
f 576/354/576 1456/2815/1456 3855/2816/3855 2794/2814/2794
f 83/352/83 1456/2817/1456 3856/2821/3856 1454/2820/1454
f 576/354/576 2793/2818/2793 3856/2821/3856 1456/2817/1456
f 1069/355/1069 2780/2819/2780 3856/2821/3856 2793/2818/2793
f 569/353/569 1454/2820/1454 3856/2821/3856 2780/2819/2780
f 84/356/84 1459/2822/1459 3857/2826/3857 1458/2825/1458
f 576/354/576 2794/2823/2794 3857/2826/3857 1459/2822/1459
f 1091/346/1091 2782/2824/2782 3857/2826/3857 2794/2823/2794
f 570/357/570 1458/2825/1458 3857/2826/3857 2782/2824/2782
f 84/356/84 1458/2827/1458 3858/2831/3858 1457/2830/1457
f 570/357/570 2781/2828/2781 3858/2831/3858 1458/2827/1458
f 1068/358/1068 2615/2829/2615 3858/2831/3858 2781/2828/2781
f 487/359/487 1457/2830/1457 3858/2831/3858 2615/2829/2615
f 84/356/84 1457/2832/1457 3859/2836/3859 1459/2835/1459
f 487/359/487 2616/2833/2616 3859/2836/3859 1457/2832/1457
f 1069/355/1069 2793/2834/2793 3859/2836/3859 2616/2833/2616
f 576/354/576 1459/2835/1459 3859/2836/3859 2793/2834/2793
f 85/360/85 1460/2837/1460 3860/2841/3860 1461/2840/1461
f 571/345/571 2783/2838/2783 3860/2841/3860 1460/2837/1460
f 1065/302/1065 2795/2839/2795 3860/2841/3860 2783/2838/2783
f 577/351/577 1461/2840/1461 3860/2841/3860 2795/2839/2795
f 85/360/85 1461/2842/1461 3861/2846/3861 1462/2845/1462
f 577/351/577 2796/2843/2796 3861/2846/3861 1461/2842/1461
f 1092/350/1092 2798/2844/2798 3861/2846/3861 2796/2843/2796
f 578/361/578 1462/2845/1462 3861/2846/3861 2798/2844/2798
f 85/360/85 1462/2847/1462 3862/2851/3862 1460/2850/1460
f 578/361/578 2797/2848/2797 3862/2851/3862 1462/2847/1462
f 1091/346/1091 2784/2849/2784 3862/2851/3862 2797/2848/2797
f 571/345/571 1460/2850/1460 3862/2851/3862 2784/2849/2784
f 86/362/86 1464/2852/1464 3863/2856/3863 1463/2855/1463
f 578/361/578 2798/2853/2798 3863/2856/3863 1464/2852/1464
f 1092/350/1092 2789/2854/2789 3863/2856/3863 2798/2853/2798
f 574/363/574 1463/2855/1463 3863/2856/3863 2789/2854/2789
f 86/362/86 1463/2857/1463 3864/2861/3864 1465/2860/1465
f 574/363/574 2790/2858/2790 3864/2861/3864 1463/2857/1463
f 1093/364/1093 2800/2859/2800 3864/2861/3864 2790/2858/2790
f 579/365/579 1465/2860/1465 3864/2861/3864 2800/2859/2800
f 86/362/86 1465/2862/1465 3865/2866/3865 1464/2865/1464
f 579/365/579 2799/2863/2799 3865/2866/3865 1465/2862/1465
f 1091/346/1091 2797/2864/2797 3865/2866/3865 2799/2863/2799
f 578/361/578 1464/2865/1464 3865/2866/3865 2797/2864/2797
f 87/366/87 1466/2867/1466 3866/2871/3866 1467/2870/1467
f 570/357/570 2782/2868/2782 3866/2871/3866 1466/2867/1466
f 1091/346/1091 2799/2869/2799 3866/2871/3866 2782/2868/2782
f 579/365/579 1467/2870/1467 3866/2871/3866 2799/2869/2799
f 87/366/87 1467/2872/1467 3867/2876/3867 1468/2875/1468
f 579/365/579 2800/2873/2800 3867/2876/3867 1467/2872/1467
f 1093/364/1093 2802/2874/2802 3867/2876/3867 2800/2873/2800
f 580/367/580 1468/2875/1468 3867/2876/3867 2802/2874/2802
f 87/366/87 1468/2877/1468 3868/2881/3868 1466/2880/1466
f 580/367/580 2801/2878/2801 3868/2881/3868 1468/2877/1468
f 1068/358/1068 2781/2879/2781 3868/2881/3868 2801/2878/2801
f 570/357/570 1466/2880/1466 3868/2881/3868 2781/2879/2781
f 88/368/88 1471/2882/1471 3869/2886/3869 1470/2885/1470
f 580/367/580 2802/2883/2802 3869/2886/3869 1471/2882/1471
f 1093/364/1093 2786/2884/2786 3869/2886/3869 2802/2883/2802
f 572/369/572 1470/2885/1470 3869/2886/3869 2786/2884/2786
f 88/368/88 1470/2887/1470 3870/2891/3870 1469/2890/1469
f 572/369/572 2785/2888/2785 3870/2891/3870 1470/2887/1470
f 1067/370/1067 2613/2889/2613 3870/2891/3870 2785/2888/2785
f 486/371/486 1469/2890/1469 3870/2891/3870 2613/2889/2613
f 88/368/88 1469/2892/1469 3871/2896/3871 1471/2895/1471
f 486/371/486 2614/2893/2614 3871/2896/3871 1469/2892/1469
f 1068/358/1068 2801/2894/2801 3871/2896/3871 2614/2893/2614
f 580/367/580 1471/2895/1471 3871/2896/3871 2801/2894/2801
f 89/372/89 1472/2897/1472 3872/2901/3872 1473/2900/1473
f 573/349/573 2787/2898/2787 3872/2901/3872 1472/2897/1472
f 1066/81/1066 2804/2899/2804 3872/2901/3872 2787/2898/2787
f 581/80/581 1473/2900/1473 3872/2901/3872 2804/2899/2804
f 89/372/89 1473/2902/1473 3873/2906/3873 1474/2905/1474
f 581/80/581 2803/2903/2803 3873/2906/3873 1473/2902/1473
f 1051/79/1051 2805/2904/2805 3873/2906/3873 2803/2903/2803
f 582/373/582 1474/2905/1474 3873/2906/3873 2805/2904/2805
f 89/372/89 1474/2907/1474 3874/2911/3874 1472/2910/1472
f 582/373/582 2806/2908/2806 3874/2911/3874 1474/2907/1474
f 1092/350/1092 2788/2909/2788 3874/2911/3874 2806/2908/2806
f 573/349/573 1472/2910/1472 3874/2911/3874 2788/2909/2788
f 90/374/90 1476/2912/1476 3875/2916/3875 1475/2915/1475
f 582/373/582 2805/2913/2805 3875/2916/3875 1476/2912/1476
f 1051/79/1051 2580/2914/2580 3875/2916/3875 2805/2913/2805
f 469/375/469 1475/2915/1475 3875/2916/3875 2580/2914/2580
f 90/374/90 1475/2917/1475 3876/2921/3876 1477/2920/1477
f 469/375/469 2579/2918/2579 3876/2921/3876 1475/2917/1475
f 1050/376/1050 2807/2919/2807 3876/2921/3876 2579/2918/2579
f 583/377/583 1477/2920/1477 3876/2921/3876 2807/2919/2807
f 90/374/90 1477/2922/1477 3877/2926/3877 1476/2925/1476
f 583/377/583 2808/2923/2808 3877/2926/3877 1477/2922/1477
f 1092/350/1092 2806/2924/2806 3877/2926/3877 2808/2923/2808
f 582/373/582 1476/2925/1476 3877/2926/3877 2806/2924/2806
f 91/378/91 1478/2927/1478 3878/2931/3878 1479/2930/1479
f 574/363/574 2789/2928/2789 3878/2931/3878 1478/2927/1478
f 1092/350/1092 2808/2929/2808 3878/2931/3878 2789/2928/2789
f 583/377/583 1479/2930/1479 3878/2931/3878 2808/2929/2808
f 91/378/91 1479/2932/1479 3879/2936/3879 1480/2935/1480
f 583/377/583 2807/2933/2807 3879/2936/3879 1479/2932/1479
f 1050/376/1050 2809/2934/2809 3879/2936/3879 2807/2933/2807
f 584/379/584 1480/2935/1480 3879/2936/3879 2809/2934/2809
f 91/378/91 1480/2937/1480 3880/2941/3880 1478/2940/1478
f 584/379/584 2810/2938/2810 3880/2941/3880 1480/2937/1480
f 1093/364/1093 2790/2939/2790 3880/2941/3880 2810/2938/2810
f 574/363/574 1478/2940/1478 3880/2941/3880 2790/2939/2790
f 92/380/92 1482/2942/1482 3881/2946/3881 1481/2945/1481
f 584/379/584 2809/2943/2809 3881/2946/3881 1482/2942/1482
f 1050/376/1050 2578/2944/2578 3881/2946/3881 2809/2943/2809
f 468/381/468 1481/2945/1481 3881/2946/3881 2578/2944/2578
f 92/380/92 1481/2947/1481 3882/2951/3882 1483/2950/1483
f 468/381/468 2577/2948/2577 3882/2951/3882 1481/2947/1481
f 1049/382/1049 2811/2949/2811 3882/2951/3882 2577/2948/2577
f 585/383/585 1483/2950/1483 3882/2951/3882 2811/2949/2811
f 92/380/92 1483/2952/1483 3883/2956/3883 1482/2955/1482
f 585/383/585 2812/2953/2812 3883/2956/3883 1483/2952/1483
f 1093/364/1093 2810/2954/2810 3883/2956/3883 2812/2953/2812
f 584/379/584 1482/2955/1482 3883/2956/3883 2810/2954/2810
f 93/384/93 1484/2957/1484 3884/2961/3884 1485/2960/1485
f 572/369/572 2786/2958/2786 3884/2961/3884 1484/2957/1484
f 1093/364/1093 2812/2959/2812 3884/2961/3884 2786/2958/2786
f 585/383/585 1485/2960/1485 3884/2961/3884 2812/2959/2812
f 93/384/93 1485/2962/1485 3885/2966/3885 1486/2965/1486
f 585/383/585 2811/2963/2811 3885/2966/3885 1485/2962/1485
f 1049/382/1049 2813/2964/2813 3885/2966/3885 2811/2963/2811
f 586/385/586 1486/2965/1486 3885/2966/3885 2813/2964/2813
f 93/384/93 1486/2967/1486 3886/2971/3886 1484/2970/1484
f 586/385/586 2814/2968/2814 3886/2971/3886 1486/2967/1486
f 1067/370/1067 2785/2969/2785 3886/2971/3886 2814/2968/2814
f 572/369/572 1484/2970/1484 3886/2971/3886 2785/2969/2785
f 94/386/94 1489/2972/1489 3887/2976/3887 1487/2975/1487
f 586/385/586 2813/2973/2813 3887/2976/3887 1489/2972/1489
f 1049/382/1049 2576/2974/2576 3887/2976/3887 2813/2973/2813
f 467/387/467 1487/2975/1487 3887/2976/3887 2576/2974/2576
f 94/386/94 1487/2977/1487 3888/2981/3888 1488/2980/1488
f 467/387/467 2575/2978/2575 3888/2981/3888 1487/2977/1487
f 991/388/991 2611/2979/2611 3888/2981/3888 2575/2978/2575
f 485/389/485 1488/2980/1488 3888/2981/3888 2611/2979/2611
f 94/386/94 1488/2982/1488 3889/2986/3889 1489/2985/1489
f 485/389/485 2612/2983/2612 3889/2986/3889 1488/2982/1488
f 1067/370/1067 2814/2984/2814 3889/2986/3889 2612/2983/2612
f 586/385/586 1489/2985/1489 3889/2986/3889 2814/2984/2814
f 95/390/95 1490/2987/1490 3890/2991/3890 1492/2990/1492
f 392/391/392 2426/2988/2426 3890/2991/3890 1490/2987/1490
f 1027/392/1027 2815/2989/2815 3890/2991/3890 2426/2988/2426
f 587/393/587 1492/2990/1492 3890/2991/3890 2815/2989/2815
f 95/390/95 1492/2992/1492 3891/2996/3891 1491/2995/1491
f 587/393/587 2816/2993/2816 3891/2996/3891 1492/2992/1492
f 1063/107/1063 2450/2994/2450 3891/2996/3891 2816/2993/2816
f 404/106/404 1491/2995/1491 3891/2996/3891 2450/2994/2450
f 95/390/95 1491/2997/1491 3892/3001/3892 1490/3000/1490
f 404/106/404 2449/2998/2449 3892/3001/3892 1491/2997/1491
f 991/105/991 2425/2999/2425 3892/3001/3892 2449/2998/2449
f 392/391/392 1490/3000/1490 3892/3001/3892 2425/2999/2425
f 96/394/96 1493/3002/1493 3893/3006/3893 1494/3005/1494
f 445/395/445 2531/3003/2531 3893/3006/3893 1493/3002/1493
f 1026/396/1026 2819/3004/2819 3893/3006/3893 2531/3003/2531
f 589/397/589 1494/3005/1494 3893/3006/3893 2819/3004/2819
f 96/394/96 1494/3007/1494 3894/3011/3894 1495/3010/1495
f 589/397/589 2820/3008/2820 3894/3011/3894 1494/3007/1494
f 1094/398/1094 2828/3009/2828 3894/3011/3894 2820/3008/2820
f 593/399/593 1495/3010/1495 3894/3011/3894 2828/3009/2828
f 96/394/96 1495/3012/1495 3895/3016/3895 1493/3015/1493
f 593/399/593 2827/3013/2827 3895/3016/3895 1495/3012/1495
f 1027/392/1027 2532/3014/2532 3895/3016/3895 2827/3013/2827
f 445/395/445 1493/3015/1493 3895/3016/3895 2532/3014/2532
f 97/400/97 1496/3017/1496 3896/3021/3896 1497/3020/1497
f 444/401/444 2529/3018/2529 3896/3021/3896 1496/3017/1496
f 1025/74/1025 2823/3019/2823 3896/3021/3896 2529/3018/2529
f 591/402/591 1497/3020/1497 3896/3021/3896 2823/3019/2823
f 97/400/97 1497/3022/1497 3897/3026/3897 1498/3025/1498
f 591/402/591 2824/3023/2824 3897/3026/3897 1497/3022/1497
f 1095/403/1095 2832/3024/2832 3897/3026/3897 2824/3023/2824
f 595/404/595 1498/3025/1498 3897/3026/3897 2832/3024/2832
f 97/400/97 1498/3027/1498 3898/3031/3898 1496/3030/1496
f 595/404/595 2831/3028/2831 3898/3031/3898 1498/3027/1498
f 1026/396/1026 2530/3029/2530 3898/3031/3898 2831/3028/2831
f 444/401/444 1496/3030/1496 3898/3031/3898 2530/3029/2530
f 98/405/98 1499/3032/1499 3899/3036/3899 1500/3035/1500
f 587/393/587 2815/3033/2815 3899/3036/3899 1499/3032/1499
f 1027/392/1027 2827/3034/2827 3899/3036/3899 2815/3033/2815
f 593/399/593 1500/3035/1500 3899/3036/3899 2827/3034/2827
f 98/405/98 1500/3037/1500 3900/3041/3900 1501/3040/1501
f 593/399/593 2828/3038/2828 3900/3041/3900 1500/3037/1500
f 1094/398/1094 2830/3039/2830 3900/3041/3900 2828/3038/2828
f 594/406/594 1501/3040/1501 3900/3041/3900 2830/3039/2830
f 98/405/98 1501/3042/1501 3901/3046/3901 1499/3045/1499
f 594/406/594 2829/3043/2829 3901/3046/3901 1501/3042/1501
f 1063/107/1063 2816/3044/2816 3901/3046/3901 2829/3043/2829
f 587/393/587 1499/3045/1499 3901/3046/3901 2816/3044/2816
f 99/407/99 1504/3047/1504 3902/3051/3902 1503/3050/1503
f 594/406/594 2830/3048/2830 3902/3051/3902 1504/3047/1504
f 1094/398/1094 2818/3049/2818 3902/3051/3902 2830/3048/2830
f 588/408/588 1503/3050/1503 3902/3051/3902 2818/3049/2818
f 99/407/99 1503/3052/1503 3903/3056/3903 1502/3055/1502
f 588/408/588 2817/3053/2817 3903/3056/3903 1503/3052/1503
f 1062/157/1062 2603/3054/2603 3903/3056/3903 2817/3053/2817
f 481/156/481 1502/3055/1502 3903/3056/3903 2603/3054/2603
f 99/407/99 1502/3057/1502 3904/3061/3904 1504/3060/1504
f 481/156/481 2604/3058/2604 3904/3061/3904 1502/3057/1502
f 1063/107/1063 2829/3059/2829 3904/3061/3904 2604/3058/2604
f 594/406/594 1504/3060/1504 3904/3061/3904 2829/3059/2829
f 100/409/100 1505/3062/1505 3905/3066/3905 1506/3065/1506
f 589/397/589 2819/3063/2819 3905/3066/3905 1505/3062/1505
f 1026/396/1026 2831/3064/2831 3905/3066/3905 2819/3063/2819
f 595/404/595 1506/3065/1506 3905/3066/3905 2831/3064/2831
f 100/409/100 1506/3067/1506 3906/3071/3906 1507/3070/1507
f 595/404/595 2832/3068/2832 3906/3071/3906 1506/3067/1506
f 1095/403/1095 2834/3069/2834 3906/3071/3906 2832/3068/2832
f 596/410/596 1507/3070/1507 3906/3071/3906 2834/3069/2834
f 100/409/100 1507/3072/1507 3907/3076/3907 1505/3075/1505
f 596/410/596 2833/3073/2833 3907/3076/3907 1507/3072/1507
f 1094/398/1094 2820/3074/2820 3907/3076/3907 2833/3073/2833
f 589/397/589 1505/3075/1505 3907/3076/3907 2820/3074/2820
f 101/411/101 1509/3077/1509 3908/3081/3908 1508/3080/1508
f 596/410/596 2834/3078/2834 3908/3081/3908 1509/3077/1509
f 1095/403/1095 2825/3079/2825 3908/3081/3908 2834/3078/2834
f 592/412/592 1508/3080/1508 3908/3081/3908 2825/3079/2825
f 101/411/101 1508/3082/1508 3909/3086/3909 1510/3085/1510
f 592/412/592 2826/3083/2826 3909/3086/3909 1508/3082/1508
f 1096/413/1096 2836/3084/2836 3909/3086/3909 2826/3083/2826
f 597/414/597 1510/3085/1510 3909/3086/3909 2836/3084/2836
f 101/411/101 1510/3087/1510 3910/3091/3910 1509/3090/1509
f 597/414/597 2835/3088/2835 3910/3091/3910 1510/3087/1510
f 1094/398/1094 2833/3089/2833 3910/3091/3910 2835/3088/2835
f 596/410/596 1509/3090/1509 3910/3091/3910 2833/3089/2833
f 102/415/102 1511/3092/1511 3911/3096/3911 1512/3095/1512
f 588/408/588 2818/3093/2818 3911/3096/3911 1511/3092/1511
f 1094/398/1094 2835/3094/2835 3911/3096/3911 2818/3093/2818
f 597/414/597 1512/3095/1512 3911/3096/3911 2835/3094/2835
f 102/415/102 1512/3097/1512 3912/3101/3912 1513/3100/1513
f 597/414/597 2836/3098/2836 3912/3101/3912 1512/3097/1512
f 1096/413/1096 2838/3099/2838 3912/3101/3912 2836/3098/2836
f 598/416/598 1513/3100/1513 3912/3101/3912 2838/3099/2838
f 102/415/102 1513/3102/1513 3913/3106/3913 1511/3105/1511
f 598/416/598 2837/3103/2837 3913/3106/3913 1513/3102/1513
f 1062/157/1062 2817/3104/2817 3913/3106/3913 2837/3103/2837
f 588/408/588 1511/3105/1511 3913/3106/3913 2817/3104/2817
f 103/417/103 1516/3107/1516 3914/3111/3914 1515/3110/1515
f 598/416/598 2838/3108/2838 3914/3111/3914 1516/3107/1516
f 1096/413/1096 2822/3109/2822 3914/3111/3914 2838/3108/2838
f 590/418/590 1515/3110/1515 3914/3111/3914 2822/3109/2822
f 103/417/103 1515/3112/1515 3915/3116/3915 1514/3115/1514
f 590/418/590 2821/3113/2821 3915/3116/3915 1515/3112/1515
f 1061/419/1061 2601/3114/2601 3915/3116/3915 2821/3113/2821
f 480/420/480 1514/3115/1514 3915/3116/3915 2601/3114/2601
f 103/417/103 1514/3117/1514 3916/3121/3916 1516/3120/1516
f 480/420/480 2602/3118/2602 3916/3121/3916 1514/3117/1514
f 1062/157/1062 2837/3119/2837 3916/3121/3916 2602/3118/2602
f 598/416/598 1516/3120/1516 3916/3121/3916 2837/3119/2837
f 104/421/104 1517/3122/1517 3917/3126/3917 1518/3125/1518
f 591/402/591 2823/3123/2823 3917/3126/3917 1517/3122/1517
f 1025/74/1025 2839/3124/2839 3917/3126/3917 2823/3123/2823
f 599/73/599 1518/3125/1518 3917/3126/3917 2839/3124/2839
f 104/421/104 1518/3127/1518 3918/3131/3918 1519/3130/1519
f 599/73/599 2840/3128/2840 3918/3131/3918 1518/3127/1518
f 1048/58/1048 2841/3129/2841 3918/3131/3918 2840/3128/2840
f 600/422/600 1519/3130/1519 3918/3131/3918 2841/3129/2841
f 104/421/104 1519/3132/1519 3919/3136/3919 1517/3135/1517
f 600/422/600 2842/3133/2842 3919/3136/3919 1519/3132/1519
f 1095/403/1095 2824/3134/2824 3919/3136/3919 2842/3133/2842
f 591/402/591 1517/3135/1517 3919/3136/3919 2824/3134/2824
f 105/423/105 1521/3137/1521 3920/3141/3920 1520/3140/1520
f 600/422/600 2841/3138/2841 3920/3141/3920 1521/3137/1521
f 1048/58/1048 2574/3139/2574 3920/3141/3920 2841/3138/2841
f 466/424/466 1520/3140/1520 3920/3141/3920 2574/3139/2574
f 105/423/105 1520/3142/1520 3921/3146/3921 1522/3145/1522
f 466/424/466 2573/3143/2573 3921/3146/3921 1520/3142/1520
f 1047/425/1047 2843/3144/2843 3921/3146/3921 2573/3143/2573
f 601/426/601 1522/3145/1522 3921/3146/3921 2843/3144/2843
f 105/423/105 1522/3147/1522 3922/3151/3922 1521/3150/1521
f 601/426/601 2844/3148/2844 3922/3151/3922 1522/3147/1522
f 1095/403/1095 2842/3149/2842 3922/3151/3922 2844/3148/2844
f 600/422/600 1521/3150/1521 3922/3151/3922 2842/3149/2842
f 106/427/106 1523/3152/1523 3923/3156/3923 1524/3155/1524
f 592/412/592 2825/3153/2825 3923/3156/3923 1523/3152/1523
f 1095/403/1095 2844/3154/2844 3923/3156/3923 2825/3153/2825
f 601/426/601 1524/3155/1524 3923/3156/3923 2844/3154/2844
f 106/427/106 1524/3157/1524 3924/3161/3924 1525/3160/1525
f 601/426/601 2843/3158/2843 3924/3161/3924 1524/3157/1524
f 1047/425/1047 2845/3159/2845 3924/3161/3924 2843/3158/2843
f 602/428/602 1525/3160/1525 3924/3161/3924 2845/3159/2845
f 106/427/106 1525/3162/1525 3925/3166/3925 1523/3165/1523
f 602/428/602 2846/3163/2846 3925/3166/3925 1525/3162/1525
f 1096/413/1096 2826/3164/2826 3925/3166/3925 2846/3163/2846
f 592/412/592 1523/3165/1523 3925/3166/3925 2826/3164/2826
f 107/429/107 1527/3167/1527 3926/3171/3926 1526/3170/1526
f 602/428/602 2845/3168/2845 3926/3171/3926 1527/3167/1527
f 1047/425/1047 2572/3169/2572 3926/3171/3926 2845/3168/2845
f 465/430/465 1526/3170/1526 3926/3171/3926 2572/3169/2572
f 107/429/107 1526/3172/1526 3927/3176/3927 1528/3175/1528
f 465/430/465 2571/3173/2571 3927/3176/3927 1526/3172/1526
f 1046/431/1046 2847/3174/2847 3927/3176/3927 2571/3173/2571
f 603/432/603 1528/3175/1528 3927/3176/3927 2847/3174/2847
f 107/429/107 1528/3177/1528 3928/3181/3928 1527/3180/1527
f 603/432/603 2848/3178/2848 3928/3181/3928 1528/3177/1528
f 1096/413/1096 2846/3179/2846 3928/3181/3928 2848/3178/2848
f 602/428/602 1527/3180/1527 3928/3181/3928 2846/3179/2846
f 108/433/108 1529/3182/1529 3929/3186/3929 1530/3185/1530
f 590/418/590 2822/3183/2822 3929/3186/3929 1529/3182/1529
f 1096/413/1096 2848/3184/2848 3929/3186/3929 2822/3183/2822
f 603/432/603 1530/3185/1530 3929/3186/3929 2848/3184/2848
f 108/433/108 1530/3187/1530 3930/3191/3930 1531/3190/1531
f 603/432/603 2847/3188/2847 3930/3191/3930 1530/3187/1530
f 1046/431/1046 2849/3189/2849 3930/3191/3930 2847/3188/2847
f 604/434/604 1531/3190/1531 3930/3191/3930 2849/3189/2849
f 108/433/108 1531/3192/1531 3931/3196/3931 1529/3195/1529
f 604/434/604 2850/3193/2850 3931/3196/3931 1531/3192/1531
f 1061/419/1061 2821/3194/2821 3931/3196/3931 2850/3193/2850
f 590/418/590 1529/3195/1529 3931/3196/3931 2821/3194/2821
f 109/435/109 1534/3197/1534 3932/3201/3932 1532/3200/1532
f 604/436/604 2849/3198/2849 3932/3201/3932 1534/3197/1534
f 1046/437/1046 2570/3199/2570 3932/3201/3932 2849/3198/2849
f 464/438/464 1532/3200/1532 3932/3201/3932 2570/3199/2570
f 109/435/109 1532/3202/1532 3933/3206/3933 1533/3205/1533
f 464/438/464 2569/3203/2569 3933/3206/3933 1532/3202/1532
f 990/98/990 2599/3204/2599 3933/3206/3933 2569/3203/2569
f 479/170/479 1533/3205/1533 3933/3206/3933 2599/3204/2599
f 109/435/109 1533/3207/1533 3934/3211/3934 1534/3210/1534
f 479/170/479 2600/3208/2600 3934/3211/3934 1533/3207/1533
f 1061/165/1061 2850/3209/2850 3934/3211/3934 2600/3208/2600
f 604/436/604 1534/3210/1534 3934/3211/3934 2850/3209/2850
f 110/439/110 1536/3212/1536 3935/3216/3935 1535/3215/1535
f 656/440/656 2953/3213/2953 3935/3216/3935 1536/3212/1536
f 1040/441/1040 2851/3214/2851 3935/3216/3935 2953/3213/2953
f 605/442/605 1535/3215/1535 3935/3216/3935 2851/3214/2851
f 110/439/110 1535/3217/1535 3936/3221/3936 1537/3220/1537
f 605/442/605 2852/3218/2852 3936/3221/3936 1535/3217/1535
f 1058/443/1058 2963/3219/2963 3936/3221/3936 2852/3218/2852
f 661/444/661 1537/3220/1537 3936/3221/3936 2963/3219/2963
f 110/439/110 1537/3222/1537 3937/3226/3937 1538/3225/1538
f 661/444/661 2964/3223/2964 3937/3226/3937 1537/3222/1537
f 1171/445/1171 3476/3224/3476 3937/3226/3937 2964/3223/2964
f 917/446/917 1538/3225/1538 3937/3226/3937 3476/3224/3476
f 110/439/110 1538/3227/1538 3938/3231/3938 1536/3230/1536
f 917/446/917 3475/3228/3475 3938/3231/3938 1538/3227/1538
f 1165/447/1165 2954/3229/2954 3938/3231/3938 3475/3228/3475
f 656/440/656 1536/3230/1536 3938/3231/3938 2954/3229/2954
f 111/448/111 1541/3232/1541 3939/3236/3939 1539/3235/1539
f 605/449/605 2851/3233/2851 3939/3236/3939 1541/3232/1541
f 1040/450/1040 2558/3234/2558 3939/3236/3939 2851/3233/2851
f 458/451/458 1539/3235/1539 3939/3236/3939 2558/3234/2558
f 111/448/111 1539/3237/1539 3940/3241/3940 1540/3240/1540
f 458/451/458 2557/3238/2557 3940/3241/3940 1539/3237/1539
f 989/91/989 2593/3239/2593 3940/3241/3940 2557/3238/2557
f 476/219/476 1540/3240/1540 3940/3241/3940 2593/3239/2593
f 111/448/111 1540/3242/1540 3941/3246/3941 1541/3245/1541
f 476/219/476 2594/3243/2594 3941/3246/3941 1540/3242/1540
f 1058/214/1058 2852/3244/2852 3941/3246/3941 2594/3243/2594
f 605/449/605 1541/3245/1541 3941/3246/3941 2852/3244/2852
f 112/452/112 1542/3247/1542 3942/3251/3942 1544/3250/1544
f 398/453/398 2438/3248/2438 3942/3251/3942 1542/3247/1542
f 1045/454/1045 2853/3249/2853 3942/3251/3942 2438/3248/2438
f 606/455/606 1544/3250/1544 3942/3251/3942 2853/3249/2853
f 112/452/112 1544/3252/1544 3943/3256/3943 1543/3255/1543
f 606/455/606 2854/3253/2854 3943/3256/3943 1544/3252/1544
f 1057/265/1057 2446/3254/2446 3943/3256/3943 2854/3253/2854
f 402/456/402 1543/3255/1543 3943/3256/3943 2446/3254/2446
f 112/452/112 1543/3257/1543 3944/3261/3944 1542/3260/1542
f 402/456/402 2445/3258/2445 3944/3261/3944 1543/3257/1543
f 989/457/989 2437/3259/2437 3944/3261/3944 2445/3258/2445
f 398/453/398 1542/3260/1542 3944/3261/3944 2437/3259/2437
f 113/458/113 1545/3262/1545 3945/3266/3945 1546/3265/1546
f 463/459/463 2567/3263/2567 3945/3266/3945 1545/3262/1545
f 1044/460/1044 2857/3264/2857 3945/3266/3945 2567/3263/2567
f 608/461/608 1546/3265/1546 3945/3266/3945 2857/3264/2857
f 113/458/113 1546/3267/1546 3946/3271/3946 1547/3270/1547
f 608/461/608 2858/3268/2858 3946/3271/3946 1546/3267/1546
f 1097/462/1097 2866/3269/2866 3946/3271/3946 2858/3268/2858
f 612/463/612 1547/3270/1547 3946/3271/3946 2866/3269/2866
f 113/458/113 1547/3272/1547 3947/3276/3947 1545/3275/1545
f 612/463/612 2865/3273/2865 3947/3276/3947 1547/3272/1547
f 1045/454/1045 2568/3274/2568 3947/3276/3947 2865/3273/2865
f 463/459/463 1545/3275/1545 3947/3276/3947 2568/3274/2568
f 114/464/114 1548/3277/1548 3948/3281/3948 1549/3280/1549
f 462/465/462 2565/3278/2565 3948/3281/3948 1548/3277/1548
f 1043/70/1043 2861/3279/2861 3948/3281/3948 2565/3278/2565
f 610/466/610 1549/3280/1549 3948/3281/3948 2861/3279/2861
f 114/464/114 1549/3282/1549 3949/3286/3949 1550/3285/1550
f 610/466/610 2862/3283/2862 3949/3286/3949 1549/3282/1549
f 1098/467/1098 2870/3284/2870 3949/3286/3949 2862/3283/2862
f 614/468/614 1550/3285/1550 3949/3286/3949 2870/3284/2870
f 114/464/114 1550/3287/1550 3950/3291/3950 1548/3290/1548
f 614/468/614 2869/3288/2869 3950/3291/3950 1550/3287/1550
f 1044/469/1044 2566/3289/2566 3950/3291/3950 2869/3288/2869
f 462/465/462 1548/3290/1548 3950/3291/3950 2566/3289/2566
f 115/470/115 1551/3292/1551 3951/3296/3951 1552/3295/1552
f 606/455/606 2853/3293/2853 3951/3296/3951 1551/3292/1551
f 1045/454/1045 2865/3294/2865 3951/3296/3951 2853/3293/2853
f 612/463/612 1552/3295/1552 3951/3296/3951 2865/3294/2865
f 115/470/115 1552/3297/1552 3952/3301/3952 1553/3300/1553
f 612/463/612 2866/3298/2866 3952/3301/3952 1552/3297/1552
f 1097/462/1097 2868/3299/2868 3952/3301/3952 2866/3298/2866
f 613/471/613 1553/3300/1553 3952/3301/3952 2868/3299/2868
f 115/470/115 1553/3302/1553 3953/3306/3953 1551/3305/1551
f 613/471/613 2867/3303/2867 3953/3306/3953 1553/3302/1553
f 1057/265/1057 2854/3304/2854 3953/3306/3953 2867/3303/2867
f 606/455/606 1551/3305/1551 3953/3306/3953 2854/3304/2854
f 116/472/116 1556/3307/1556 3954/3311/3954 1555/3310/1555
f 613/471/613 2868/3308/2868 3954/3311/3954 1556/3307/1556
f 1097/462/1097 2856/3309/2856 3954/3311/3954 2868/3308/2868
f 607/473/607 1555/3310/1555 3954/3311/3954 2856/3309/2856
f 116/472/116 1555/3312/1555 3955/3316/3955 1554/3315/1554
f 607/473/607 2855/3313/2855 3955/3316/3955 1555/3312/1555
f 1056/267/1056 2591/3314/2591 3955/3316/3955 2855/3313/2855
f 475/266/475 1554/3315/1554 3955/3316/3955 2591/3314/2591
f 116/472/116 1554/3317/1554 3956/3321/3956 1556/3320/1556
f 475/266/475 2592/3318/2592 3956/3321/3956 1554/3317/1554
f 1057/265/1057 2867/3319/2867 3956/3321/3956 2592/3318/2592
f 613/471/613 1556/3320/1556 3956/3321/3956 2867/3319/2867
f 117/474/117 1557/3322/1557 3957/3326/3957 1558/3325/1558
f 608/461/608 2857/3323/2857 3957/3326/3957 1557/3322/1557
f 1044/460/1044 2869/3324/2869 3957/3326/3957 2857/3323/2857
f 614/475/614 1558/3325/1558 3957/3326/3957 2869/3324/2869
f 117/474/117 1558/3327/1558 3958/3331/3958 1559/3330/1559
f 614/475/614 2870/3328/2870 3958/3331/3958 1558/3327/1558
f 1098/476/1098 2872/3329/2872 3958/3331/3958 2870/3328/2870
f 615/477/615 1559/3330/1559 3958/3331/3958 2872/3329/2872
f 117/474/117 1559/3332/1559 3959/3336/3959 1557/3335/1557
f 615/477/615 2871/3333/2871 3959/3336/3959 1559/3332/1559
f 1097/462/1097 2858/3334/2858 3959/3336/3959 2871/3333/2871
f 608/461/608 1557/3335/1557 3959/3336/3959 2858/3334/2858
f 118/478/118 1561/3337/1561 3960/3341/3960 1560/3340/1560
f 615/477/615 2872/3338/2872 3960/3341/3960 1561/3337/1561
f 1098/476/1098 2863/3339/2863 3960/3341/3960 2872/3338/2872
f 611/479/611 1560/3340/1560 3960/3341/3960 2863/3339/2863
f 118/478/118 1560/3342/1560 3961/3346/3961 1562/3345/1562
f 611/479/611 2864/3343/2864 3961/3346/3961 1560/3342/1560
f 1099/480/1099 2874/3344/2874 3961/3346/3961 2864/3343/2864
f 616/481/616 1562/3345/1562 3961/3346/3961 2874/3344/2874
f 118/478/118 1562/3347/1562 3962/3351/3962 1561/3350/1561
f 616/481/616 2873/3348/2873 3962/3351/3962 1562/3347/1562
f 1097/462/1097 2871/3349/2871 3962/3351/3962 2873/3348/2873
f 615/477/615 1561/3350/1561 3962/3351/3962 2871/3349/2871
f 119/482/119 1563/3352/1563 3963/3356/3963 1564/3355/1564
f 607/473/607 2856/3353/2856 3963/3356/3963 1563/3352/1563
f 1097/462/1097 2873/3354/2873 3963/3356/3963 2856/3353/2856
f 616/481/616 1564/3355/1564 3963/3356/3963 2873/3354/2873
f 119/482/119 1564/3357/1564 3964/3361/3964 1565/3360/1565
f 616/481/616 2874/3358/2874 3964/3361/3964 1564/3357/1564
f 1099/480/1099 2876/3359/2876 3964/3361/3964 2874/3358/2874
f 617/483/617 1565/3360/1565 3964/3361/3964 2876/3359/2876
f 119/482/119 1565/3362/1565 3965/3366/3965 1563/3365/1563
f 617/483/617 2875/3363/2875 3965/3366/3965 1565/3362/1565
f 1056/267/1056 2855/3364/2855 3965/3366/3965 2875/3363/2875
f 607/473/607 1563/3365/1563 3965/3366/3965 2855/3364/2855
f 120/484/120 1568/3367/1568 3966/3371/3966 1567/3370/1567
f 617/483/617 2876/3368/2876 3966/3371/3966 1568/3367/1568
f 1099/480/1099 2860/3369/2860 3966/3371/3966 2876/3368/2876
f 609/485/609 1567/3370/1567 3966/3371/3966 2860/3369/2860
f 120/484/120 1567/3372/1567 3967/3376/3967 1566/3375/1566
f 609/485/609 2859/3373/2859 3967/3376/3967 1567/3372/1567
f 1055/273/1055 2589/3374/2589 3967/3376/3967 2859/3373/2859
f 474/272/474 1566/3375/1566 3967/3376/3967 2589/3374/2589
f 120/484/120 1566/3377/1566 3968/3381/3968 1568/3380/1568
f 474/272/474 2590/3378/2590 3968/3381/3968 1566/3377/1566
f 1056/267/1056 2875/3379/2875 3968/3381/3968 2590/3378/2590
f 617/483/617 1568/3380/1568 3968/3381/3968 2875/3379/2875
f 121/486/121 1569/3382/1569 3969/3386/3969 1570/3385/1570
f 610/487/610 2861/3383/2861 3969/3386/3969 1569/3382/1569
f 1043/488/1043 2878/3384/2878 3969/3386/3969 2861/3383/2861
f 618/489/618 1570/3385/1570 3969/3386/3969 2878/3384/2878
f 121/486/121 1570/3387/1570 3970/3391/3970 1571/3390/1571
f 618/489/618 2877/3388/2877 3970/3391/3970 1570/3387/1570
f 1036/490/1036 2879/3389/2879 3970/3391/3970 2877/3388/2877
f 619/491/619 1571/3390/1571 3970/3391/3970 2879/3389/2879
f 121/486/121 1571/3392/1571 3971/3396/3971 1569/3395/1569
f 619/491/619 2880/3393/2880 3971/3396/3971 1571/3392/1571
f 1098/476/1098 2862/3394/2862 3971/3396/3971 2880/3393/2880
f 610/487/610 1569/3395/1569 3971/3396/3971 2862/3394/2862
f 122/492/122 1573/3397/1573 3972/3401/3972 1572/3400/1572
f 619/491/619 2879/3398/2879 3972/3401/3972 1573/3397/1573
f 1036/490/1036 2550/3399/2550 3972/3401/3972 2879/3398/2879
f 454/493/454 1572/3400/1572 3972/3401/3972 2550/3399/2550
f 122/492/122 1572/3402/1572 3973/3406/3973 1574/3405/1574
f 454/493/454 2549/3403/2549 3973/3406/3973 1572/3402/1572
f 1035/494/1035 2881/3404/2881 3973/3406/3973 2549/3403/2549
f 620/495/620 1574/3405/1574 3973/3406/3973 2881/3404/2881
f 122/492/122 1574/3407/1574 3974/3411/3974 1573/3410/1573
f 620/495/620 2882/3408/2882 3974/3411/3974 1574/3407/1574
f 1098/476/1098 2880/3409/2880 3974/3411/3974 2882/3408/2882
f 619/491/619 1573/3410/1573 3974/3411/3974 2880/3409/2880
f 123/496/123 1575/3412/1575 3975/3416/3975 1576/3415/1576
f 611/479/611 2863/3413/2863 3975/3416/3975 1575/3412/1575
f 1098/476/1098 2882/3414/2882 3975/3416/3975 2863/3413/2863
f 620/495/620 1576/3415/1576 3975/3416/3975 2882/3414/2882
f 123/496/123 1576/3417/1576 3976/3421/3976 1577/3420/1577
f 620/495/620 2881/3418/2881 3976/3421/3976 1576/3417/1576
f 1035/494/1035 2883/3419/2883 3976/3421/3976 2881/3418/2881
f 621/497/621 1577/3420/1577 3976/3421/3976 2883/3419/2883
f 123/496/123 1577/3422/1577 3977/3426/3977 1575/3425/1575
f 621/497/621 2884/3423/2884 3977/3426/3977 1577/3422/1577
f 1099/480/1099 2864/3424/2864 3977/3426/3977 2884/3423/2884
f 611/479/611 1575/3425/1575 3977/3426/3977 2864/3424/2864
f 124/498/124 1579/3427/1579 3978/3431/3978 1578/3430/1578
f 621/497/621 2883/3428/2883 3978/3431/3978 1579/3427/1579
f 1035/494/1035 2548/3429/2548 3978/3431/3978 2883/3428/2883
f 453/499/453 1578/3430/1578 3978/3431/3978 2548/3429/2548
f 124/498/124 1578/3432/1578 3979/3436/3979 1580/3435/1580
f 453/499/453 2547/3433/2547 3979/3436/3979 1578/3432/1578
f 1034/500/1034 2885/3434/2885 3979/3436/3979 2547/3433/2547
f 622/501/622 1580/3435/1580 3979/3436/3979 2885/3434/2885
f 124/498/124 1580/3437/1580 3980/3441/3980 1579/3440/1579
f 622/501/622 2886/3438/2886 3980/3441/3980 1580/3437/1580
f 1099/480/1099 2884/3439/2884 3980/3441/3980 2886/3438/2886
f 621/497/621 1579/3440/1579 3980/3441/3980 2884/3439/2884
f 125/502/125 1581/3442/1581 3981/3446/3981 1582/3445/1582
f 609/485/609 2860/3443/2860 3981/3446/3981 1581/3442/1581
f 1099/480/1099 2886/3444/2886 3981/3446/3981 2860/3443/2860
f 622/501/622 1582/3445/1582 3981/3446/3981 2886/3444/2886
f 125/502/125 1582/3447/1582 3982/3451/3982 1583/3450/1583
f 622/501/622 2885/3448/2885 3982/3451/3982 1582/3447/1582
f 1034/500/1034 2887/3449/2887 3982/3451/3982 2885/3448/2885
f 623/503/623 1583/3450/1583 3982/3451/3982 2887/3449/2887
f 125/502/125 1583/3452/1583 3983/3456/3983 1581/3455/1581
f 623/503/623 2888/3453/2888 3983/3456/3983 1583/3452/1583
f 1055/273/1055 2859/3454/2859 3983/3456/3983 2888/3453/2888
f 609/485/609 1581/3455/1581 3983/3456/3983 2859/3454/2859
f 126/504/126 1586/3457/1586 3984/3461/3984 1584/3460/1584
f 623/503/623 2887/3458/2887 3984/3461/3984 1586/3457/1586
f 1034/500/1034 2546/3459/2546 3984/3461/3984 2887/3458/2887
f 452/505/452 1584/3460/1584 3984/3461/3984 2546/3459/2546
f 126/504/126 1584/3462/1584 3985/3466/3985 1585/3465/1585
f 452/505/452 2545/3463/2545 3985/3466/3985 1584/3462/1584
f 988/84/988 2587/3464/2587 3985/3466/3985 2545/3463/2545
f 473/278/473 1585/3465/1585 3985/3466/3985 2587/3464/2587
f 126/504/126 1585/3467/1585 3986/3471/3986 1586/3470/1586
f 473/278/473 2588/3468/2588 3986/3471/3986 1585/3467/1585
f 1055/273/1055 2888/3469/2888 3986/3471/3986 2588/3468/2588
f 623/503/623 1586/3470/1586 3986/3471/3986 2888/3469/2888
f 127/506/127 1587/3472/1587 3987/3476/3987 1589/3475/1589
f 396/507/396 2434/3473/2434 3987/3476/3987 1587/3472/1587
f 1039/508/1039 2889/3474/2889 3987/3476/3987 2434/3473/2434
f 624/509/624 1589/3475/1589 3987/3476/3987 2889/3474/2889
f 127/506/127 1589/3477/1589 3988/3481/3988 1588/3480/1588
f 624/509/624 2890/3478/2890 3988/3481/3988 1589/3477/1589
f 1054/86/1054 2444/3479/2444 3988/3481/3988 2890/3478/2890
f 401/85/401 1588/3480/1588 3988/3481/3988 2444/3479/2444
f 127/506/127 1588/3482/1588 3989/3486/3989 1587/3485/1587
f 401/85/401 2443/3483/2443 3989/3486/3989 1588/3482/1588
f 988/84/988 2433/3484/2433 3989/3486/3989 2443/3483/2443
f 396/507/396 1587/3485/1587 3989/3486/3989 2433/3484/2433
f 128/510/128 1592/3487/1592 3990/3491/3990 1590/3490/1590
f 634/511/634 2909/3488/2909 3990/3491/3990 1592/3487/1592
f 1030/512/1030 2538/3489/2538 3990/3491/3990 2909/3488/2909
f 448/513/448 1590/3490/1590 3990/3491/3990 2538/3489/2538
f 128/510/128 1590/3492/1590 3991/3496/3991 1591/3495/1591
f 448/513/448 2537/3493/2537 3991/3496/3991 1590/3492/1590
f 1029/514/1029 2891/3494/2891 3991/3496/3991 2537/3493/2537
f 625/515/625 1591/3495/1591 3991/3496/3991 2891/3494/2891
f 128/510/128 1591/3497/1591 3992/3501/3992 1593/3500/1593
f 625/515/625 2892/3498/2892 3992/3501/3992 1591/3497/1591
f 1135/516/1135 3319/3499/3319 3992/3501/3992 2892/3498/2892
f 839/517/839 1593/3500/1593 3992/3501/3992 3319/3499/3319
f 128/510/128 1593/3502/1593 3993/3506/3993 1592/3505/1592
f 839/517/839 3320/3503/3320 3993/3506/3993 1593/3502/1593
f 1136/518/1136 2910/3504/2910 3993/3506/3993 3320/3503/3320
f 634/511/634 1592/3505/1592 3993/3506/3993 2910/3504/2910
f 129/519/129 1596/3507/1596 3994/3511/3994 1594/3510/1594
f 631/520/631 2903/3508/2903 3994/3511/3994 1596/3507/1596
f 1053/521/1053 2585/3509/2585 3994/3511/3994 2903/3508/2903
f 472/522/472 1594/3510/1594 3994/3511/3994 2585/3509/2585
f 129/519/129 1594/3512/1594 3995/3516/3995 1595/3515/1595
f 472/522/472 2586/3513/2586 3995/3516/3995 1594/3512/1594
f 1054/523/1054 2893/3514/2893 3995/3516/3995 2586/3513/2586
f 626/524/626 1595/3515/1595 3995/3516/3995 2893/3514/2893
f 129/519/129 1595/3517/1595 3996/3521/3996 1597/3520/1597
f 626/524/626 2894/3518/2894 3996/3521/3996 1595/3517/1595
f 1142/525/1142 3328/3519/3328 3996/3521/3996 2894/3518/2894
f 843/526/843 1597/3520/1597 3996/3521/3996 3328/3519/3328
f 129/519/129 1597/3522/1597 3997/3526/3997 1596/3525/1596
f 843/526/843 3327/3523/3327 3997/3526/3997 1597/3522/1597
f 1141/527/1141 2904/3524/2904 3997/3526/3997 3327/3523/3327
f 631/520/631 1596/3525/1596 3997/3526/3997 2904/3524/2904
f 130/528/130 1599/3527/1599 3998/3531/3998 1598/3530/1598
f 625/515/625 2891/3528/2891 3998/3531/3998 1599/3527/1599
f 1029/514/1029 2536/3529/2536 3998/3531/3998 2891/3528/2891
f 447/529/447 1598/3530/1598 3998/3531/3998 2536/3529/2536
f 130/528/130 1598/3532/1598 3999/3536/3999 1600/3535/1600
f 447/529/447 2535/3533/2535 3999/3536/3999 1598/3532/1598
f 1028/530/1028 2897/3534/2897 3999/3536/3999 2535/3533/2535
f 628/531/628 1600/3535/1600 3999/3536/3999 2897/3534/2897
f 130/528/130 1600/3537/1600 4000/3541/4000 1601/3540/1601
f 628/531/628 2898/3538/2898 4000/3541/4000 1600/3537/1600
f 1134/532/1134 3317/3539/3317 4000/3541/4000 2898/3538/2898
f 838/533/838 1601/3540/1601 4000/3541/4000 3317/3539/3317
f 130/528/130 1601/3542/1601 4001/3546/4001 1599/3545/1599
f 838/533/838 3318/3543/3318 4001/3546/4001 1601/3542/1601
f 1135/516/1135 2892/3544/2892 4001/3546/4001 3318/3543/3318
f 625/515/625 1599/3545/1599 4001/3546/4001 2892/3544/2892
f 131/534/131 1603/3547/1603 4002/3551/4002 1602/3550/1602
f 626/524/626 2893/3548/2893 4002/3551/4002 1603/3547/1603
f 1054/523/1054 2890/3549/2890 4002/3551/4002 2893/3548/2893
f 624/535/624 1602/3550/1602 4002/3551/4002 2890/3549/2890
f 131/534/131 1602/3552/1602 4003/3556/4003 1604/3555/1604
f 624/535/624 2889/3553/2889 4003/3556/4003 1602/3552/1602
f 1039/536/1039 2895/3554/2895 4003/3556/4003 2889/3553/2889
f 627/537/627 1604/3555/1604 4003/3556/4003 2895/3554/2895
f 131/534/131 1604/3557/1604 4004/3561/4004 1605/3560/1605
f 627/537/627 2896/3558/2896 4004/3561/4004 1604/3557/1604
f 1139/538/1139 3329/3559/3329 4004/3561/4004 2896/3558/2896
f 844/539/844 1605/3560/1605 4004/3561/4004 3329/3559/3329
f 131/534/131 1605/3562/1605 4005/3566/4005 1603/3565/1603
f 844/539/844 3330/3563/3330 4005/3566/4005 1605/3562/1605
f 1142/525/1142 2894/3564/2894 4005/3566/4005 3330/3563/3330
f 626/524/626 1603/3565/1603 4005/3566/4005 2894/3564/2894
f 132/540/132 1607/3567/1607 4006/3571/4006 1606/3570/1606
f 627/541/627 2895/3568/2895 4006/3571/4006 1607/3567/1607
f 1039/542/1039 2556/3569/2556 4006/3571/4006 2895/3568/2895
f 457/543/457 1606/3570/1606 4006/3571/4006 2556/3569/2556
f 132/540/132 1606/3572/1606 4007/3576/4007 1608/3575/1608
f 457/543/457 2555/3573/2555 4007/3576/4007 1606/3572/1606
f 1038/544/1038 2905/3574/2905 4007/3576/4007 2555/3573/2555
f 632/545/632 1608/3575/1608 4007/3576/4007 2905/3574/2905
f 132/540/132 1608/3577/1608 4008/3581/4008 1609/3580/1609
f 632/545/632 2906/3578/2906 4008/3581/4008 1608/3577/1608
f 1138/546/1138 3323/3579/3323 4008/3581/4008 2906/3578/2906
f 841/547/841 1609/3580/1609 4008/3581/4008 3323/3579/3323
f 132/540/132 1609/3582/1609 4009/3586/4009 1607/3585/1607
f 841/547/841 3324/3583/3324 4009/3586/4009 1609/3582/1609
f 1139/548/1139 2896/3584/2896 4009/3586/4009 3324/3583/3324
f 627/541/627 1607/3585/1607 4009/3586/4009 2896/3584/2896
f 133/549/133 1610/3587/1610 4010/3591/4010 1612/3590/1612
f 628/531/628 2897/3588/2897 4010/3591/4010 1610/3587/1610
f 1028/530/1028 2911/3589/2911 4010/3591/4010 2897/3588/2897
f 635/550/635 1612/3590/1612 4010/3591/4010 2911/3589/2911
f 133/549/133 1612/3592/1612 4011/3596/4011 1611/3595/1611
f 635/550/635 2912/3593/2912 4011/3596/4011 1612/3592/1612
f 1052/551/1052 2899/3594/2899 4011/3596/4011 2912/3593/2912
f 629/552/629 1611/3595/1611 4011/3596/4011 2899/3594/2899
f 133/549/133 1611/3597/1611 4012/3601/4012 1613/3600/1613
f 629/552/629 2900/3598/2900 4012/3601/4012 1611/3597/1611
f 1140/553/1140 3364/3599/3364 4012/3601/4012 2900/3598/2900
f 861/554/861 1613/3600/1613 4012/3601/4012 3364/3599/3364
f 133/549/133 1613/3602/1613 4013/3606/4013 1610/3605/1610
f 861/554/861 3363/3603/3363 4013/3606/4013 1613/3602/1613
f 1134/532/1134 2898/3604/2898 4013/3606/4013 3363/3603/3363
f 628/531/628 1610/3605/1610 4013/3606/4013 2898/3604/2898
f 134/555/134 1615/3607/1615 4014/3611/4014 1614/3610/1614
f 629/556/629 2899/3608/2899 4014/3611/4014 1615/3607/1615
f 1052/557/1052 2583/3609/2583 4014/3611/4014 2899/3608/2899
f 471/558/471 1614/3610/1614 4014/3611/4014 2583/3609/2583
f 134/555/134 1614/3612/1614 4015/3616/4015 1616/3615/1616
f 471/558/471 2584/3613/2584 4015/3616/4015 1614/3612/1614
f 1053/521/1053 2903/3614/2903 4015/3616/4015 2584/3613/2584
f 631/520/631 1616/3615/1616 4015/3616/4015 2903/3614/2903
f 134/555/134 1616/3617/1616 4016/3621/4016 1617/3620/1617
f 631/520/631 2904/3618/2904 4016/3621/4016 1616/3617/1616
f 1141/527/1141 3326/3619/3326 4016/3621/4016 2904/3618/2904
f 842/559/842 1617/3620/1617 4016/3621/4016 3326/3619/3326
f 134/555/134 1617/3622/1617 4017/3626/4017 1615/3625/1615
f 842/559/842 3325/3623/3325 4017/3626/4017 1617/3622/1617
f 1140/560/1140 2900/3624/2900 4017/3626/4017 3325/3623/3325
f 629/556/629 1615/3625/1615 4017/3626/4017 2900/3624/2900
f 135/561/135 1619/3627/1619 4018/3631/4018 1618/3630/1618
f 632/545/632 2905/3628/2905 4018/3631/4018 1619/3627/1619
f 1038/544/1038 2554/3629/2554 4018/3631/4018 2905/3628/2905
f 456/562/456 1618/3630/1618 4018/3631/4018 2554/3629/2554
f 135/561/135 1618/3632/1618 4019/3636/4019 1620/3635/1620
f 456/562/456 2553/3633/2553 4019/3636/4019 1618/3632/1618
f 1037/563/1037 2907/3634/2907 4019/3636/4019 2553/3633/2553
f 633/564/633 1620/3635/1620 4019/3636/4019 2907/3634/2907
f 135/561/135 1620/3637/1620 4020/3641/4020 1621/3640/1621
f 633/564/633 2908/3638/2908 4020/3641/4020 1620/3637/1620
f 1137/565/1137 3321/3639/3321 4020/3641/4020 2908/3638/2908
f 840/566/840 1621/3640/1621 4020/3641/4020 3321/3639/3321
f 135/561/135 1621/3642/1621 4021/3646/4021 1619/3645/1619
f 840/566/840 3322/3643/3322 4021/3646/4021 1621/3642/1621
f 1138/546/1138 2906/3644/2906 4021/3646/4021 3322/3643/3322
f 632/545/632 1619/3645/1619 4021/3646/4021 2906/3644/2906
f 136/567/136 1623/3647/1623 4022/3651/4022 1622/3650/1622
f 633/564/633 2907/3648/2907 4022/3651/4022 1623/3647/1623
f 1037/563/1037 2902/3649/2902 4022/3651/4022 2907/3648/2907
f 630/568/630 1622/3650/1622 4022/3651/4022 2902/3649/2902
f 136/567/136 1622/3652/1622 4023/3656/4023 1624/3655/1624
f 630/568/630 2901/3653/2901 4023/3656/4023 1622/3652/1622
f 1030/569/1030 2909/3654/2909 4023/3656/4023 2901/3653/2901
f 634/570/634 1624/3655/1624 4023/3656/4023 2909/3654/2909
f 136/567/136 1624/3657/1624 4024/3661/4024 1625/3660/1625
f 634/570/634 2910/3658/2910 4024/3661/4024 1624/3657/1624
f 1136/571/1136 3353/3659/3353 4024/3661/4024 2910/3658/2910
f 856/572/856 1625/3660/1625 4024/3661/4024 3353/3659/3353
f 136/567/136 1625/3662/1625 4025/3666/4025 1623/3665/1623
f 856/572/856 3354/3663/3354 4025/3666/4025 1625/3662/1625
f 1137/565/1137 2908/3664/2908 4025/3666/4025 3354/3663/3354
f 633/564/633 1623/3665/1623 4025/3666/4025 2908/3664/2908
f 137/573/137 1628/3667/1628 4026/3671/4026 1626/3670/1626
f 635/574/635 2911/3668/2911 4026/3671/4026 1628/3667/1628
f 1028/575/1028 2534/3669/2534 4026/3671/4026 2911/3668/2911
f 446/576/446 1626/3670/1626 4026/3671/4026 2534/3669/2534
f 137/573/137 1626/3672/1626 4027/3676/4027 1627/3675/1627
f 446/576/446 2533/3673/2533 4027/3676/4027 1626/3672/1626
f 987/77/987 2581/3674/2581 4027/3676/4027 2533/3673/2533
f 470/334/470 1627/3675/1627 4027/3676/4027 2581/3674/2581
f 137/573/137 1627/3677/1627 4028/3681/4028 1628/3680/1628
f 470/334/470 2582/3678/2582 4028/3681/4028 1627/3677/1627
f 1052/329/1052 2912/3679/2912 4028/3681/4028 2582/3678/2582
f 635/574/635 1628/3680/1628 4028/3681/4028 2912/3679/2912
f 138/577/138 1629/3682/1629 4029/3686/4029 1631/3685/1631
f 394/578/394 2430/3683/2430 4029/3686/4029 1629/3682/1629
f 1033/579/1033 2913/3684/2913 4029/3686/4029 2430/3683/2430
f 636/580/636 1631/3685/1631 4029/3686/4029 2913/3684/2913
f 138/577/138 1631/3687/1631 4030/3691/4030 1630/3690/1630
f 636/580/636 2914/3688/2914 4030/3691/4030 1631/3687/1631
f 1051/79/1051 2442/3689/2442 4030/3691/4030 2914/3688/2914
f 400/78/400 1630/3690/1630 4030/3691/4030 2442/3689/2442
f 138/577/138 1630/3692/1630 4031/3696/4031 1629/3695/1629
f 400/78/400 2441/3693/2441 4031/3696/4031 1630/3692/1630
f 987/77/987 2429/3694/2429 4031/3696/4031 2441/3693/2441
f 394/578/394 1629/3695/1629 4031/3696/4031 2429/3694/2429
f 139/581/139 1632/3697/1632 4032/3701/4032 1633/3700/1633
f 451/582/451 2543/3698/2543 4032/3701/4032 1632/3697/1632
f 1032/583/1032 2917/3699/2917 4032/3701/4032 2543/3698/2543
f 638/584/638 1633/3700/1633 4032/3701/4032 2917/3699/2917
f 139/581/139 1633/3702/1633 4033/3706/4033 1634/3705/1634
f 638/584/638 2918/3703/2918 4033/3706/4033 1633/3702/1633
f 1100/585/1100 2926/3704/2926 4033/3706/4033 2918/3703/2918
f 642/586/642 1634/3705/1634 4033/3706/4033 2926/3704/2926
f 139/581/139 1634/3707/1634 4034/3711/4034 1632/3710/1632
f 642/586/642 2925/3708/2925 4034/3711/4034 1634/3707/1634
f 1033/579/1033 2544/3709/2544 4034/3711/4034 2925/3708/2925
f 451/582/451 1632/3710/1632 4034/3711/4034 2544/3709/2544
f 140/587/140 1635/3712/1635 4035/3716/4035 1636/3715/1636
f 450/588/450 2541/3713/2541 4035/3716/4035 1635/3712/1635
f 1031/62/1031 2921/3714/2921 4035/3716/4035 2541/3713/2541
f 640/589/640 1636/3715/1636 4035/3716/4035 2921/3714/2921
f 140/587/140 1636/3717/1636 4036/3721/4036 1637/3720/1637
f 640/589/640 2922/3718/2922 4036/3721/4036 1636/3717/1636
f 1101/590/1101 2930/3719/2930 4036/3721/4036 2922/3718/2922
f 644/591/644 1637/3720/1637 4036/3721/4036 2930/3719/2930
f 140/587/140 1637/3722/1637 4037/3726/4037 1635/3725/1635
f 644/591/644 2929/3723/2929 4037/3726/4037 1637/3722/1637
f 1032/592/1032 2542/3724/2542 4037/3726/4037 2929/3723/2929
f 450/588/450 1635/3725/1635 4037/3726/4037 2542/3724/2542
f 141/593/141 1638/3727/1638 4038/3731/4038 1639/3730/1639
f 636/580/636 2913/3728/2913 4038/3731/4038 1638/3727/1638
f 1033/579/1033 2925/3729/2925 4038/3731/4038 2913/3728/2913
f 642/586/642 1639/3730/1639 4038/3731/4038 2925/3729/2925
f 141/593/141 1639/3732/1639 4039/3736/4039 1640/3735/1640
f 642/586/642 2926/3733/2926 4039/3736/4039 1639/3732/1639
f 1100/585/1100 2928/3734/2928 4039/3736/4039 2926/3733/2926
f 643/594/643 1640/3735/1640 4039/3736/4039 2928/3734/2928
f 141/593/141 1640/3737/1640 4040/3741/4040 1638/3740/1638
f 643/594/643 2927/3738/2927 4040/3741/4040 1640/3737/1640
f 1051/79/1051 2914/3739/2914 4040/3741/4040 2927/3738/2927
f 636/580/636 1638/3740/1638 4040/3741/4040 2914/3739/2914
f 142/595/142 1643/3742/1643 4041/3746/4041 1642/3745/1642
f 643/594/643 2928/3743/2928 4041/3746/4041 1643/3742/1643
f 1100/585/1100 2916/3744/2916 4041/3746/4041 2928/3743/2928
f 637/596/637 1642/3745/1642 4041/3746/4041 2916/3744/2916
f 142/595/142 1642/3747/1642 4042/3751/4042 1641/3750/1641
f 637/596/637 2915/3748/2915 4042/3751/4042 1642/3747/1642
f 1050/376/1050 2579/3749/2579 4042/3751/4042 2915/3748/2915
f 469/375/469 1641/3750/1641 4042/3751/4042 2579/3749/2579
f 142/595/142 1641/3752/1641 4043/3756/4043 1643/3755/1643
f 469/375/469 2580/3753/2580 4043/3756/4043 1641/3752/1641
f 1051/79/1051 2927/3754/2927 4043/3756/4043 2580/3753/2580
f 643/594/643 1643/3755/1643 4043/3756/4043 2927/3754/2927
f 143/597/143 1644/3757/1644 4044/3761/4044 1645/3760/1645
f 638/584/638 2917/3758/2917 4044/3761/4044 1644/3757/1644
f 1032/583/1032 2929/3759/2929 4044/3761/4044 2917/3758/2917
f 644/598/644 1645/3760/1645 4044/3761/4044 2929/3759/2929
f 143/597/143 1645/3762/1645 4045/3766/4045 1646/3765/1646
f 644/598/644 2930/3763/2930 4045/3766/4045 1645/3762/1645
f 1101/599/1101 2932/3764/2932 4045/3766/4045 2930/3763/2930
f 645/600/645 1646/3765/1646 4045/3766/4045 2932/3764/2932
f 143/597/143 1646/3767/1646 4046/3771/4046 1644/3770/1644
f 645/600/645 2931/3768/2931 4046/3771/4046 1646/3767/1646
f 1100/585/1100 2918/3769/2918 4046/3771/4046 2931/3768/2931
f 638/584/638 1644/3770/1644 4046/3771/4046 2918/3769/2918
f 144/601/144 1648/3772/1648 4047/3776/4047 1647/3775/1647
f 645/600/645 2932/3773/2932 4047/3776/4047 1648/3772/1648
f 1101/599/1101 2923/3774/2923 4047/3776/4047 2932/3773/2932
f 641/602/641 1647/3775/1647 4047/3776/4047 2923/3774/2923
f 144/601/144 1647/3777/1647 4048/3781/4048 1649/3780/1649
f 641/602/641 2924/3778/2924 4048/3781/4048 1647/3777/1647
f 1102/603/1102 2934/3779/2934 4048/3781/4048 2924/3778/2924
f 646/604/646 1649/3780/1649 4048/3781/4048 2934/3779/2934
f 144/601/144 1649/3782/1649 4049/3786/4049 1648/3785/1648
f 646/604/646 2933/3783/2933 4049/3786/4049 1649/3782/1649
f 1100/585/1100 2931/3784/2931 4049/3786/4049 2933/3783/2933
f 645/600/645 1648/3785/1648 4049/3786/4049 2931/3784/2931
f 145/605/145 1650/3787/1650 4050/3791/4050 1651/3790/1651
f 637/596/637 2916/3788/2916 4050/3791/4050 1650/3787/1650
f 1100/585/1100 2933/3789/2933 4050/3791/4050 2916/3788/2916
f 646/604/646 1651/3790/1651 4050/3791/4050 2933/3789/2933
f 145/605/145 1651/3792/1651 4051/3796/4051 1652/3795/1652
f 646/604/646 2934/3793/2934 4051/3796/4051 1651/3792/1651
f 1102/603/1102 2936/3794/2936 4051/3796/4051 2934/3793/2934
f 647/606/647 1652/3795/1652 4051/3796/4051 2936/3794/2936
f 145/605/145 1652/3797/1652 4052/3801/4052 1650/3800/1650
f 647/606/647 2935/3798/2935 4052/3801/4052 1652/3797/1652
f 1050/376/1050 2915/3799/2915 4052/3801/4052 2935/3798/2935
f 637/596/637 1650/3800/1650 4052/3801/4052 2915/3799/2915
f 146/607/146 1655/3802/1655 4053/3806/4053 1654/3805/1654
f 647/606/647 2936/3803/2936 4053/3806/4053 1655/3802/1655
f 1102/603/1102 2920/3804/2920 4053/3806/4053 2936/3803/2936
f 639/608/639 1654/3805/1654 4053/3806/4053 2920/3804/2920
f 146/607/146 1654/3807/1654 4054/3811/4054 1653/3810/1653
f 639/608/639 2919/3808/2919 4054/3811/4054 1654/3807/1654
f 1049/382/1049 2577/3809/2577 4054/3811/4054 2919/3808/2919
f 468/381/468 1653/3810/1653 4054/3811/4054 2577/3809/2577
f 146/607/146 1653/3812/1653 4055/3816/4055 1655/3815/1655
f 468/381/468 2578/3813/2578 4055/3816/4055 1653/3812/1653
f 1050/376/1050 2935/3814/2935 4055/3816/4055 2578/3813/2578
f 647/606/647 1655/3815/1655 4055/3816/4055 2935/3814/2935
f 147/609/147 1656/3817/1656 4056/3821/4056 1657/3820/1657
f 640/589/640 2921/3818/2921 4056/3821/4056 1656/3817/1656
f 1031/62/1031 2938/3819/2938 4056/3821/4056 2921/3818/2921
f 648/61/648 1657/3820/1657 4056/3821/4056 2938/3819/2938
f 147/609/147 1657/3822/1657 4057/3826/4057 1658/3825/1658
f 648/61/648 2937/3823/2937 4057/3826/4057 1657/3822/1657
f 1024/30/1024 2939/3824/2939 4057/3826/4057 2937/3823/2937
f 649/610/649 1658/3825/1658 4057/3826/4057 2939/3824/2939
f 147/609/147 1658/3827/1658 4058/3831/4058 1656/3830/1656
f 649/610/649 2940/3828/2940 4058/3831/4058 1658/3827/1658
f 1101/590/1101 2922/3829/2922 4058/3831/4058 2940/3828/2940
f 640/589/640 1656/3830/1656 4058/3831/4058 2922/3829/2922
f 148/611/148 1660/3832/1660 4059/3836/4059 1659/3835/1659
f 649/610/649 2939/3833/2939 4059/3836/4059 1660/3832/1660
f 1024/30/1024 2526/3834/2526 4059/3836/4059 2939/3833/2939
f 442/612/442 1659/3835/1659 4059/3836/4059 2526/3834/2526
f 148/611/148 1659/3837/1659 4060/3841/4060 1661/3840/1661
f 442/612/442 2525/3838/2525 4060/3841/4060 1659/3837/1659
f 1023/613/1023 2941/3839/2941 4060/3841/4060 2525/3838/2525
f 650/614/650 1661/3840/1661 4060/3841/4060 2941/3839/2941
f 148/611/148 1661/3842/1661 4061/3846/4061 1660/3845/1660
f 650/614/650 2942/3843/2942 4061/3846/4061 1661/3842/1661
f 1101/590/1101 2940/3844/2940 4061/3846/4061 2942/3843/2942
f 649/610/649 1660/3845/1660 4061/3846/4061 2940/3844/2940
f 149/615/149 1662/3847/1662 4062/3851/4062 1663/3850/1663
f 641/602/641 2923/3848/2923 4062/3851/4062 1662/3847/1662
f 1101/599/1101 2942/3849/2942 4062/3851/4062 2923/3848/2923
f 650/616/650 1663/3850/1663 4062/3851/4062 2942/3849/2942
f 149/615/149 1663/3852/1663 4063/3856/4063 1664/3855/1664
f 650/616/650 2941/3853/2941 4063/3856/4063 1663/3852/1663
f 1023/617/1023 2943/3854/2943 4063/3856/4063 2941/3853/2941
f 651/618/651 1664/3855/1664 4063/3856/4063 2943/3854/2943
f 149/615/149 1664/3857/1664 4064/3861/4064 1662/3860/1662
f 651/618/651 2944/3858/2944 4064/3861/4064 1664/3857/1664
f 1102/603/1102 2924/3859/2924 4064/3861/4064 2944/3858/2944
f 641/602/641 1662/3860/1662 4064/3861/4064 2924/3859/2924
f 150/619/150 1666/3862/1666 4065/3866/4065 1665/3865/1665
f 651/620/651 2943/3863/2943 4065/3866/4065 1666/3862/1666
f 1023/621/1023 2524/3864/2524 4065/3866/4065 2943/3863/2943
f 441/622/441 1665/3865/1665 4065/3866/4065 2524/3864/2524
f 150/619/150 1665/3867/1665 4066/3871/4066 1667/3870/1667
f 441/622/441 2523/3868/2523 4066/3871/4066 1665/3867/1665
f 1022/623/1022 2945/3869/2945 4066/3871/4066 2523/3868/2523
f 652/624/652 1667/3870/1667 4066/3871/4066 2945/3869/2945
f 150/619/150 1667/3872/1667 4067/3876/4067 1666/3875/1666
f 652/624/652 2946/3873/2946 4067/3876/4067 1667/3872/1667
f 1102/625/1102 2944/3874/2944 4067/3876/4067 2946/3873/2946
f 651/620/651 1666/3875/1666 4067/3876/4067 2944/3874/2944
f 151/626/151 1668/3877/1668 4068/3881/4068 1669/3880/1669
f 639/608/639 2920/3878/2920 4068/3881/4068 1668/3877/1668
f 1102/603/1102 2946/3879/2946 4068/3881/4068 2920/3878/2920
f 652/627/652 1669/3880/1669 4068/3881/4068 2946/3879/2946
f 151/626/151 1669/3882/1669 4069/3886/4069 1670/3885/1670
f 652/627/652 2945/3883/2945 4069/3886/4069 1669/3882/1669
f 1022/628/1022 2947/3884/2947 4069/3886/4069 2945/3883/2945
f 653/629/653 1670/3885/1670 4069/3886/4069 2947/3884/2947
f 151/626/151 1670/3887/1670 4070/3891/4070 1668/3890/1668
f 653/629/653 2948/3888/2948 4070/3891/4070 1670/3887/1670
f 1049/382/1049 2919/3889/2919 4070/3891/4070 2948/3888/2948
f 639/608/639 1668/3890/1668 4070/3891/4070 2919/3889/2919
f 152/630/152 1673/3892/1673 4071/3896/4071 1671/3895/1671
f 653/631/653 2947/3893/2947 4071/3896/4071 1673/3892/1673
f 1022/632/1022 2522/3894/2522 4071/3896/4071 2947/3893/2947
f 440/633/440 1671/3895/1671 4071/3896/4071 2522/3894/2522
f 152/630/152 1671/3897/1671 4072/3901/4072 1672/3900/1672
f 440/633/440 2521/3898/2521 4072/3901/4072 1671/3897/1671
f 991/105/991 2575/3899/2575 4072/3901/4072 2521/3898/2521
f 467/634/467 1672/3900/1672 4072/3901/4072 2575/3899/2575
f 152/630/152 1672/3902/1672 4073/3906/4073 1673/3905/1673
f 467/634/467 2576/3903/2576 4073/3906/4073 1672/3902/1672
f 1049/635/1049 2948/3904/2948 4073/3906/4073 2576/3903/2576
f 653/631/653 1673/3905/1673 4073/3906/4073 2948/3904/2948
f 153/636/153 1675/3907/1675 4074/3911/4074 1674/3910/1674
f 657/637/657 2955/3908/2955 4074/3911/4074 1675/3907/1675
f 1060/638/1060 2448/3909/2448 4074/3911/4074 2955/3908/2955
f 403/639/403 1674/3910/1674 4074/3911/4074 2448/3909/2448
f 153/636/153 1674/3912/1674 4075/3916/4075 1676/3915/1676
f 403/639/403 2447/3913/2447 4075/3916/4075 1674/3912/1674
f 990/640/990 2971/3914/2971 4075/3916/4075 2447/3913/2447
f 665/641/665 1676/3915/1676 4075/3916/4075 2971/3914/2971
f 153/636/153 1676/3917/1676 4076/3921/4076 1677/3920/1677
f 665/641/665 2972/3918/2972 4076/3921/4076 1676/3917/1676
f 1161/642/1161 3417/3919/3417 4076/3921/4076 2972/3918/2972
f 888/643/888 1677/3920/1677 4076/3921/4076 3417/3919/3417
f 153/636/153 1677/3922/1677 4077/3926/4077 1675/3925/1675
f 888/643/888 3418/3923/3418 4077/3926/4077 1677/3922/1677
f 1162/644/1162 2956/3924/2956 4077/3926/4077 3418/3923/3418
f 657/637/657 1675/3925/1675 4077/3926/4077 2956/3924/2956
f 154/645/154 1680/3927/1680 4078/3931/4078 1678/3930/1678
f 660/646/660 2961/3928/2961 4078/3931/4078 1680/3927/1680
f 1020/647/1020 2518/3929/2518 4078/3931/4078 2961/3928/2961
f 438/648/438 1678/3930/1678 4078/3931/4078 2518/3929/2518
f 154/645/154 1678/3932/1678 4079/3936/4079 1679/3935/1679
f 438/648/438 2517/3933/2517 4079/3936/4079 1678/3932/1678
f 1019/649/1019 2949/3934/2949 4079/3936/4079 2517/3933/2517
f 654/650/654 1679/3935/1679 4079/3936/4079 2949/3934/2949
f 154/645/154 1679/3937/1679 4080/3941/4080 1681/3940/1681
f 654/650/654 2950/3938/2950 4080/3941/4080 1679/3937/1679
f 1163/651/1163 3421/3939/3421 4080/3941/4080 2950/3938/2950
f 890/652/890 1681/3940/1681 4080/3941/4080 3421/3939/3421
f 154/645/154 1681/3942/1681 4081/3946/4081 1680/3945/1680
f 890/652/890 3422/3943/3422 4081/3946/4081 1681/3942/1681
f 1164/653/1164 2962/3944/2962 4081/3946/4081 3422/3943/3422
f 660/646/660 1680/3945/1680 4081/3946/4081 2962/3944/2962
f 155/654/155 1682/3947/1682 4082/3951/4082 1683/3950/1683
f 466/424/466 2574/3948/2574 4082/3951/4082 1682/3947/1682
f 1048/58/1048 2957/3949/2957 4082/3951/4082 2574/3948/2574
f 658/655/658 1683/3950/1683 4082/3951/4082 2957/3949/2957
f 155/654/155 1683/3952/1683 4083/3956/4083 1684/3955/1684
f 658/655/658 2958/3953/2958 4083/3956/4083 1683/3952/1683
f 1103/656/1103 2966/3954/2966 4083/3956/4083 2958/3953/2958
f 662/657/662 1684/3955/1684 4083/3956/4083 2966/3954/2966
f 155/654/155 1684/3957/1684 4084/3961/4084 1682/3960/1682
f 662/657/662 2965/3958/2965 4084/3961/4084 1684/3957/1684
f 1047/425/1047 2573/3959/2573 4084/3961/4084 2965/3958/2965
f 466/424/466 1682/3960/1682 4084/3961/4084 2573/3959/2573
f 156/658/156 1687/3962/1687 4085/3966/4085 1685/3965/1685
f 671/659/671 2983/3963/2983 4085/3966/4085 1687/3962/1687
f 1042/660/1042 2562/3964/2562 4085/3966/4085 2983/3963/2983
f 460/661/460 1685/3965/1685 4085/3966/4085 2562/3964/2562
f 156/658/156 1685/3967/1685 4086/3971/4086 1686/3970/1686
f 460/661/460 2561/3968/2561 4086/3971/4086 1685/3967/1685
f 1041/662/1041 2951/3969/2951 4086/3971/4086 2561/3968/2561
f 655/663/655 1686/3970/1686 4086/3971/4086 2951/3969/2951
f 156/658/156 1686/3972/1686 4087/3976/4087 1688/3975/1688
f 655/663/655 2952/3973/2952 4087/3976/4087 1686/3972/1686
f 1166/664/1166 3426/3974/3426 4087/3976/4087 2952/3973/2952
f 892/665/892 1688/3975/1688 4087/3976/4087 3426/3974/3426
f 156/658/156 1688/3977/1688 4088/3981/4088 1687/3980/1687
f 892/665/892 3425/3978/3425 4088/3981/4088 1688/3977/1688
f 1158/666/1158 2984/3979/2984 4088/3981/4088 3425/3978/3425
f 671/659/671 1687/3980/1687 4088/3981/4088 2984/3979/2984
f 157/667/157 1691/3982/1691 4089/3986/4089 1690/3985/1690
f 664/668/664 2969/3983/2969 4089/3986/4089 1691/3982/1691
f 1047/669/1047 2965/3984/2965 4089/3986/4089 2969/3983/2969
f 662/670/662 1690/3985/1690 4089/3986/4089 2965/3984/2965
f 157/667/157 1690/3987/1690 4090/3991/4090 1689/3990/1689
f 662/670/662 2966/3988/2966 4090/3991/4090 1690/3987/1690
f 1103/671/1103 2959/3989/2959 4090/3991/4090 2966/3988/2966
f 659/672/659 1689/3990/1689 4090/3991/4090 2959/3989/2959
f 157/667/157 1689/3992/1689 4091/3996/4091 1692/3995/1692
f 659/672/659 2960/3993/2960 4091/3996/4091 1689/3992/1689
f 1178/673/1178 3492/3994/3492 4091/3996/4091 2960/3993/2960
f 925/674/925 1692/3995/1692 4091/3996/4091 3492/3994/3492
f 157/667/157 1692/3997/1692 4092/4001/4092 1691/4000/1691
f 925/674/925 3491/3998/3491 4092/4001/4092 1692/3997/1692
f 1168/675/1168 2970/3999/2970 4092/4001/4092 3491/3998/3491
f 664/668/664 1691/4000/1691 4092/4001/4092 2970/3999/2970
f 158/676/158 1694/4002/1694 4093/4006/4093 1693/4005/1693
f 654/650/654 2949/4003/2949 4093/4006/4093 1694/4002/1694
f 1019/649/1019 2516/4004/2516 4093/4006/4093 2949/4003/2949
f 437/677/437 1693/4005/1693 4093/4006/4093 2516/4004/2516
f 158/676/158 1693/4007/1693 4094/4011/4094 1695/4010/1695
f 437/677/437 2515/4008/2515 4094/4011/4094 1693/4007/1693
f 985/678/985 2981/4009/2981 4094/4011/4094 2515/4008/2515
f 670/679/670 1695/4010/1695 4094/4011/4094 2981/4009/2981
f 158/676/158 1695/4012/1695 4095/4016/4095 1696/4015/1696
f 670/679/670 2982/4013/2982 4095/4016/4095 1695/4012/1695
f 1159/680/1159 3419/4014/3419 4095/4016/4095 2982/4013/2982
f 889/681/889 1696/4015/1696 4095/4016/4095 3419/4014/3419
f 158/676/158 1696/4017/1696 4096/4021/4096 1694/4020/1694
f 889/681/889 3420/4018/3420 4096/4021/4096 1696/4017/1696
f 1163/651/1163 2950/4019/2950 4096/4021/4096 3420/4018/3420
f 654/650/654 1694/4020/1694 4096/4021/4096 2950/4019/2950
f 159/682/159 1698/4022/1698 4097/4026/4097 1697/4025/1697
f 655/663/655 2951/4023/2951 4097/4026/4097 1698/4022/1698
f 1041/662/1041 2560/4024/2560 4097/4026/4097 2951/4023/2951
f 459/683/459 1697/4025/1697 4097/4026/4097 2560/4024/2560
f 159/682/159 1697/4027/1697 4098/4031/4098 1699/4030/1699
f 459/683/459 2559/4028/2559 4098/4031/4098 1697/4027/1697
f 1040/441/1040 2953/4029/2953 4098/4031/4098 2559/4028/2559
f 656/440/656 1699/4030/1699 4098/4031/4098 2953/4029/2953
f 159/682/159 1699/4032/1699 4099/4036/4099 1700/4035/1700
f 656/440/656 2954/4033/2954 4099/4036/4099 1699/4032/1699
f 1165/447/1165 3423/4034/3423 4099/4036/4099 2954/4033/2954
f 891/684/891 1700/4035/1700 4099/4036/4099 3423/4034/3423
f 159/682/159 1700/4037/1700 4100/4041/4100 1698/4040/1698
f 891/684/891 3424/4038/3424 4100/4041/4100 1700/4037/1700
f 1166/664/1166 2952/4039/2952 4100/4041/4100 3424/4038/3424
f 655/663/655 1698/4040/1698 4100/4041/4100 2952/4039/2952
f 160/685/160 1703/4042/1703 4101/4046/4101 1701/4045/1701
f 663/686/663 2967/4043/2967 4101/4046/4101 1703/4042/1703
f 1059/687/1059 2597/4044/2597 4101/4046/4101 2967/4043/2967
f 478/688/478 1701/4045/1701 4101/4046/4101 2597/4044/2597
f 160/685/160 1701/4047/1701 4102/4051/4102 1702/4050/1702
f 478/688/478 2598/4048/2598 4102/4051/4102 1701/4047/1701
f 1060/638/1060 2955/4049/2955 4102/4051/4102 2598/4048/2598
f 657/637/657 1702/4050/1702 4102/4051/4102 2955/4049/2955
f 160/685/160 1702/4052/1702 4103/4056/4103 1704/4055/1704
f 657/637/657 2956/4053/2956 4103/4056/4103 1702/4052/1702
f 1162/644/1162 3439/4054/3439 4103/4056/4103 2956/4053/2956
f 899/689/899 1704/4055/1704 4103/4056/4103 3439/4054/3439
f 160/685/160 1704/4057/1704 4104/4061/4104 1703/4060/1703
f 899/689/899 3440/4058/3440 4104/4061/4104 1704/4057/1704
f 1172/690/1172 2968/4059/2968 4104/4061/4104 3440/4058/3440
f 663/686/663 1703/4060/1703 4104/4061/4104 2968/4059/2968
f 161/691/161 1705/4062/1705 4105/4066/4105 1707/4065/1707
f 659/692/659 2959/4063/2959 4105/4066/4105 1705/4062/1705
f 1103/693/1103 2978/4064/2978 4105/4066/4105 2959/4063/2959
f 668/694/668 1707/4065/1707 4105/4066/4105 2978/4064/2978
f 161/691/161 1707/4067/1707 4106/4071/4106 1706/4070/1706
f 668/694/668 2977/4068/2977 4106/4071/4106 1707/4067/1707
f 1020/647/1020 2961/4069/2961 4106/4071/4106 2977/4068/2977
f 660/646/660 1706/4070/1706 4106/4071/4106 2961/4069/2961
f 161/691/161 1706/4072/1706 4107/4076/4107 1708/4075/1708
f 660/646/660 2962/4073/2962 4107/4076/4107 1706/4072/1706
f 1164/653/1164 3499/4074/3499 4107/4076/4107 2962/4073/2962
f 929/695/929 1708/4075/1708 4107/4076/4107 3499/4074/3499
f 161/691/161 1708/4077/1708 4108/4081/4108 1705/4080/1705
f 929/695/929 3500/4078/3500 4108/4081/4108 1708/4077/1708
f 1178/696/1178 2960/4079/2960 4108/4081/4108 3500/4078/3500
f 659/692/659 1705/4080/1705 4108/4081/4108 2960/4079/2960
f 162/697/162 1709/4082/1709 4109/4086/4109 1710/4085/1710
f 658/655/658 2957/4083/2957 4109/4086/4109 1709/4082/1709
f 1048/58/1048 2974/4084/2974 4109/4086/4109 2957/4083/2957
f 666/57/666 1710/4085/1710 4109/4086/4109 2974/4084/2974
f 162/697/162 1710/4087/1710 4110/4091/4110 1711/4090/1711
f 666/57/666 2973/4088/2973 4110/4091/4110 1710/4087/1710
f 1021/56/1021 2975/4089/2975 4110/4091/4110 2973/4088/2973
f 667/698/667 1711/4090/1711 4110/4091/4110 2975/4089/2975
f 162/697/162 1711/4092/1711 4111/4096/4111 1709/4095/1709
f 667/698/667 2976/4093/2976 4111/4096/4111 1711/4092/1711
f 1103/656/1103 2958/4094/2958 4111/4096/4111 2976/4093/2976
f 658/655/658 1709/4095/1709 4111/4096/4111 2958/4094/2958
f 163/699/163 1713/4097/1713 4112/4101/4112 1712/4100/1712
f 667/698/667 2975/4098/2975 4112/4101/4112 1713/4097/1713
f 1021/56/1021 2520/4099/2520 4112/4101/4112 2975/4098/2975
f 439/700/439 1712/4100/1712 4112/4101/4112 2520/4099/2520
f 163/699/163 1712/4102/1712 4113/4106/4113 1714/4105/1714
f 439/700/439 2519/4103/2519 4113/4106/4113 1712/4102/1712
f 1020/701/1020 2977/4104/2977 4113/4106/4113 2519/4103/2519
f 668/702/668 1714/4105/1714 4113/4106/4113 2977/4104/2977
f 163/699/163 1714/4107/1714 4114/4111/4114 1713/4110/1713
f 668/702/668 2978/4108/2978 4114/4111/4114 1714/4107/1714
f 1103/656/1103 2976/4109/2976 4114/4111/4114 2978/4108/2978
f 667/698/667 1713/4110/1713 4114/4111/4114 2976/4109/2976
f 164/703/164 1716/4112/1716 4115/4116/4115 1715/4115/1715
f 661/444/661 2963/4113/2963 4115/4116/4115 1716/4112/1716
f 1058/443/1058 2595/4114/2595 4115/4116/4115 2963/4113/2963
f 477/704/477 1715/4115/1715 4115/4116/4115 2595/4114/2595
f 164/703/164 1715/4117/1715 4116/4121/4116 1717/4120/1717
f 477/704/477 2596/4118/2596 4116/4121/4116 1715/4117/1715
f 1059/705/1059 2967/4119/2967 4116/4121/4116 2596/4118/2596
f 663/706/663 1717/4120/1717 4116/4121/4116 2967/4119/2967
f 164/703/164 1717/4122/1717 4117/4126/4117 1718/4125/1718
f 663/706/663 2968/4123/2968 4117/4126/4117 1717/4122/1717
f 1172/707/1172 3438/4124/3438 4117/4126/4117 2968/4123/2968
f 898/708/898 1718/4125/1718 4117/4126/4117 3438/4124/3438
f 164/703/164 1718/4127/1718 4118/4131/4118 1716/4130/1716
f 898/708/898 3437/4128/3437 4118/4131/4118 1718/4127/1718
f 1171/445/1171 2964/4129/2964 4118/4131/4118 3437/4128/3437
f 661/444/661 1716/4130/1716 4118/4131/4118 2964/4129/2964
f 165/709/165 1721/4132/1721 4119/4136/4119 1719/4135/1719
f 669/710/669 2979/4133/2979 4119/4136/4119 1721/4132/1721
f 1046/711/1046 2571/4134/2571 4119/4136/4119 2979/4133/2979
f 465/712/465 1719/4135/1719 4119/4136/4119 2571/4134/2571
f 165/709/165 1719/4137/1719 4120/4141/4120 1720/4140/1720
f 465/712/465 2572/4138/2572 4120/4141/4120 1719/4137/1719
f 1047/713/1047 2969/4139/2969 4120/4141/4120 2572/4138/2572
f 664/714/664 1720/4140/1720 4120/4141/4120 2969/4139/2969
f 165/709/165 1720/4142/1720 4121/4146/4121 1722/4145/1722
f 664/714/664 2970/4143/2970 4121/4146/4121 1720/4142/1720
f 1168/715/1168 3430/4144/3430 4121/4146/4121 2970/4143/2970
f 894/716/894 1722/4145/1722 4121/4146/4121 3430/4144/3430
f 165/709/165 1722/4147/1722 4122/4151/4122 1721/4150/1721
f 894/716/894 3429/4148/3429 4122/4151/4122 1722/4147/1722
f 1167/717/1167 2980/4149/2980 4122/4151/4122 3429/4148/3429
f 669/710/669 1721/4150/1721 4122/4151/4122 2980/4149/2980
f 166/718/166 1724/4152/1724 4123/4156/4123 1723/4155/1723
f 665/641/665 2971/4153/2971 4123/4156/4123 1724/4152/1724
f 990/640/990 2569/4154/2569 4123/4156/4123 2971/4153/2971
f 464/719/464 1723/4155/1723 4123/4156/4123 2569/4154/2569
f 166/718/166 1723/4157/1723 4124/4161/4124 1725/4160/1725
f 464/719/464 2570/4158/2570 4124/4161/4124 1723/4157/1723
f 1046/711/1046 2979/4159/2979 4124/4161/4124 2570/4158/2570
f 669/710/669 1725/4160/1725 4124/4161/4124 2979/4159/2979
f 166/718/166 1725/4162/1725 4125/4166/4125 1726/4165/1726
f 669/710/669 2980/4163/2980 4125/4166/4125 1725/4162/1725
f 1167/717/1167 3428/4164/3428 4125/4166/4125 2980/4163/2980
f 893/720/893 1726/4165/1726 4125/4166/4125 3428/4164/3428
f 166/718/166 1726/4167/1726 4126/4171/4126 1724/4170/1724
f 893/720/893 3427/4168/3427 4126/4171/4126 1726/4167/1726
f 1161/642/1161 2972/4169/2972 4126/4171/4126 3427/4168/3427
f 665/641/665 1724/4170/1724 4126/4171/4126 2972/4169/2972
f 167/721/167 1728/4172/1728 4127/4176/4127 1727/4175/1727
f 670/679/670 2981/4173/2981 4127/4176/4127 1728/4172/1728
f 985/678/985 2435/4174/2435 4127/4176/4127 2981/4173/2981
f 397/722/397 1727/4175/1727 4127/4176/4127 2435/4174/2435
f 167/721/167 1727/4177/1727 4128/4181/4128 1729/4180/1729
f 397/722/397 2436/4178/2436 4128/4181/4128 1727/4177/1727
f 1042/723/1042 2983/4179/2983 4128/4181/4128 2436/4178/2436
f 671/724/671 1729/4180/1729 4128/4181/4128 2983/4179/2983
f 167/721/167 1729/4182/1729 4129/4186/4129 1730/4185/1730
f 671/724/671 2984/4183/2984 4129/4186/4129 1729/4182/1729
f 1158/725/1158 3413/4184/3413 4129/4186/4129 2984/4183/2984
f 886/726/886 1730/4185/1730 4129/4186/4129 3413/4184/3413
f 167/721/167 1730/4187/1730 4130/4191/4130 1728/4190/1728
f 886/726/886 3414/4188/3414 4130/4191/4130 1730/4187/1730
f 1159/680/1159 2982/4189/2982 4130/4191/4130 3414/4188/3414
f 670/679/670 1728/4190/1728 4130/4191/4130 2982/4189/2982
f 168/727/168 1732/4192/1732 4131/4196/4131 1733/4195/1733
f 458/451/458 2558/4193/2558 4131/4196/4131 1732/4192/1732
f 1040/450/1040 2985/4194/2985 4131/4196/4131 2558/4193/2558
f 672/728/672 1733/4195/1733 4131/4196/4131 2985/4194/2985
f 168/727/168 1733/4197/1733 4132/4201/4132 1731/4200/1731
f 672/728/672 2986/4198/2986 4132/4201/4132 1733/4197/1733
f 1045/729/1045 2438/4199/2438 4132/4201/4132 2986/4198/2986
f 398/730/398 1731/4200/1731 4132/4201/4132 2438/4199/2438
f 168/727/168 1731/4202/1731 4133/4206/4133 1732/4205/1732
f 398/730/398 2437/4203/2437 4133/4206/4133 1731/4202/1731
f 989/91/989 2557/4204/2557 4133/4206/4133 2437/4203/2437
f 458/451/458 1732/4205/1732 4133/4206/4133 2557/4204/2557
f 169/731/169 1734/4207/1734 4134/4211/4134 1735/4210/1735
f 459/732/459 2560/4208/2560 4134/4211/4134 1734/4207/1734
f 1041/733/1041 2989/4209/2989 4134/4211/4134 2560/4208/2560
f 674/734/674 1735/4210/1735 4134/4211/4134 2989/4209/2989
f 169/731/169 1735/4212/1735 4135/4216/4135 1736/4215/1736
f 674/734/674 2990/4213/2990 4135/4216/4135 1735/4212/1735
f 1104/735/1104 2998/4214/2998 4135/4216/4135 2990/4213/2990
f 678/736/678 1736/4215/1736 4135/4216/4135 2998/4214/2998
f 169/731/169 1736/4217/1736 4136/4221/4136 1734/4220/1734
f 678/736/678 2997/4218/2997 4136/4221/4136 1736/4217/1736
f 1040/737/1040 2559/4219/2559 4136/4221/4136 2997/4218/2997
f 459/732/459 1734/4220/1734 4136/4221/4136 2559/4219/2559
f 170/738/170 1737/4222/1737 4137/4226/4137 1738/4225/1738
f 460/739/460 2562/4223/2562 4137/4226/4137 1737/4222/1737
f 1042/51/1042 2993/4224/2993 4137/4226/4137 2562/4223/2562
f 676/740/676 1738/4225/1738 4137/4226/4137 2993/4224/2993
f 170/738/170 1738/4227/1738 4138/4231/4138 1739/4230/1739
f 676/740/676 2994/4228/2994 4138/4231/4138 1738/4227/1738
f 1105/741/1105 3002/4229/3002 4138/4231/4138 2994/4228/2994
f 680/742/680 1739/4230/1739 4138/4231/4138 3002/4229/3002
f 170/738/170 1739/4232/1739 4139/4236/4139 1737/4235/1737
f 680/742/680 3001/4233/3001 4139/4236/4139 1739/4232/1739
f 1041/733/1041 2561/4234/2561 4139/4236/4139 3001/4233/3001
f 460/739/460 1737/4235/1737 4139/4236/4139 2561/4234/2561
f 171/743/171 1740/4237/1740 4140/4241/4140 1741/4240/1741
f 672/744/672 2985/4238/2985 4140/4241/4140 1740/4237/1740
f 1040/737/1040 2997/4239/2997 4140/4241/4140 2985/4238/2985
f 678/736/678 1741/4240/1741 4140/4241/4140 2997/4239/2997
f 171/743/171 1741/4242/1741 4141/4246/4141 1742/4245/1742
f 678/736/678 2998/4243/2998 4141/4246/4141 1741/4242/1741
f 1104/735/1104 3000/4244/3000 4141/4246/4141 2998/4243/2998
f 679/745/679 1742/4245/1742 4141/4246/4141 3000/4244/3000
f 171/743/171 1742/4247/1742 4142/4251/4142 1740/4250/1740
f 679/745/679 2999/4248/2999 4142/4251/4142 1742/4247/1742
f 1045/746/1045 2986/4249/2986 4142/4251/4142 2999/4248/2999
f 672/744/672 1740/4250/1740 4142/4251/4142 2986/4249/2986
f 172/747/172 1745/4252/1745 4143/4256/4143 1744/4255/1744
f 679/745/679 3000/4253/3000 4143/4256/4143 1745/4252/1745
f 1104/735/1104 2988/4254/2988 4143/4256/4143 3000/4253/3000
f 673/748/673 1744/4255/1744 4143/4256/4143 2988/4254/2988
f 172/747/172 1744/4257/1744 4144/4261/4144 1743/4260/1743
f 673/748/673 2987/4258/2987 4144/4261/4144 1744/4257/1744
f 1044/469/1044 2567/4259/2567 4144/4261/4144 2987/4258/2987
f 463/749/463 1743/4260/1743 4144/4261/4144 2567/4259/2567
f 172/747/172 1743/4262/1743 4145/4266/4145 1745/4265/1745
f 463/749/463 2568/4263/2568 4145/4266/4145 1743/4262/1743
f 1045/746/1045 2999/4264/2999 4145/4266/4145 2568/4263/2568
f 679/745/679 1745/4265/1745 4145/4266/4145 2999/4264/2999
f 173/750/173 1746/4267/1746 4146/4271/4146 1747/4270/1747
f 674/734/674 2989/4268/2989 4146/4271/4146 1746/4267/1746
f 1041/733/1041 3001/4269/3001 4146/4271/4146 2989/4268/2989
f 680/742/680 1747/4270/1747 4146/4271/4146 3001/4269/3001
f 173/750/173 1747/4272/1747 4147/4276/4147 1748/4275/1748
f 680/742/680 3002/4273/3002 4147/4276/4147 1747/4272/1747
f 1105/741/1105 3004/4274/3004 4147/4276/4147 3002/4273/3002
f 681/751/681 1748/4275/1748 4147/4276/4147 3004/4274/3004
f 173/750/173 1748/4277/1748 4148/4281/4148 1746/4280/1746
f 681/751/681 3003/4278/3003 4148/4281/4148 1748/4277/1748
f 1104/735/1104 2990/4279/2990 4148/4281/4148 3003/4278/3003
f 674/734/674 1746/4280/1746 4148/4281/4148 2990/4279/2990
f 174/752/174 1750/4282/1750 4149/4286/4149 1749/4285/1749
f 681/751/681 3004/4283/3004 4149/4286/4149 1750/4282/1750
f 1105/741/1105 2995/4284/2995 4149/4286/4149 3004/4283/3004
f 677/753/677 1749/4285/1749 4149/4286/4149 2995/4284/2995
f 174/752/174 1749/4287/1749 4150/4291/4150 1751/4290/1751
f 677/753/677 2996/4288/2996 4150/4291/4150 1749/4287/1749
f 1106/754/1106 3006/4289/3006 4150/4291/4150 2996/4288/2996
f 682/755/682 1751/4290/1751 4150/4291/4150 3006/4289/3006
f 174/752/174 1751/4292/1751 4151/4296/4151 1750/4295/1750
f 682/755/682 3005/4293/3005 4151/4296/4151 1751/4292/1751
f 1104/735/1104 3003/4294/3003 4151/4296/4151 3005/4293/3005
f 681/751/681 1750/4295/1750 4151/4296/4151 3003/4294/3003
f 175/756/175 1752/4297/1752 4152/4301/4152 1753/4300/1753
f 673/748/673 2988/4298/2988 4152/4301/4152 1752/4297/1752
f 1104/735/1104 3005/4299/3005 4152/4301/4152 2988/4298/2988
f 682/755/682 1753/4300/1753 4152/4301/4152 3005/4299/3005
f 175/756/175 1753/4302/1753 4153/4306/4153 1754/4305/1754
f 682/755/682 3006/4303/3006 4153/4306/4153 1753/4302/1753
f 1106/754/1106 3008/4304/3008 4153/4306/4153 3006/4303/3006
f 683/757/683 1754/4305/1754 4153/4306/4153 3008/4304/3008
f 175/756/175 1754/4307/1754 4154/4311/4154 1752/4310/1752
f 683/757/683 3007/4308/3007 4154/4311/4154 1754/4307/1754
f 1044/469/1044 2987/4309/2987 4154/4311/4154 3007/4308/3007
f 673/748/673 1752/4310/1752 4154/4311/4154 2987/4309/2987
f 176/758/176 1757/4312/1757 4155/4316/4155 1756/4315/1756
f 683/757/683 3008/4313/3008 4155/4316/4155 1757/4312/1757
f 1106/754/1106 2992/4314/2992 4155/4316/4155 3008/4313/3008
f 675/759/675 1756/4315/1756 4155/4316/4155 2992/4314/2992
f 176/758/176 1756/4317/1756 4156/4321/4156 1755/4320/1755
f 675/759/675 2991/4318/2991 4156/4321/4156 1756/4317/1756
f 1043/70/1043 2565/4319/2565 4156/4321/4156 2991/4318/2991
f 462/465/462 1755/4320/1755 4156/4321/4156 2565/4319/2565
f 176/758/176 1755/4322/1755 4157/4326/4157 1757/4325/1757
f 462/465/462 2566/4323/2566 4157/4326/4157 1755/4322/1755
f 1044/469/1044 3007/4324/3007 4157/4326/4157 2566/4323/2566
f 683/757/683 1757/4325/1757 4157/4326/4157 3007/4324/3007
f 177/760/177 1758/4327/1758 4158/4331/4158 1759/4330/1759
f 676/740/676 2993/4328/2993 4158/4331/4158 1758/4327/1758
f 1042/51/1042 3010/4329/3010 4158/4331/4158 2993/4328/2993
f 684/50/684 1759/4330/1759 4158/4331/4158 3010/4329/3010
f 177/760/177 1759/4332/1759 4159/4336/4159 1760/4335/1760
f 684/50/684 3009/4333/3009 4159/4336/4159 1759/4332/1759
f 1018/49/1018 3011/4334/3011 4159/4336/4159 3009/4333/3009
f 685/761/685 1760/4335/1760 4159/4336/4159 3011/4334/3011
f 177/760/177 1760/4337/1760 4160/4341/4160 1758/4340/1758
f 685/761/685 3012/4338/3012 4160/4341/4160 1760/4337/1760
f 1105/741/1105 2994/4339/2994 4160/4341/4160 3012/4338/3012
f 676/740/676 1758/4340/1758 4160/4341/4160 2994/4339/2994
f 178/762/178 1763/4342/1763 4161/4346/4161 1762/4345/1762
f 767/763/767 3175/4343/3175 4161/4346/4161 1763/4342/1763
f 1118/764/1118 3160/4344/3160 4161/4346/4161 3175/4343/3175
f 759/765/759 1762/4345/1762 4161/4346/4161 3160/4344/3160
f 178/762/178 1762/4347/1762 4162/4351/4162 1761/4350/1761
f 759/765/759 3159/4348/3159 4162/4351/4162 1762/4347/1762
f 1016/766/1016 2511/4349/2511 4162/4351/4162 3159/4348/3159
f 435/767/435 1761/4350/1761 4162/4351/4162 2511/4349/2511
f 178/762/178 1761/4352/1761 4163/4356/4163 1764/4355/1764
f 435/767/435 2512/4353/2512 4163/4356/4163 1761/4352/1761
f 1179/768/1179 3523/4354/3523 4163/4356/4163 2512/4353/2512
f 941/769/941 1764/4355/1764 4163/4356/4163 3523/4354/3523
f 178/762/178 1764/4357/1764 4164/4361/4164 1763/4360/1763
f 941/769/941 3524/4358/3524 4164/4361/4164 1764/4357/1764
f 1184/770/1184 3176/4359/3176 4164/4361/4164 3524/4358/3524
f 767/763/767 1763/4360/1763 4164/4361/4164 3176/4359/3176
f 179/771/179 1765/4362/1765 4165/4366/4165 1767/4365/1767
f 687/772/687 3015/4363/3015 4165/4366/4165 1765/4362/1765
f 1018/49/1018 3167/4364/3167 4165/4366/4165 3015/4363/3015
f 763/773/763 1767/4365/1767 4165/4366/4165 3167/4364/3167
f 179/771/179 1767/4367/1767 4166/4371/4166 1766/4370/1766
f 763/773/763 3168/4368/3168 4166/4371/4166 1767/4367/1767
f 1116/774/1116 3155/4369/3155 4166/4371/4166 3168/4368/3168
f 757/775/757 1766/4370/1766 4166/4371/4166 3155/4369/3155
f 179/771/179 1766/4372/1766 4167/4376/4167 1768/4375/1768
f 757/775/757 3156/4373/3156 4167/4376/4167 1766/4372/1766
f 1183/776/1183 3526/4374/3526 4167/4376/4167 3156/4373/3156
f 942/777/942 1768/4375/1768 4167/4376/4167 3526/4374/3526
f 179/771/179 1768/4377/1768 4168/4381/4168 1765/4380/1765
f 942/777/942 3525/4378/3525 4168/4381/4168 1768/4377/1768
f 1180/778/1180 3016/4379/3016 4168/4381/4168 3525/4378/3525
f 687/772/687 1765/4380/1765 4168/4381/4168 3016/4379/3016
f 180/779/180 1769/4382/1769 4169/4386/4169 1771/4385/1771
f 435/767/435 2511/4383/2511 4169/4386/4169 1769/4382/1769
f 1016/766/1016 3017/4384/3017 4169/4386/4169 2511/4383/2511
f 688/780/688 1771/4385/1771 4169/4386/4169 3017/4384/3017
f 180/779/180 1771/4387/1771 4170/4391/4170 1770/4390/1770
f 688/780/688 3018/4388/3018 4170/4391/4170 1771/4387/1771
f 1106/754/1106 2513/4389/2513 4170/4391/4170 3018/4388/3018
f 436/781/436 1770/4390/1770 4170/4391/4170 2513/4389/2513
f 180/779/180 1770/4392/1770 4171/4396/4171 1772/4395/1772
f 436/781/436 2514/4393/2514 4171/4396/4171 1770/4392/1770
f 1182/782/1182 3520/4394/3520 4171/4396/4171 2514/4393/2514
f 939/783/939 1772/4395/1772 4171/4396/4171 3520/4394/3520
f 180/779/180 1772/4397/1772 4172/4401/4172 1769/4400/1769
f 939/783/939 3519/4398/3519 4172/4401/4172 1772/4397/1772
f 1179/768/1179 2512/4399/2512 4172/4401/4172 3519/4398/3519
f 435/767/435 1769/4400/1769 4172/4401/4172 2512/4399/2512
f 181/784/181 1773/4402/1773 4173/4406/4173 1774/4405/1774
f 675/759/675 2992/4403/2992 4173/4406/4173 1773/4402/1773
f 1106/754/1106 3018/4404/3018 4173/4406/4173 2992/4403/2992
f 688/780/688 1774/4405/1774 4173/4406/4173 3018/4404/3018
f 181/784/181 1774/4407/1774 4174/4411/4174 1775/4410/1775
f 688/780/688 3017/4408/3017 4174/4411/4174 1774/4407/1774
f 1016/766/1016 3019/4409/3019 4174/4411/4174 3017/4408/3017
f 689/785/689 1775/4410/1775 4174/4411/4174 3019/4409/3019
f 181/784/181 1775/4412/1775 4175/4416/4175 1773/4415/1773
f 689/785/689 3020/4413/3020 4175/4416/4175 1775/4412/1775
f 1043/70/1043 2991/4414/2991 4175/4416/4175 3020/4413/3020
f 675/759/675 1773/4415/1773 4175/4416/4175 2991/4414/2991
f 182/786/182 1778/4417/1778 4176/4421/4176 1776/4420/1776
f 689/785/689 3019/4418/3019 4176/4421/4176 1778/4417/1778
f 1016/766/1016 2510/4419/2510 4176/4421/4176 3019/4418/3019
f 434/787/434 1776/4420/1776 4176/4421/4176 2510/4419/2510
f 182/786/182 1776/4422/1776 4177/4426/4177 1777/4425/1777
f 434/787/434 2509/4423/2509 4177/4426/4177 1776/4422/1776
f 984/40/984 2563/4424/2563 4177/4426/4177 2509/4423/2509
f 461/68/461 1777/4425/1777 4177/4426/4177 2563/4424/2563
f 182/786/182 1777/4427/1777 4178/4431/4178 1778/4430/1778
f 461/68/461 2564/4428/2564 4178/4431/4178 1777/4427/1777
f 1043/70/1043 3020/4429/3020 4178/4431/4178 2564/4428/2564
f 689/785/689 1778/4430/1778 4178/4431/4178 3020/4429/3020
f 183/788/183 1780/4432/1780 4179/4436/4179 1781/4435/1781
f 452/505/452 2546/4433/2546 4179/4436/4179 1780/4432/1780
f 1034/500/1034 3021/4434/3021 4179/4436/4179 2546/4433/2546
f 690/789/690 1781/4435/1781 4179/4436/4179 3021/4434/3021
f 183/788/183 1781/4437/1781 4180/4441/4180 1779/4440/1779
f 690/789/690 3022/4438/3022 4180/4441/4180 1781/4437/1781
f 1039/508/1039 2434/4439/2434 4180/4441/4180 3022/4438/3022
f 396/507/396 1779/4440/1779 4180/4441/4180 2434/4439/2434
f 183/788/183 1779/4442/1779 4181/4446/4181 1780/4445/1780
f 396/507/396 2433/4443/2433 4181/4446/4181 1779/4442/1779
f 988/84/988 2545/4444/2545 4181/4446/4181 2433/4443/2433
f 452/505/452 1780/4445/1780 4181/4446/4181 2545/4444/2545
f 184/790/184 1782/4447/1782 4182/4451/4182 1783/4450/1783
f 453/499/453 2548/4448/2548 4182/4451/4182 1782/4447/1782
f 1035/494/1035 3025/4449/3025 4182/4451/4182 2548/4448/2548
f 692/791/692 1783/4450/1783 4182/4451/4182 3025/4449/3025
f 184/790/184 1783/4452/1783 4183/4456/4183 1784/4455/1784
f 692/791/692 3026/4453/3026 4183/4456/4183 1783/4452/1783
f 1107/792/1107 3034/4454/3034 4183/4456/4183 3026/4453/3026
f 696/793/696 1784/4455/1784 4183/4456/4183 3034/4454/3034
f 184/790/184 1784/4457/1784 4184/4461/4184 1782/4460/1782
f 696/793/696 3033/4458/3033 4184/4461/4184 1784/4457/1784
f 1034/500/1034 2547/4459/2547 4184/4461/4184 3033/4458/3033
f 453/499/453 1782/4460/1782 4184/4461/4184 2547/4459/2547
f 185/794/185 1785/4462/1785 4185/4466/4185 1786/4465/1786
f 454/493/454 2550/4463/2550 4185/4466/4185 1785/4462/1785
f 1036/490/1036 3029/4464/3029 4185/4466/4185 2550/4463/2550
f 694/795/694 1786/4465/1786 4185/4466/4185 3029/4464/3029
f 185/794/185 1786/4467/1786 4186/4471/4186 1787/4470/1787
f 694/795/694 3030/4468/3030 4186/4471/4186 1786/4467/1786
f 1108/796/1108 3038/4469/3038 4186/4471/4186 3030/4468/3030
f 698/797/698 1787/4470/1787 4186/4471/4186 3038/4469/3038
f 185/794/185 1787/4472/1787 4187/4476/4187 1785/4475/1785
f 698/797/698 3037/4473/3037 4187/4476/4187 1787/4472/1787
f 1035/494/1035 2549/4474/2549 4187/4476/4187 3037/4473/3037
f 454/493/454 1785/4475/1785 4187/4476/4187 2549/4474/2549
f 186/798/186 1788/4477/1788 4188/4481/4188 1789/4480/1789
f 690/789/690 3021/4478/3021 4188/4481/4188 1788/4477/1788
f 1034/500/1034 3033/4479/3033 4188/4481/4188 3021/4478/3021
f 696/793/696 1789/4480/1789 4188/4481/4188 3033/4479/3033
f 186/798/186 1789/4482/1789 4189/4486/4189 1790/4485/1790
f 696/793/696 3034/4483/3034 4189/4486/4189 1789/4482/1789
f 1107/792/1107 3036/4484/3036 4189/4486/4189 3034/4483/3034
f 697/799/697 1790/4485/1790 4189/4486/4189 3036/4484/3036
f 186/798/186 1790/4487/1790 4190/4491/4190 1788/4490/1788
f 697/799/697 3035/4488/3035 4190/4491/4190 1790/4487/1790
f 1039/508/1039 3022/4489/3022 4190/4491/4190 3035/4488/3035
f 690/789/690 1788/4490/1788 4190/4491/4190 3022/4489/3022
f 187/800/187 1793/4492/1793 4191/4496/4191 1792/4495/1792
f 697/799/697 3036/4493/3036 4191/4496/4191 1793/4492/1793
f 1107/792/1107 3024/4494/3024 4191/4496/4191 3036/4493/3036
f 691/801/691 1792/4495/1792 4191/4496/4191 3024/4494/3024
f 187/800/187 1792/4497/1792 4192/4501/4192 1791/4500/1791
f 691/801/691 3023/4498/3023 4192/4501/4192 1792/4497/1792
f 1038/802/1038 2555/4499/2555 4192/4501/4192 3023/4498/3023
f 457/803/457 1791/4500/1791 4192/4501/4192 2555/4499/2555
f 187/800/187 1791/4502/1791 4193/4506/4193 1793/4505/1793
f 457/803/457 2556/4503/2556 4193/4506/4193 1791/4502/1791
f 1039/508/1039 3035/4504/3035 4193/4506/4193 2556/4503/2556
f 697/799/697 1793/4505/1793 4193/4506/4193 3035/4504/3035
f 188/804/188 1794/4507/1794 4194/4511/4194 1795/4510/1795
f 692/791/692 3025/4508/3025 4194/4511/4194 1794/4507/1794
f 1035/494/1035 3037/4509/3037 4194/4511/4194 3025/4508/3025
f 698/797/698 1795/4510/1795 4194/4511/4194 3037/4509/3037
f 188/804/188 1795/4512/1795 4195/4516/4195 1796/4515/1796
f 698/797/698 3038/4513/3038 4195/4516/4195 1795/4512/1795
f 1108/796/1108 3040/4514/3040 4195/4516/4195 3038/4513/3038
f 699/805/699 1796/4515/1796 4195/4516/4195 3040/4514/3040
f 188/804/188 1796/4517/1796 4196/4521/4196 1794/4520/1794
f 699/805/699 3039/4518/3039 4196/4521/4196 1796/4517/1796
f 1107/792/1107 3026/4519/3026 4196/4521/4196 3039/4518/3039
f 692/791/692 1794/4520/1794 4196/4521/4196 3026/4519/3026
f 189/806/189 1798/4522/1798 4197/4526/4197 1797/4525/1797
f 699/805/699 3040/4523/3040 4197/4526/4197 1798/4522/1798
f 1108/796/1108 3031/4524/3031 4197/4526/4197 3040/4523/3040
f 695/807/695 1797/4525/1797 4197/4526/4197 3031/4524/3031
f 189/806/189 1797/4527/1797 4198/4531/4198 1799/4530/1799
f 695/807/695 3032/4528/3032 4198/4531/4198 1797/4527/1797
f 1109/808/1109 3042/4529/3042 4198/4531/4198 3032/4528/3032
f 700/809/700 1799/4530/1799 4198/4531/4198 3042/4529/3042
f 189/806/189 1799/4532/1799 4199/4536/4199 1798/4535/1798
f 700/809/700 3041/4533/3041 4199/4536/4199 1799/4532/1799
f 1107/792/1107 3039/4534/3039 4199/4536/4199 3041/4533/3041
f 699/805/699 1798/4535/1798 4199/4536/4199 3039/4534/3039
f 190/810/190 1800/4537/1800 4200/4541/4200 1801/4540/1801
f 691/801/691 3024/4538/3024 4200/4541/4200 1800/4537/1800
f 1107/792/1107 3041/4539/3041 4200/4541/4200 3024/4538/3024
f 700/809/700 1801/4540/1801 4200/4541/4200 3041/4539/3041
f 190/810/190 1801/4542/1801 4201/4546/4201 1802/4545/1802
f 700/809/700 3042/4543/3042 4201/4546/4201 1801/4542/1801
f 1109/808/1109 3044/4544/3044 4201/4546/4201 3042/4543/3042
f 701/811/701 1802/4545/1802 4201/4546/4201 3044/4544/3044
f 190/810/190 1802/4547/1802 4202/4551/4202 1800/4550/1800
f 701/811/701 3043/4548/3043 4202/4551/4202 1802/4547/1802
f 1038/802/1038 3023/4549/3023 4202/4551/4202 3043/4548/3043
f 691/801/691 1800/4550/1800 4202/4551/4202 3023/4549/3023
f 191/812/191 1805/4552/1805 4203/4556/4203 1804/4555/1804
f 701/811/701 3044/4553/3044 4203/4556/4203 1805/4552/1805
f 1109/808/1109 3028/4554/3028 4203/4556/4203 3044/4553/3044
f 693/813/693 1804/4555/1804 4203/4556/4203 3028/4554/3028
f 191/812/191 1804/4557/1804 4204/4561/4204 1803/4560/1803
f 693/813/693 3027/4558/3027 4204/4561/4204 1804/4557/1804
f 1037/814/1037 2553/4559/2553 4204/4561/4204 3027/4558/3027
f 456/815/456 1803/4560/1803 4204/4561/4204 2553/4559/2553
f 191/812/191 1803/4562/1803 4205/4566/4205 1805/4565/1805
f 456/815/456 2554/4563/2554 4205/4566/4205 1803/4562/1803
f 1038/802/1038 3043/4564/3043 4205/4566/4205 2554/4563/2554
f 701/811/701 1805/4565/1805 4205/4566/4205 3043/4564/3043
f 192/816/192 1806/4567/1806 4206/4571/4206 1807/4570/1807
f 694/795/694 3029/4568/3029 4206/4571/4206 1806/4567/1806
f 1036/490/1036 3046/4569/3046 4206/4571/4206 3029/4568/3029
f 702/817/702 1807/4570/1807 4206/4571/4206 3046/4569/3046
f 192/816/192 1807/4572/1807 4207/4576/4207 1808/4575/1808
f 702/817/702 3045/4573/3045 4207/4576/4207 1807/4572/1807
f 1012/818/1012 3047/4574/3047 4207/4576/4207 3045/4573/3045
f 703/819/703 1808/4575/1808 4207/4576/4207 3047/4574/3047
f 192/816/192 1808/4577/1808 4208/4581/4208 1806/4580/1806
f 703/819/703 3048/4578/3048 4208/4581/4208 1808/4577/1808
f 1108/796/1108 3030/4579/3030 4208/4581/4208 3048/4578/3048
f 694/795/694 1806/4580/1806 4208/4581/4208 3030/4579/3030
f 193/820/193 1810/4582/1810 4209/4586/4209 1809/4585/1809
f 703/819/703 3047/4583/3047 4209/4586/4209 1810/4582/1810
f 1012/818/1012 2502/4584/2502 4209/4586/4209 3047/4583/3047
f 430/821/430 1809/4585/1809 4209/4586/4209 2502/4584/2502
f 193/820/193 1809/4587/1809 4210/4591/4210 1811/4590/1811
f 430/821/430 2501/4588/2501 4210/4591/4210 1809/4587/1809
f 1011/822/1011 3049/4589/3049 4210/4591/4210 2501/4588/2501
f 704/823/704 1811/4590/1811 4210/4591/4210 3049/4589/3049
f 193/820/193 1811/4592/1811 4211/4596/4211 1810/4595/1810
f 704/823/704 3050/4593/3050 4211/4596/4211 1811/4592/1811
f 1108/796/1108 3048/4594/3048 4211/4596/4211 3050/4593/3050
f 703/819/703 1810/4595/1810 4211/4596/4211 3048/4594/3048
f 194/824/194 1812/4597/1812 4212/4601/4212 1813/4600/1813
f 695/807/695 3031/4598/3031 4212/4601/4212 1812/4597/1812
f 1108/796/1108 3050/4599/3050 4212/4601/4212 3031/4598/3031
f 704/823/704 1813/4600/1813 4212/4601/4212 3050/4599/3050
f 194/824/194 1813/4602/1813 4213/4606/4213 1814/4605/1814
f 704/823/704 3049/4603/3049 4213/4606/4213 1813/4602/1813
f 1011/822/1011 3051/4604/3051 4213/4606/4213 3049/4603/3049
f 705/825/705 1814/4605/1814 4213/4606/4213 3051/4604/3051
f 194/824/194 1814/4607/1814 4214/4611/4214 1812/4610/1812
f 705/825/705 3052/4608/3052 4214/4611/4214 1814/4607/1814
f 1109/808/1109 3032/4609/3032 4214/4611/4214 3052/4608/3052
f 695/807/695 1812/4610/1812 4214/4611/4214 3032/4609/3032
f 195/826/195 1816/4612/1816 4215/4616/4215 1815/4615/1815
f 705/825/705 3051/4613/3051 4215/4616/4215 1816/4612/1816
f 1011/822/1011 2500/4614/2500 4215/4616/4215 3051/4613/3051
f 429/827/429 1815/4615/1815 4215/4616/4215 2500/4614/2500
f 195/826/195 1815/4617/1815 4216/4621/4216 1817/4620/1817
f 429/827/429 2499/4618/2499 4216/4621/4216 1815/4617/1815
f 1010/828/1010 3053/4619/3053 4216/4621/4216 2499/4618/2499
f 706/829/706 1817/4620/1817 4216/4621/4216 3053/4619/3053
f 195/826/195 1817/4622/1817 4217/4626/4217 1816/4625/1816
f 706/829/706 3054/4623/3054 4217/4626/4217 1817/4622/1817
f 1109/808/1109 3052/4624/3052 4217/4626/4217 3054/4623/3054
f 705/825/705 1816/4625/1816 4217/4626/4217 3052/4624/3052
f 196/830/196 1818/4627/1818 4218/4631/4218 1819/4630/1819
f 693/831/693 3028/4628/3028 4218/4631/4218 1818/4627/1818
f 1109/832/1109 3054/4629/3054 4218/4631/4218 3028/4628/3028
f 706/833/706 1819/4630/1819 4218/4631/4218 3054/4629/3054
f 196/830/196 1819/4632/1819 4219/4636/4219 1820/4635/1820
f 706/833/706 3053/4633/3053 4219/4636/4219 1819/4632/1819
f 1010/834/1010 3055/4634/3055 4219/4636/4219 3053/4633/3053
f 707/835/707 1820/4635/1820 4219/4636/4219 3055/4634/3055
f 196/830/196 1820/4637/1820 4220/4641/4220 1818/4640/1818
f 707/835/707 3056/4638/3056 4220/4641/4220 1820/4637/1820
f 1037/66/1037 3027/4639/3027 4220/4641/4220 3056/4638/3056
f 693/831/693 1818/4640/1818 4220/4641/4220 3027/4639/3027
f 197/836/197 1823/4642/1823 4221/4646/4221 1821/4645/1821
f 707/835/707 3055/4643/3055 4221/4646/4221 1823/4642/1823
f 1010/834/1010 2498/4644/2498 4221/4646/4221 3055/4643/3055
f 428/837/428 1821/4645/1821 4221/4646/4221 2498/4644/2498
f 197/836/197 1821/4647/1821 4222/4651/4222 1822/4650/1822
f 428/837/428 2497/4648/2497 4222/4651/4222 1821/4647/1821
f 983/33/983 2551/4649/2551 4222/4651/4222 2497/4648/2497
f 455/64/455 1822/4650/1822 4222/4651/4222 2551/4649/2551
f 197/836/197 1822/4652/1822 4223/4656/4223 1823/4655/1823
f 455/64/455 2552/4653/2552 4223/4656/4223 1822/4652/1822
f 1037/66/1037 3056/4654/3056 4223/4656/4223 2552/4653/2552
f 707/835/707 1823/4655/1823 4223/4656/4223 3056/4654/3056
f 198/838/198 1825/4657/1825 4224/4661/4224 1826/4660/1826
f 446/576/446 2534/4658/2534 4224/4661/4224 1825/4657/1825
f 1028/575/1028 3057/4659/3057 4224/4661/4224 2534/4658/2534
f 708/839/708 1826/4660/1826 4224/4661/4224 3057/4659/3057
f 198/838/198 1826/4662/1826 4225/4666/4225 1824/4665/1824
f 708/839/708 3058/4663/3058 4225/4666/4225 1826/4662/1826
f 1033/579/1033 2430/4664/2430 4225/4666/4225 3058/4663/3058
f 394/578/394 1824/4665/1824 4225/4666/4225 2430/4664/2430
f 198/838/198 1824/4667/1824 4226/4671/4226 1825/4670/1825
f 394/578/394 2429/4668/2429 4226/4671/4226 1824/4667/1824
f 987/77/987 2533/4669/2533 4226/4671/4226 2429/4668/2429
f 446/576/446 1825/4670/1825 4226/4671/4226 2533/4669/2533
f 199/840/199 1827/4672/1827 4227/4676/4227 1828/4675/1828
f 447/841/447 2536/4673/2536 4227/4676/4227 1827/4672/1827
f 1029/842/1029 3061/4674/3061 4227/4676/4227 2536/4673/2536
f 710/843/710 1828/4675/1828 4227/4676/4227 3061/4674/3061
f 199/840/199 1828/4677/1828 4228/4681/4228 1829/4680/1829
f 710/843/710 3062/4678/3062 4228/4681/4228 1828/4677/1828
f 1110/844/1110 3070/4679/3070 4228/4681/4228 3062/4678/3062
f 714/845/714 1829/4680/1829 4228/4681/4228 3070/4679/3070
f 199/840/199 1829/4682/1829 4229/4686/4229 1827/4685/1827
f 714/845/714 3069/4683/3069 4229/4686/4229 1829/4682/1829
f 1028/575/1028 2535/4684/2535 4229/4686/4229 3069/4683/3069
f 447/841/447 1827/4685/1827 4229/4686/4229 2535/4684/2535
f 200/846/200 1830/4687/1830 4230/4691/4230 1831/4690/1831
f 448/847/448 2538/4688/2538 4230/4691/4230 1830/4687/1830
f 1030/37/1030 3065/4689/3065 4230/4691/4230 2538/4688/2538
f 712/848/712 1831/4690/1831 4230/4691/4230 3065/4689/3065
f 200/846/200 1831/4692/1831 4231/4696/4231 1832/4695/1832
f 712/848/712 3066/4693/3066 4231/4696/4231 1831/4692/1831
f 1111/849/1111 3074/4694/3074 4231/4696/4231 3066/4693/3066
f 716/850/716 1832/4695/1832 4231/4696/4231 3074/4694/3074
f 200/846/200 1832/4697/1832 4232/4701/4232 1830/4700/1830
f 716/850/716 3073/4698/3073 4232/4701/4232 1832/4697/1832
f 1029/851/1029 2537/4699/2537 4232/4701/4232 3073/4698/3073
f 448/847/448 1830/4700/1830 4232/4701/4232 2537/4699/2537
f 201/852/201 1833/4702/1833 4233/4706/4233 1834/4705/1834
f 708/839/708 3057/4703/3057 4233/4706/4233 1833/4702/1833
f 1028/575/1028 3069/4704/3069 4233/4706/4233 3057/4703/3057
f 714/845/714 1834/4705/1834 4233/4706/4233 3069/4704/3069
f 201/852/201 1834/4707/1834 4234/4711/4234 1835/4710/1835
f 714/845/714 3070/4708/3070 4234/4711/4234 1834/4707/1834
f 1110/844/1110 3072/4709/3072 4234/4711/4234 3070/4708/3070
f 715/853/715 1835/4710/1835 4234/4711/4234 3072/4709/3072
f 201/852/201 1835/4712/1835 4235/4716/4235 1833/4715/1833
f 715/853/715 3071/4713/3071 4235/4716/4235 1835/4712/1835
f 1033/579/1033 3058/4714/3058 4235/4716/4235 3071/4713/3071
f 708/839/708 1833/4715/1833 4235/4716/4235 3058/4714/3058
f 202/854/202 1838/4717/1838 4236/4721/4236 1837/4720/1837
f 715/853/715 3072/4718/3072 4236/4721/4236 1838/4717/1838
f 1110/844/1110 3060/4719/3060 4236/4721/4236 3072/4718/3072
f 709/855/709 1837/4720/1837 4236/4721/4236 3060/4719/3060
f 202/854/202 1837/4722/1837 4237/4726/4237 1836/4725/1836
f 709/855/709 3059/4723/3059 4237/4726/4237 1837/4722/1837
f 1032/583/1032 2543/4724/2543 4237/4726/4237 3059/4723/3059
f 451/582/451 1836/4725/1836 4237/4726/4237 2543/4724/2543
f 202/854/202 1836/4727/1836 4238/4731/4238 1838/4730/1838
f 451/582/451 2544/4728/2544 4238/4731/4238 1836/4727/1836
f 1033/579/1033 3071/4729/3071 4238/4731/4238 2544/4728/2544
f 715/853/715 1838/4730/1838 4238/4731/4238 3071/4729/3071
f 203/856/203 1839/4732/1839 4239/4736/4239 1840/4735/1840
f 710/843/710 3061/4733/3061 4239/4736/4239 1839/4732/1839
f 1029/842/1029 3073/4734/3073 4239/4736/4239 3061/4733/3061
f 716/857/716 1840/4735/1840 4239/4736/4239 3073/4734/3073
f 203/856/203 1840/4737/1840 4240/4741/4240 1841/4740/1841
f 716/857/716 3074/4738/3074 4240/4741/4240 1840/4737/1840
f 1111/858/1111 3076/4739/3076 4240/4741/4240 3074/4738/3074
f 717/859/717 1841/4740/1841 4240/4741/4240 3076/4739/3076
f 203/856/203 1841/4742/1841 4241/4746/4241 1839/4745/1839
f 717/859/717 3075/4743/3075 4241/4746/4241 1841/4742/1841
f 1110/844/1110 3062/4744/3062 4241/4746/4241 3075/4743/3075
f 710/843/710 1839/4745/1839 4241/4746/4241 3062/4744/3062
f 204/860/204 1843/4747/1843 4242/4751/4242 1842/4750/1842
f 717/861/717 3076/4748/3076 4242/4751/4242 1843/4747/1843
f 1111/849/1111 3067/4749/3067 4242/4751/4242 3076/4748/3076
f 713/862/713 1842/4750/1842 4242/4751/4242 3067/4749/3067
f 204/860/204 1842/4752/1842 4243/4756/4243 1844/4755/1844
f 713/862/713 3068/4753/3068 4243/4756/4243 1842/4752/1842
f 1112/863/1112 3078/4754/3078 4243/4756/4243 3068/4753/3068
f 718/864/718 1844/4755/1844 4243/4756/4243 3078/4754/3078
f 204/860/204 1844/4757/1844 4244/4761/4244 1843/4760/1843
f 718/864/718 3077/4758/3077 4244/4761/4244 1844/4757/1844
f 1110/865/1110 3075/4759/3075 4244/4761/4244 3077/4758/3077
f 717/861/717 1843/4760/1843 4244/4761/4244 3075/4759/3075
f 205/866/205 1845/4762/1845 4245/4766/4245 1846/4765/1846
f 709/855/709 3060/4763/3060 4245/4766/4245 1845/4762/1845
f 1110/844/1110 3077/4764/3077 4245/4766/4245 3060/4763/3060
f 718/867/718 1846/4765/1846 4245/4766/4245 3077/4764/3077
f 205/866/205 1846/4767/1846 4246/4771/4246 1847/4770/1847
f 718/867/718 3078/4768/3078 4246/4771/4246 1846/4767/1846
f 1112/868/1112 3080/4769/3080 4246/4771/4246 3078/4768/3078
f 719/869/719 1847/4770/1847 4246/4771/4246 3080/4769/3080
f 205/866/205 1847/4772/1847 4247/4776/4247 1845/4775/1845
f 719/869/719 3079/4773/3079 4247/4776/4247 1847/4772/1847
f 1032/583/1032 3059/4774/3059 4247/4776/4247 3079/4773/3079
f 709/855/709 1845/4775/1845 4247/4776/4247 3059/4774/3059
f 206/870/206 1850/4777/1850 4248/4781/4248 1849/4780/1849
f 719/871/719 3080/4778/3080 4248/4781/4248 1850/4777/1850
f 1112/863/1112 3064/4779/3064 4248/4781/4248 3080/4778/3080
f 711/872/711 1849/4780/1849 4248/4781/4248 3064/4779/3064
f 206/870/206 1849/4782/1849 4249/4786/4249 1848/4785/1848
f 711/872/711 3063/4783/3063 4249/4786/4249 1849/4782/1849
f 1031/62/1031 2541/4784/2541 4249/4786/4249 3063/4783/3063
f 450/588/450 1848/4785/1848 4249/4786/4249 2541/4784/2541
f 206/870/206 1848/4787/1848 4250/4791/4250 1850/4790/1850
f 450/588/450 2542/4788/2542 4250/4791/4250 1848/4787/1848
f 1032/592/1032 3079/4789/3079 4250/4791/4250 2542/4788/2542
f 719/871/719 1850/4790/1850 4250/4791/4250 3079/4789/3079
f 207/873/207 1851/4792/1851 4251/4796/4251 1852/4795/1852
f 712/848/712 3065/4793/3065 4251/4796/4251 1851/4792/1851
f 1030/37/1030 3082/4794/3082 4251/4796/4251 3065/4793/3065
f 720/36/720 1852/4795/1852 4251/4796/4251 3082/4794/3082
f 207/873/207 1852/4797/1852 4252/4801/4252 1853/4800/1853
f 720/36/720 3081/4798/3081 4252/4801/4252 1852/4797/1852
f 1000/35/1000 3083/4799/3083 4252/4801/4252 3081/4798/3081
f 721/874/721 1853/4800/1853 4252/4801/4252 3083/4799/3083
f 207/873/207 1853/4802/1853 4253/4806/4253 1851/4805/1851
f 721/874/721 3084/4803/3084 4253/4806/4253 1853/4802/1853
f 1111/849/1111 3066/4804/3066 4253/4806/4253 3084/4803/3084
f 712/848/712 1851/4805/1851 4253/4806/4253 3066/4804/3066
f 208/875/208 1855/4807/1855 4254/4811/4254 1854/4810/1854
f 721/874/721 3083/4808/3083 4254/4811/4254 1855/4807/1855
f 1000/35/1000 2478/4809/2478 4254/4811/4254 3083/4808/3083
f 418/876/418 1854/4810/1854 4254/4811/4254 2478/4809/2478
f 208/875/208 1854/4812/1854 4255/4816/4255 1856/4815/1856
f 418/876/418 2477/4813/2477 4255/4816/4255 1854/4812/1854
f 999/877/999 3085/4814/3085 4255/4816/4255 2477/4813/2477
f 722/878/722 1856/4815/1856 4255/4816/4255 3085/4814/3085
f 208/875/208 1856/4817/1856 4256/4821/4256 1855/4820/1855
f 722/878/722 3086/4818/3086 4256/4821/4256 1856/4817/1856
f 1111/849/1111 3084/4819/3084 4256/4821/4256 3086/4818/3086
f 721/874/721 1855/4820/1855 4256/4821/4256 3084/4819/3084
f 209/879/209 1857/4822/1857 4257/4826/4257 1858/4825/1858
f 713/862/713 3067/4823/3067 4257/4826/4257 1857/4822/1857
f 1111/849/1111 3086/4824/3086 4257/4826/4257 3067/4823/3067
f 722/878/722 1858/4825/1858 4257/4826/4257 3086/4824/3086
f 209/879/209 1858/4827/1858 4258/4831/4258 1859/4830/1859
f 722/878/722 3085/4828/3085 4258/4831/4258 1858/4827/1858
f 999/877/999 3087/4829/3087 4258/4831/4258 3085/4828/3085
f 723/880/723 1859/4830/1859 4258/4831/4258 3087/4829/3087
f 209/879/209 1859/4832/1859 4259/4836/4259 1857/4835/1857
f 723/880/723 3088/4833/3088 4259/4836/4259 1859/4832/1859
f 1112/863/1112 3068/4834/3068 4259/4836/4259 3088/4833/3088
f 713/862/713 1857/4835/1857 4259/4836/4259 3068/4834/3068
f 210/881/210 1861/4837/1861 4260/4841/4260 1860/4840/1860
f 723/880/723 3087/4838/3087 4260/4841/4260 1861/4837/1861
f 999/877/999 2476/4839/2476 4260/4841/4260 3087/4838/3087
f 417/882/417 1860/4840/1860 4260/4841/4260 2476/4839/2476
f 210/881/210 1860/4842/1860 4261/4846/4261 1862/4845/1862
f 417/882/417 2475/4843/2475 4261/4846/4261 1860/4842/1860
f 998/883/998 3089/4844/3089 4261/4846/4261 2475/4843/2475
f 724/884/724 1862/4845/1862 4261/4846/4261 3089/4844/3089
f 210/881/210 1862/4847/1862 4262/4851/4262 1861/4850/1861
f 724/884/724 3090/4848/3090 4262/4851/4262 1862/4847/1862
f 1112/863/1112 3088/4849/3088 4262/4851/4262 3090/4848/3090
f 723/880/723 1861/4850/1861 4262/4851/4262 3088/4849/3088
f 211/885/211 1863/4852/1863 4263/4856/4263 1864/4855/1864
f 711/872/711 3064/4853/3064 4263/4856/4263 1863/4852/1863
f 1112/863/1112 3090/4854/3090 4263/4856/4263 3064/4853/3064
f 724/884/724 1864/4855/1864 4263/4856/4263 3090/4854/3090
f 211/885/211 1864/4857/1864 4264/4861/4264 1865/4860/1865
f 724/884/724 3089/4858/3089 4264/4861/4264 1864/4857/1864
f 998/883/998 3091/4859/3091 4264/4861/4264 3089/4858/3089
f 725/886/725 1865/4860/1865 4264/4861/4264 3091/4859/3091
f 211/885/211 1865/4862/1865 4265/4866/4265 1863/4865/1863
f 725/886/725 3092/4863/3092 4265/4866/4265 1865/4862/1865
f 1031/62/1031 3063/4864/3063 4265/4866/4265 3092/4863/3092
f 711/872/711 1863/4865/1863 4265/4866/4265 3063/4864/3063
f 212/887/212 1868/4867/1868 4266/4871/4266 1866/4870/1866
f 725/886/725 3091/4868/3091 4266/4871/4266 1868/4867/1868
f 998/883/998 2474/4869/2474 4266/4871/4266 3091/4868/3091
f 416/888/416 1866/4870/1866 4266/4871/4266 2474/4869/2474
f 212/887/212 1866/4872/1866 4267/4876/4267 1867/4875/1867
f 416/888/416 2473/4873/2473 4267/4876/4267 1866/4872/1866
f 982/10/982 2539/4874/2539 4267/4876/4267 2473/4873/2473
f 449/60/449 1867/4875/1867 4267/4876/4267 2539/4874/2539
f 212/887/212 1867/4877/1867 4268/4881/4268 1868/4880/1868
f 449/60/449 2540/4878/2540 4268/4881/4268 1867/4877/1867
f 1031/62/1031 3092/4879/3092 4268/4881/4268 2540/4878/2540
f 725/886/725 1868/4880/1868 4268/4881/4268 3092/4879/3092
f 213/889/213 1870/4882/1870 4269/4886/4269 1871/4885/1871
f 440/633/440 2522/4883/2522 4269/4886/4269 1870/4882/1870
f 1022/632/1022 3093/4884/3093 4269/4886/4269 2522/4883/2522
f 726/890/726 1871/4885/1871 4269/4886/4269 3093/4884/3093
f 213/889/213 1871/4887/1871 4270/4891/4270 1869/4890/1869
f 726/890/726 3094/4888/3094 4270/4891/4270 1871/4887/1871
f 1027/392/1027 2426/4889/2426 4270/4891/4270 3094/4888/3094
f 392/391/392 1869/4890/1869 4270/4891/4270 2426/4889/2426
f 213/889/213 1869/4892/1869 4271/4896/4271 1870/4895/1870
f 392/391/392 2425/4893/2425 4271/4896/4271 1869/4892/1869
f 991/105/991 2521/4894/2521 4271/4896/4271 2425/4893/2425
f 440/633/440 1870/4895/1870 4271/4896/4271 2521/4894/2521
f 214/891/214 1873/4897/1873 4272/4901/4272 1872/4900/1872
f 729/892/729 3099/4898/3099 4272/4901/4272 1873/4897/1873
f 1022/893/1022 2523/4899/2523 4272/4901/4272 3099/4898/3099
f 441/894/441 1872/4900/1872 4272/4901/4272 2523/4899/2523
f 214/891/214 1872/4902/1872 4273/4906/4273 1874/4905/1874
f 441/894/441 2524/4903/2524 4273/4906/4273 1872/4902/1872
f 1023/895/1023 3101/4904/3101 4273/4906/4273 2524/4903/2524
f 730/896/730 1874/4905/1874 4273/4906/4273 3101/4904/3101
f 214/891/214 1874/4907/1874 4274/4911/4274 1875/4910/1875
f 730/896/730 3102/4908/3102 4274/4911/4274 1874/4907/1874
f 1150/897/1150 3370/4909/3370 4274/4911/4274 3102/4908/3102
f 864/898/864 1875/4910/1875 4274/4911/4274 3370/4909/3370
f 214/891/214 1875/4912/1875 4275/4916/4275 1873/4915/1873
f 864/898/864 3369/4913/3369 4275/4916/4275 1875/4912/1875
f 1149/899/1149 3100/4914/3100 4275/4916/4275 3369/4913/3369
f 729/892/729 1873/4915/1873 4275/4916/4275 3100/4914/3100
f 215/900/215 1877/4917/1877 4276/4921/4276 1876/4920/1876
f 728/901/728 3097/4918/3097 4276/4921/4276 1877/4917/1877
f 1025/902/1025 2529/4919/2529 4276/4921/4276 3097/4918/3097
f 444/903/444 1876/4920/1876 4276/4921/4276 2529/4919/2529
f 215/900/215 1876/4922/1876 4277/4926/4277 1878/4925/1878
f 444/903/444 2530/4923/2530 4277/4926/4277 1876/4922/1876
f 1026/904/1026 3107/4924/3107 4277/4926/4277 2530/4923/2530
f 733/905/733 1878/4925/1878 4277/4926/4277 3107/4924/3107
f 215/900/215 1878/4927/1878 4278/4931/4278 1879/4930/1879
f 733/905/733 3108/4928/3108 4278/4931/4278 1878/4927/1878
f 1153/906/1153 3374/4929/3374 4278/4931/4278 3108/4928/3108
f 866/907/866 1879/4930/1879 4278/4931/4278 3374/4929/3374
f 215/900/215 1879/4932/1879 4279/4936/4279 1877/4935/1877
f 866/907/866 3373/4933/3373 4279/4936/4279 1879/4932/1879
f 1152/908/1152 3098/4934/3098 4279/4936/4279 3373/4933/3373
f 728/901/728 1877/4935/1877 4279/4936/4279 3098/4934/3098
f 216/909/216 1882/4937/1882 4280/4941/4280 1880/4940/1880
f 736/910/736 3113/4938/3113 4280/4941/4280 1882/4937/1882
f 1002/911/1002 2482/4939/2482 4280/4941/4280 3113/4938/3113
f 420/912/420 1880/4940/1880 4280/4941/4280 2482/4939/2482
f 216/909/216 1880/4942/1880 4281/4946/4281 1881/4945/1881
f 420/912/420 2481/4943/2481 4281/4946/4281 1880/4942/1880
f 1001/913/1001 3095/4944/3095 4281/4946/4281 2481/4943/2481
f 727/914/727 1881/4945/1881 4281/4946/4281 3095/4944/3095
f 216/909/216 1881/4947/1881 4282/4951/4282 1883/4950/1883
f 727/914/727 3096/4948/3096 4282/4951/4282 1881/4947/1881
f 1146/915/1146 3365/4949/3365 4282/4951/4282 3096/4948/3096
f 862/916/862 1883/4950/1883 4282/4951/4282 3365/4949/3365
f 216/909/216 1883/4952/1883 4283/4956/4283 1882/4955/1882
f 862/916/862 3366/4953/3366 4283/4956/4283 1883/4952/1883
f 1147/917/1147 3114/4954/3114 4283/4956/4283 3366/4953/3366
f 736/910/736 1882/4955/1882 4283/4956/4283 3114/4954/3114
f 217/918/217 1884/4957/1884 4284/4961/4284 1886/4960/1886
f 727/914/727 3095/4958/3095 4284/4961/4284 1884/4957/1884
f 1001/913/1001 3115/4959/3115 4284/4961/4284 3095/4958/3095
f 737/919/737 1886/4960/1886 4284/4961/4284 3115/4959/3115
f 217/918/217 1886/4962/1886 4285/4966/4285 1885/4965/1885
f 737/919/737 3116/4963/3116 4285/4966/4285 1886/4962/1886
f 1025/920/1025 3097/4964/3097 4285/4966/4285 3116/4963/3116
f 728/921/728 1885/4965/1885 4285/4966/4285 3097/4964/3097
f 217/918/217 1885/4967/1885 4286/4971/4286 1887/4970/1887
f 728/921/728 3098/4968/3098 4286/4971/4286 1885/4967/1885
f 1152/922/1152 3412/4969/3412 4286/4971/4286 3098/4968/3098
f 885/923/885 1887/4970/1887 4286/4971/4286 3412/4969/3412
f 217/918/217 1887/4972/1887 4287/4976/4287 1884/4975/1884
f 885/923/885 3411/4973/3411 4287/4976/4287 1887/4972/1887
f 1146/915/1146 3096/4974/3096 4287/4976/4287 3411/4973/3411
f 727/914/727 1884/4975/1884 4287/4976/4287 3096/4974/3096
f 218/924/218 1890/4977/1890 4288/4981/4288 1888/4980/1888
f 734/925/734 3109/4978/3109 4288/4981/4288 1890/4977/1890
f 1027/926/1027 3094/4979/3094 4288/4981/4288 3109/4978/3109
f 726/927/726 1888/4980/1888 4288/4981/4288 3094/4979/3094
f 218/924/218 1888/4982/1888 4289/4986/4289 1889/4985/1889
f 726/927/726 3093/4983/3093 4289/4986/4289 1888/4982/1888
f 1022/928/1022 3099/4984/3099 4289/4986/4289 3093/4983/3093
f 729/929/729 1889/4985/1889 4289/4986/4289 3099/4984/3099
f 218/924/218 1889/4987/1889 4290/4991/4290 1891/4990/1891
f 729/929/729 3100/4988/3100 4290/4991/4290 1889/4987/1889
f 1149/930/1149 3377/4989/3377 4290/4991/4290 3100/4988/3100
f 868/931/868 1891/4990/1891 4290/4991/4290 3377/4989/3377
f 218/924/218 1891/4992/1891 4291/4996/4291 1890/4995/1890
f 868/931/868 3378/4993/3378 4291/4996/4291 1891/4992/1891
f 1154/932/1154 3110/4994/3110 4291/4996/4291 3378/4993/3378
f 734/925/734 1890/4995/1890 4291/4996/4291 3110/4994/3110
f 219/933/219 1893/4997/1893 4292/5001/4292 1892/5000/1892
f 730/896/730 3101/4998/3101 4292/5001/4292 1893/4997/1893
f 1023/895/1023 2525/4999/2525 4292/5001/4292 3101/4998/3101
f 442/934/442 1892/5000/1892 4292/5001/4292 2525/4999/2525
f 219/933/219 1892/5002/1892 4293/5006/4293 1894/5005/1894
f 442/934/442 2526/5003/2526 4293/5006/4293 1892/5002/1892
f 1024/935/1024 3103/5004/3103 4293/5006/4293 2526/5003/2526
f 731/936/731 1894/5005/1894 4293/5006/4293 3103/5004/3103
f 219/933/219 1894/5007/1894 4294/5011/4294 1895/5010/1895
f 731/936/731 3104/5008/3104 4294/5011/4294 1894/5007/1894
f 1151/937/1151 3372/5009/3372 4294/5011/4294 3104/5008/3104
f 865/938/865 1895/5010/1895 4294/5011/4294 3372/5009/3372
f 219/933/219 1895/5012/1895 4295/5016/4295 1893/5015/1893
f 865/938/865 3371/5013/3371 4295/5016/4295 1895/5012/1895
f 1150/897/1150 3102/5014/3102 4295/5016/4295 3371/5013/3371
f 730/896/730 1893/5015/1893 4295/5016/4295 3102/5014/3102
f 220/939/220 1896/5017/1896 4296/5021/4296 1897/5020/1897
f 731/936/731 3103/5018/3103 4296/5021/4296 1896/5017/1896
f 1024/935/1024 3106/5019/3106 4296/5021/4296 3103/5018/3103
f 732/940/732 1897/5020/1897 4296/5021/4296 3106/5019/3106
f 220/939/220 1897/5022/1897 4297/5026/4297 1898/5025/1898
f 732/940/732 3105/5023/3105 4297/5026/4297 1897/5022/1897
f 1003/941/1003 3111/5024/3111 4297/5026/4297 3105/5023/3105
f 735/942/735 1898/5025/1898 4297/5026/4297 3111/5024/3111
f 220/939/220 1898/5027/1898 4298/5031/4298 1899/5030/1899
f 735/942/735 3112/5028/3112 4298/5031/4298 1898/5027/1898
f 1148/943/1148 3401/5029/3401 4298/5031/4298 3112/5028/3112
f 880/944/880 1899/5030/1899 4298/5031/4298 3401/5029/3401
f 220/939/220 1899/5032/1899 4299/5036/4299 1896/5035/1896
f 880/944/880 3402/5033/3402 4299/5036/4299 1899/5032/1899
f 1151/937/1151 3104/5034/3104 4299/5036/4299 3402/5033/3402
f 731/936/731 1896/5035/1896 4299/5036/4299 3104/5034/3104
f 221/945/221 1901/5037/1901 4300/5041/4300 1900/5040/1900
f 733/905/733 3107/5038/3107 4300/5041/4300 1901/5037/1901
f 1026/904/1026 2531/5039/2531 4300/5041/4300 3107/5038/3107
f 445/946/445 1900/5040/1900 4300/5041/4300 2531/5039/2531
f 221/945/221 1900/5042/1900 4301/5046/4301 1902/5045/1902
f 445/946/445 2532/5043/2532 4301/5046/4301 1900/5042/1900
f 1027/926/1027 3109/5044/3109 4301/5046/4301 2532/5043/2532
f 734/925/734 1902/5045/1902 4301/5046/4301 3109/5044/3109
f 221/945/221 1902/5047/1902 4302/5051/4302 1903/5050/1903
f 734/925/734 3110/5048/3110 4302/5051/4302 1902/5047/1902
f 1154/932/1154 3376/5049/3376 4302/5051/4302 3110/5048/3110
f 867/947/867 1903/5050/1903 4302/5051/4302 3376/5049/3376
f 221/945/221 1903/5052/1903 4303/5056/4303 1901/5055/1901
f 867/947/867 3375/5053/3375 4303/5056/4303 1903/5052/1903
f 1153/906/1153 3108/5054/3108 4303/5056/4303 3375/5053/3375
f 733/905/733 1901/5055/1901 4303/5056/4303 3108/5054/3108
f 222/948/222 1905/5057/1905 4304/5061/4304 1904/5060/1904
f 735/949/735 3111/5058/3111 4304/5061/4304 1905/5057/1905
f 1003/950/1003 2484/5059/2484 4304/5061/4304 3111/5058/3111
f 421/951/421 1904/5060/1904 4304/5061/4304 2484/5059/2484
f 222/948/222 1904/5062/1904 4305/5066/4305 1906/5065/1906
f 421/951/421 2483/5063/2483 4305/5066/4305 1904/5062/1904
f 1002/911/1002 3113/5064/3113 4305/5066/4305 2483/5063/2483
f 736/910/736 1906/5065/1906 4305/5066/4305 3113/5064/3113
f 222/948/222 1906/5067/1906 4306/5071/4306 1907/5070/1907
f 736/910/736 3114/5068/3114 4306/5071/4306 1906/5067/1906
f 1147/917/1147 3367/5069/3367 4306/5071/4306 3114/5068/3114
f 863/952/863 1907/5070/1907 4306/5071/4306 3367/5069/3367
f 222/948/222 1907/5072/1907 4307/5076/4307 1905/5075/1905
f 863/952/863 3368/5073/3368 4307/5076/4307 1907/5072/1907
f 1148/953/1148 3112/5074/3112 4307/5076/4307 3368/5073/3368
f 735/949/735 1905/5075/1905 4307/5076/4307 3112/5074/3112
f 223/954/223 1910/5077/1910 4308/5081/4308 1908/5080/1908
f 737/955/737 3115/5078/3115 4308/5081/4308 1910/5077/1910
f 1001/956/1001 2480/5079/2480 4308/5081/4308 3115/5078/3115
f 419/957/419 1908/5080/1908 4308/5081/4308 2480/5079/2480
f 223/954/223 1908/5082/1908 4309/5086/4309 1909/5085/1909
f 419/957/419 2479/5083/2479 4309/5086/4309 1908/5082/1908
f 986/54/986 2527/5084/2527 4309/5086/4309 2479/5083/2479
f 443/72/443 1909/5085/1909 4309/5086/4309 2527/5084/2527
f 223/954/223 1909/5087/1909 4310/5091/4310 1910/5090/1910
f 443/72/443 2528/5088/2528 4310/5091/4310 1909/5087/1909
f 1025/74/1025 3116/5089/3116 4310/5091/4310 2528/5088/2528
f 737/955/737 1910/5090/1910 4310/5091/4310 3116/5089/3116
f 224/958/224 1911/5092/1911 4311/5096/4311 1913/5095/1913
f 385/959/385 2412/5093/2412 4311/5096/4311 1911/5092/1911
f 1006/960/1006 3117/5094/3117 4311/5096/4311 2412/5093/2412
f 738/961/738 1913/5095/1913 4311/5096/4311 3117/5094/3117
f 224/958/224 1913/5097/1913 4312/5101/4312 1912/5100/1912
f 738/961/738 3118/5098/3118 4312/5101/4312 1913/5097/1913
f 1021/56/1021 2422/5099/2422 4312/5101/4312 3118/5098/3118
f 390/55/390 1912/5100/1912 4312/5101/4312 2422/5099/2422
f 224/958/224 1912/5102/1912 4313/5106/4313 1911/5105/1911
f 390/55/390 2421/5103/2421 4313/5106/4313 1912/5102/1912
f 986/54/986 2411/5104/2411 4313/5106/4313 2421/5103/2421
f 385/959/385 1911/5105/1911 4313/5106/4313 2411/5104/2411
f 225/962/225 1914/5107/1914 4314/5111/4314 1915/5110/1915
f 424/963/424 2489/5108/2489 4314/5111/4314 1914/5107/1914
f 1005/964/1005 3121/5109/3121 4314/5111/4314 2489/5108/2489
f 740/965/740 1915/5110/1915 4314/5111/4314 3121/5109/3121
f 225/962/225 1915/5112/1915 4315/5116/4315 1916/5115/1916
f 740/965/740 3122/5113/3122 4315/5116/4315 1915/5112/1915
f 1113/966/1113 3130/5114/3130 4315/5116/4315 3122/5113/3122
f 744/967/744 1916/5115/1916 4315/5116/4315 3130/5114/3130
f 225/962/225 1916/5117/1916 4316/5121/4316 1914/5120/1914
f 744/967/744 3129/5118/3129 4316/5121/4316 1916/5117/1916
f 1006/960/1006 2490/5119/2490 4316/5121/4316 3129/5118/3129
f 424/963/424 1914/5120/1914 4316/5121/4316 2490/5119/2490
f 226/968/226 1917/5122/1917 4317/5126/4317 1918/5125/1918
f 423/969/423 2487/5123/2487 4317/5126/4317 1917/5122/1917
f 1004/26/1004 3125/5124/3125 4317/5126/4317 2487/5123/2487
f 742/970/742 1918/5125/1918 4317/5126/4317 3125/5124/3125
f 226/968/226 1918/5127/1918 4318/5131/4318 1919/5130/1919
f 742/970/742 3126/5128/3126 4318/5131/4318 1918/5127/1918
f 1114/971/1114 3134/5129/3134 4318/5131/4318 3126/5128/3126
f 746/972/746 1919/5130/1919 4318/5131/4318 3134/5129/3134
f 226/968/226 1919/5132/1919 4319/5136/4319 1917/5135/1917
f 746/972/746 3133/5133/3133 4319/5136/4319 1919/5132/1919
f 1005/973/1005 2488/5134/2488 4319/5136/4319 3133/5133/3133
f 423/969/423 1917/5135/1917 4319/5136/4319 2488/5134/2488
f 227/974/227 1920/5137/1920 4320/5141/4320 1921/5140/1921
f 738/961/738 3117/5138/3117 4320/5141/4320 1920/5137/1920
f 1006/960/1006 3129/5139/3129 4320/5141/4320 3117/5138/3117
f 744/967/744 1921/5140/1921 4320/5141/4320 3129/5139/3129
f 227/974/227 1921/5142/1921 4321/5146/4321 1922/5145/1922
f 744/967/744 3130/5143/3130 4321/5146/4321 1921/5142/1921
f 1113/966/1113 3132/5144/3132 4321/5146/4321 3130/5143/3130
f 745/975/745 1922/5145/1922 4321/5146/4321 3132/5144/3132
f 227/974/227 1922/5147/1922 4322/5151/4322 1920/5150/1920
f 745/975/745 3131/5148/3131 4322/5151/4322 1922/5147/1922
f 1021/56/1021 3118/5149/3118 4322/5151/4322 3131/5148/3131
f 738/961/738 1920/5150/1920 4322/5151/4322 3118/5149/3118
f 228/976/228 1925/5152/1925 4323/5156/4323 1924/5155/1924
f 745/975/745 3132/5153/3132 4323/5156/4323 1925/5152/1925
f 1113/966/1113 3120/5154/3120 4323/5156/4323 3132/5153/3132
f 739/977/739 1924/5155/1924 4323/5156/4323 3120/5154/3120
f 228/976/228 1924/5157/1924 4324/5161/4324 1923/5160/1923
f 739/977/739 3119/5158/3119 4324/5161/4324 1924/5157/1924
f 1020/701/1020 2519/5159/2519 4324/5161/4324 3119/5158/3119
f 439/700/439 1923/5160/1923 4324/5161/4324 2519/5159/2519
f 228/976/228 1923/5162/1923 4325/5166/4325 1925/5165/1925
f 439/700/439 2520/5163/2520 4325/5166/4325 1923/5162/1923
f 1021/56/1021 3131/5164/3131 4325/5166/4325 2520/5163/2520
f 745/975/745 1925/5165/1925 4325/5166/4325 3131/5164/3131
f 229/978/229 1926/5167/1926 4326/5171/4326 1927/5170/1927
f 740/965/740 3121/5168/3121 4326/5171/4326 1926/5167/1926
f 1005/964/1005 3133/5169/3133 4326/5171/4326 3121/5168/3121
f 746/979/746 1927/5170/1927 4326/5171/4326 3133/5169/3133
f 229/978/229 1927/5172/1927 4327/5176/4327 1928/5175/1928
f 746/979/746 3134/5173/3134 4327/5176/4327 1927/5172/1927
f 1114/980/1114 3136/5174/3136 4327/5176/4327 3134/5173/3134
f 747/981/747 1928/5175/1928 4327/5176/4327 3136/5174/3136
f 229/978/229 1928/5177/1928 4328/5181/4328 1926/5180/1926
f 747/981/747 3135/5178/3135 4328/5181/4328 1928/5177/1928
f 1113/966/1113 3122/5179/3122 4328/5181/4328 3135/5178/3135
f 740/965/740 1926/5180/1926 4328/5181/4328 3122/5179/3122
f 230/982/230 1930/5182/1930 4329/5186/4329 1929/5185/1929
f 747/981/747 3136/5183/3136 4329/5186/4329 1930/5182/1930
f 1114/980/1114 3127/5184/3127 4329/5186/4329 3136/5183/3136
f 743/983/743 1929/5185/1929 4329/5186/4329 3127/5184/3127
f 230/982/230 1929/5187/1929 4330/5191/4330 1931/5190/1931
f 743/983/743 3128/5188/3128 4330/5191/4330 1929/5187/1929
f 1115/984/1115 3138/5189/3138 4330/5191/4330 3128/5188/3128
f 748/985/748 1931/5190/1931 4330/5191/4330 3138/5189/3138
f 230/982/230 1931/5192/1931 4331/5196/4331 1930/5195/1930
f 748/985/748 3137/5193/3137 4331/5196/4331 1931/5192/1931
f 1113/966/1113 3135/5194/3135 4331/5196/4331 3137/5193/3137
f 747/981/747 1930/5195/1930 4331/5196/4331 3135/5194/3135
f 231/986/231 1932/5197/1932 4332/5201/4332 1933/5200/1933
f 739/977/739 3120/5198/3120 4332/5201/4332 1932/5197/1932
f 1113/966/1113 3137/5199/3137 4332/5201/4332 3120/5198/3120
f 748/985/748 1933/5200/1933 4332/5201/4332 3137/5199/3137
f 231/986/231 1933/5202/1933 4333/5206/4333 1934/5205/1934
f 748/985/748 3138/5203/3138 4333/5206/4333 1933/5202/1933
f 1115/984/1115 3140/5204/3140 4333/5206/4333 3138/5203/3138
f 749/987/749 1934/5205/1934 4333/5206/4333 3140/5204/3140
f 231/986/231 1934/5207/1934 4334/5211/4334 1932/5210/1932
f 749/987/749 3139/5208/3139 4334/5211/4334 1934/5207/1934
f 1020/701/1020 3119/5209/3119 4334/5211/4334 3139/5208/3139
f 739/977/739 1932/5210/1932 4334/5211/4334 3119/5209/3119
f 232/988/232 1937/5212/1937 4335/5216/4335 1936/5215/1936
f 749/987/749 3140/5213/3140 4335/5216/4335 1937/5212/1937
f 1115/984/1115 3124/5214/3124 4335/5216/4335 3140/5213/3140
f 741/989/741 1936/5215/1936 4335/5216/4335 3124/5214/3124
f 232/988/232 1936/5217/1936 4336/5221/4336 1935/5220/1935
f 741/989/741 3123/5218/3123 4336/5221/4336 1936/5217/1936
f 1019/990/1019 2517/5219/2517 4336/5221/4336 3123/5218/3123
f 438/991/438 1935/5220/1935 4336/5221/4336 2517/5219/2517
f 232/988/232 1935/5222/1935 4337/5226/4337 1937/5225/1937
f 438/991/438 2518/5223/2518 4337/5226/4337 1935/5222/1935
f 1020/701/1020 3139/5224/3139 4337/5226/4337 2518/5223/2518
f 749/987/749 1937/5225/1937 4337/5226/4337 3139/5224/3139
f 233/992/233 1938/5227/1938 4338/5231/4338 1939/5230/1939
f 742/970/742 3125/5228/3125 4338/5231/4338 1938/5227/1938
f 1004/26/1004 3141/5229/3141 4338/5231/4338 3125/5228/3125
f 750/25/750 1939/5230/1939 4338/5231/4338 3141/5229/3141
f 233/992/233 1939/5232/1939 4339/5236/4339 1940/5235/1940
f 750/25/750 3142/5233/3142 4339/5236/4339 1939/5232/1939
f 1015/22/1015 3143/5234/3143 4339/5236/4339 3142/5233/3142
f 751/993/751 1940/5235/1940 4339/5236/4339 3143/5234/3143
f 233/992/233 1940/5237/1940 4340/5241/4340 1938/5240/1938
f 751/993/751 3144/5238/3144 4340/5241/4340 1940/5237/1940
f 1114/971/1114 3126/5239/3126 4340/5241/4340 3144/5238/3144
f 742/970/742 1938/5240/1938 4340/5241/4340 3126/5239/3126
f 234/994/234 1942/5242/1942 4341/5246/4341 1941/5245/1941
f 751/993/751 3143/5243/3143 4341/5246/4341 1942/5242/1942
f 1015/22/1015 2508/5244/2508 4341/5246/4341 3143/5243/3143
f 433/995/433 1941/5245/1941 4341/5246/4341 2508/5244/2508
f 234/994/234 1941/5247/1941 4342/5251/4342 1943/5250/1943
f 433/995/433 2507/5248/2507 4342/5251/4342 1941/5247/1941
f 1014/996/1014 3145/5249/3145 4342/5251/4342 2507/5248/2507
f 752/997/752 1943/5250/1943 4342/5251/4342 3145/5249/3145
f 234/994/234 1943/5252/1943 4343/5256/4343 1942/5255/1942
f 752/997/752 3146/5253/3146 4343/5256/4343 1943/5252/1943
f 1114/971/1114 3144/5254/3144 4343/5256/4343 3146/5253/3146
f 751/993/751 1942/5255/1942 4343/5256/4343 3144/5254/3144
f 235/998/235 1944/5257/1944 4344/5261/4344 1945/5260/1945
f 743/999/743 3127/5258/3127 4344/5261/4344 1944/5257/1944
f 1114/971/1114 3146/5259/3146 4344/5261/4344 3127/5258/3127
f 752/997/752 1945/5260/1945 4344/5261/4344 3146/5259/3146
f 235/998/235 1945/5262/1945 4345/5266/4345 1946/5265/1946
f 752/997/752 3145/5263/3145 4345/5266/4345 1945/5262/1945
f 1014/996/1014 3147/5264/3147 4345/5266/4345 3145/5263/3145
f 753/1000/753 1946/5265/1946 4345/5266/4345 3147/5264/3147
f 235/998/235 1946/5267/1946 4346/5271/4346 1944/5270/1944
f 753/1000/753 3148/5268/3148 4346/5271/4346 1946/5267/1946
f 1115/1001/1115 3128/5269/3128 4346/5271/4346 3148/5268/3148
f 743/999/743 1944/5270/1944 4346/5271/4346 3128/5269/3128
f 236/1002/236 1948/5272/1948 4347/5276/4347 1947/5275/1947
f 753/1000/753 3147/5273/3147 4347/5276/4347 1948/5272/1948
f 1014/996/1014 2506/5274/2506 4347/5276/4347 3147/5273/3147
f 432/1003/432 1947/5275/1947 4347/5276/4347 2506/5274/2506
f 236/1002/236 1947/5277/1947 4348/5281/4348 1949/5280/1949
f 432/1003/432 2505/5278/2505 4348/5281/4348 1947/5277/1947
f 1013/1004/1013 3149/5279/3149 4348/5281/4348 2505/5278/2505
f 754/1005/754 1949/5280/1949 4348/5281/4348 3149/5279/3149
f 236/1002/236 1949/5282/1949 4349/5286/4349 1948/5285/1948
f 754/1005/754 3150/5283/3150 4349/5286/4349 1949/5282/1949
f 1115/1001/1115 3148/5284/3148 4349/5286/4349 3150/5283/3150
f 753/1000/753 1948/5285/1948 4349/5286/4349 3148/5284/3148
f 237/1006/237 1950/5287/1950 4350/5291/4350 1951/5290/1951
f 741/1007/741 3124/5288/3124 4350/5291/4350 1950/5287/1950
f 1115/1001/1115 3150/5289/3150 4350/5291/4350 3124/5288/3124
f 754/1005/754 1951/5290/1951 4350/5291/4350 3150/5289/3150
f 237/1006/237 1951/5292/1951 4351/5296/4351 1952/5295/1952
f 754/1005/754 3149/5293/3149 4351/5296/4351 1951/5292/1951
f 1013/1004/1013 3151/5294/3151 4351/5296/4351 3149/5293/3149
f 755/1008/755 1952/5295/1952 4351/5296/4351 3151/5294/3151
f 237/1006/237 1952/5297/1952 4352/5301/4352 1950/5300/1950
f 755/1008/755 3152/5298/3152 4352/5301/4352 1952/5297/1952
f 1019/1009/1019 3123/5299/3123 4352/5301/4352 3152/5298/3152
f 741/1007/741 1950/5300/1950 4352/5301/4352 3123/5299/3123
f 238/1010/238 1955/5302/1955 4353/5306/4353 1953/5305/1953
f 755/1008/755 3151/5303/3151 4353/5306/4353 1955/5302/1955
f 1013/1004/1013 2504/5304/2504 4353/5306/4353 3151/5303/3151
f 431/1011/431 1953/5305/1953 4353/5306/4353 2504/5304/2504
f 238/1010/238 1953/5307/1953 4354/5311/4354 1954/5310/1954
f 431/1011/431 2503/5308/2503 4354/5311/4354 1953/5307/1953
f 985/47/985 2515/5309/2515 4354/5311/4354 2503/5308/2503
f 437/1012/437 1954/5310/1954 4354/5311/4354 2515/5309/2515
f 238/1010/238 1954/5312/1954 4355/5316/4355 1955/5315/1955
f 437/1012/437 2516/5313/2516 4355/5316/4355 1954/5312/1954
f 1019/1009/1019 3152/5314/3152 4355/5316/4355 2516/5313/2516
f 755/1008/755 1955/5315/1955 4355/5316/4355 3152/5314/3152
f 239/1013/239 1957/5317/1957 4356/5321/4356 1958/5320/1958
f 431/1011/431 2504/5318/2504 4356/5321/4356 1957/5317/1957
f 1013/1004/1013 3153/5319/3153 4356/5321/4356 2504/5318/2504
f 756/1014/756 1958/5320/1958 4356/5321/4356 3153/5319/3153
f 239/1013/239 1958/5322/1958 4357/5326/4357 1956/5325/1956
f 756/1014/756 3154/5323/3154 4357/5326/4357 1958/5322/1958
f 1018/49/1018 2420/5324/2420 4357/5326/4357 3154/5323/3154
f 389/48/389 1956/5325/1956 4357/5326/4357 2420/5324/2420
f 239/1013/239 1956/5327/1956 4358/5331/4358 1957/5330/1957
f 389/48/389 2419/5328/2419 4358/5331/4358 1956/5327/1956
f 985/47/985 2503/5329/2503 4358/5331/4358 2419/5328/2419
f 431/1011/431 1957/5330/1957 4358/5331/4358 2503/5329/2503
f 240/1015/240 1959/5332/1959 4359/5336/4359 1960/5335/1960
f 432/1003/432 2506/5333/2506 4359/5336/4359 1959/5332/1959
f 1014/996/1014 3157/5334/3157 4359/5336/4359 2506/5333/2506
f 758/1016/758 1960/5335/1960 4359/5336/4359 3157/5334/3157
f 240/1015/240 1960/5337/1960 4360/5341/4360 1961/5340/1961
f 758/1016/758 3158/5338/3158 4360/5341/4360 1960/5337/1960
f 1116/774/1116 3166/5339/3166 4360/5341/4360 3158/5338/3158
f 762/1017/762 1961/5340/1961 4360/5341/4360 3166/5339/3166
f 240/1015/240 1961/5342/1961 4361/5346/4361 1959/5345/1959
f 762/1017/762 3165/5343/3165 4361/5346/4361 1961/5342/1961
f 1013/1004/1013 2505/5344/2505 4361/5346/4361 3165/5343/3165
f 432/1003/432 1959/5345/1959 4361/5346/4361 2505/5344/2505
f 241/1018/241 1962/5347/1962 4362/5351/4362 1963/5350/1963
f 433/995/433 2508/5348/2508 4362/5351/4362 1962/5347/1962
f 1015/22/1015 3161/5349/3161 4362/5351/4362 2508/5348/2508
f 760/1019/760 1963/5350/1963 4362/5351/4362 3161/5349/3161
f 241/1018/241 1963/5352/1963 4363/5356/4363 1964/5355/1964
f 760/1019/760 3162/5353/3162 4363/5356/4363 1963/5352/1963
f 1117/1020/1117 3170/5354/3170 4363/5356/4363 3162/5353/3162
f 764/1021/764 1964/5355/1964 4363/5356/4363 3170/5354/3170
f 241/1018/241 1964/5357/1964 4364/5361/4364 1962/5360/1962
f 764/1021/764 3169/5358/3169 4364/5361/4364 1964/5357/1964
f 1014/996/1014 2507/5359/2507 4364/5361/4364 3169/5358/3169
f 433/995/433 1962/5360/1962 4364/5361/4364 2507/5359/2507
f 242/1022/242 1965/5362/1965 4365/5366/4365 1966/5365/1966
f 756/1014/756 3153/5363/3153 4365/5366/4365 1965/5362/1965
f 1013/1004/1013 3165/5364/3165 4365/5366/4365 3153/5363/3153
f 762/1017/762 1966/5365/1966 4365/5366/4365 3165/5364/3165
f 242/1022/242 1966/5367/1966 4366/5371/4366 1967/5370/1967
f 762/1017/762 3166/5368/3166 4366/5371/4366 1966/5367/1966
f 1116/774/1116 3168/5369/3168 4366/5371/4366 3166/5368/3166
f 763/773/763 1967/5370/1967 4366/5371/4366 3168/5369/3168
f 242/1022/242 1967/5372/1967 4367/5376/4367 1965/5375/1965
f 763/773/763 3167/5373/3167 4367/5376/4367 1967/5372/1967
f 1018/49/1018 3154/5374/3154 4367/5376/4367 3167/5373/3167
f 756/1014/756 1965/5375/1965 4367/5376/4367 3154/5374/3154
f 243/1023/243 1968/5377/1968 4368/5381/4368 1969/5380/1969
f 436/781/436 2513/5378/2513 4368/5381/4368 1968/5377/1968
f 1106/754/1106 2996/5379/2996 4368/5381/4368 2513/5378/2513
f 677/753/677 1969/5380/1969 4368/5381/4368 2996/5379/2996
f 243/1023/243 1969/5382/1969 4369/5386/4369 1970/5385/1970
f 677/753/677 2995/5383/2995 4369/5386/4369 1969/5382/1969
f 1105/741/1105 3013/5384/3013 4369/5386/4369 2995/5383/2995
f 686/1024/686 1970/5385/1970 4369/5386/4369 3013/5384/3013
f 243/1023/243 1970/5387/1970 4370/5391/4370 1971/5390/1971
f 686/1024/686 3014/5388/3014 4370/5391/4370 1970/5387/1970
f 1181/1025/1181 3511/5389/3511 4370/5391/4370 3014/5388/3014
f 935/1026/935 1971/5390/1971 4370/5391/4370 3511/5389/3511
f 243/1023/243 1971/5392/1971 4371/5396/4371 1968/5395/1968
f 935/1026/935 3512/5393/3512 4371/5396/4371 1971/5392/1971
f 1182/782/1182 2514/5394/2514 4371/5396/4371 3512/5393/3512
f 436/781/436 1968/5395/1968 4371/5396/4371 2514/5394/2514
f 244/1027/244 1972/5397/1972 4372/5401/4372 1973/5400/1973
f 758/1016/758 3157/5398/3157 4372/5401/4372 1972/5397/1972
f 1014/996/1014 3169/5399/3169 4372/5401/4372 3157/5398/3157
f 764/1021/764 1973/5400/1973 4372/5401/4372 3169/5399/3169
f 244/1027/244 1973/5402/1973 4373/5406/4373 1974/5405/1974
f 764/1021/764 3170/5403/3170 4373/5406/4373 1973/5402/1973
f 1117/1020/1117 3172/5404/3172 4373/5406/4373 3170/5403/3170
f 765/1028/765 1974/5405/1974 4373/5406/4373 3172/5404/3172
f 244/1027/244 1974/5407/1974 4374/5411/4374 1972/5410/1972
f 765/1028/765 3171/5408/3171 4374/5411/4374 1974/5407/1974
f 1116/774/1116 3158/5409/3158 4374/5411/4374 3171/5408/3171
f 758/1016/758 1972/5410/1972 4374/5411/4374 3158/5409/3158
f 245/1029/245 1976/5412/1976 4375/5416/4375 1975/5415/1975
f 765/1028/765 3172/5413/3172 4375/5416/4375 1976/5412/1976
f 1117/1020/1117 3163/5414/3163 4375/5416/4375 3172/5413/3172
f 761/1030/761 1975/5415/1975 4375/5416/4375 3163/5414/3163
f 245/1029/245 1975/5417/1975 4376/5421/4376 1977/5420/1977
f 761/1030/761 3164/5418/3164 4376/5421/4376 1975/5417/1975
f 1118/764/1118 3174/5419/3174 4376/5421/4376 3164/5418/3164
f 766/1031/766 1977/5420/1977 4376/5421/4376 3174/5419/3174
f 245/1029/245 1977/5422/1977 4377/5426/4377 1976/5425/1976
f 766/1031/766 3173/5423/3173 4377/5426/4377 1977/5422/1977
f 1116/774/1116 3171/5424/3171 4377/5426/4377 3173/5423/3173
f 765/1028/765 1976/5425/1976 4377/5426/4377 3171/5424/3171
f 246/1032/246 1979/5427/1979 4378/5431/4378 1978/5430/1978
f 686/1024/686 3013/5428/3013 4378/5431/4378 1979/5427/1979
f 1105/741/1105 3012/5429/3012 4378/5431/4378 3013/5428/3013
f 685/761/685 1978/5430/1978 4378/5431/4378 3012/5429/3012
f 246/1032/246 1978/5432/1978 4379/5436/4379 1980/5435/1980
f 685/761/685 3011/5433/3011 4379/5436/4379 1978/5432/1978
f 1018/49/1018 3015/5434/3015 4379/5436/4379 3011/5433/3011
f 687/772/687 1980/5435/1980 4379/5436/4379 3015/5434/3015
f 246/1032/246 1980/5437/1980 4380/5441/4380 1981/5440/1981
f 687/772/687 3016/5438/3016 4380/5441/4380 1980/5437/1980
f 1180/778/1180 3513/5439/3513 4380/5441/4380 3016/5438/3016
f 936/1033/936 1981/5440/1981 4380/5441/4380 3513/5439/3513
f 246/1032/246 1981/5442/1981 4381/5446/4381 1979/5445/1979
f 936/1033/936 3514/5443/3514 4381/5446/4381 1981/5442/1981
f 1181/1025/1181 3014/5444/3014 4381/5446/4381 3514/5443/3514
f 686/1024/686 1979/5445/1979 4381/5446/4381 3014/5444/3014
f 247/1034/247 1982/5447/1982 4382/5451/4382 1983/5450/1983
f 757/775/757 3155/5448/3155 4382/5451/4382 1982/5447/1982
f 1116/774/1116 3173/5449/3173 4382/5451/4382 3155/5448/3155
f 766/1031/766 1983/5450/1983 4382/5451/4382 3173/5449/3173
f 247/1034/247 1983/5452/1983 4383/5456/4383 1984/5455/1984
f 766/1031/766 3174/5453/3174 4383/5456/4383 1983/5452/1983
f 1118/764/1118 3175/5454/3175 4383/5456/4383 3174/5453/3174
f 767/763/767 1984/5455/1984 4383/5456/4383 3175/5454/3175
f 247/1034/247 1984/5457/1984 4384/5461/4384 1985/5460/1985
f 767/763/767 3176/5458/3176 4384/5461/4384 1984/5457/1984
f 1184/770/1184 3528/5459/3528 4384/5461/4384 3176/5458/3176
f 943/1035/943 1985/5460/1985 4384/5461/4384 3528/5459/3528
f 247/1034/247 1985/5462/1985 4385/5466/4385 1982/5465/1982
f 943/1035/943 3527/5463/3527 4385/5466/4385 1985/5462/1985
f 1183/776/1183 3156/5464/3156 4385/5466/4385 3527/5463/3527
f 757/775/757 1982/5465/1982 4385/5466/4385 3156/5464/3156
f 248/1036/248 1986/5467/1986 4386/5471/4386 1987/5470/1987
f 760/1019/760 3161/5468/3161 4386/5471/4386 1986/5467/1986
f 1015/22/1015 3178/5469/3178 4386/5471/4386 3161/5468/3161
f 768/21/768 1987/5470/1987 4386/5471/4386 3178/5469/3178
f 248/1036/248 1987/5472/1987 4387/5476/4387 1988/5475/1988
f 768/21/768 3177/5473/3177 4387/5476/4387 1987/5472/1987
f 1009/18/1009 3179/5474/3179 4387/5476/4387 3177/5473/3177
f 769/1037/769 1988/5475/1988 4387/5476/4387 3179/5474/3179
f 248/1036/248 1988/5477/1988 4388/5481/4388 1986/5480/1986
f 769/1037/769 3180/5478/3180 4388/5481/4388 1988/5477/1988
f 1117/1020/1117 3162/5479/3162 4388/5481/4388 3180/5478/3180
f 760/1019/760 1986/5480/1986 4388/5481/4388 3162/5479/3162
f 249/1038/249 1990/5482/1990 4389/5486/4389 1989/5485/1989
f 769/1037/769 3179/5483/3179 4389/5486/4389 1990/5482/1990
f 1009/18/1009 2496/5484/2496 4389/5486/4389 3179/5483/3179
f 427/1039/427 1989/5485/1989 4389/5486/4389 2496/5484/2496
f 249/1038/249 1989/5487/1989 4390/5491/4390 1991/5490/1991
f 427/1039/427 2495/5488/2495 4390/5491/4390 1989/5487/1989
f 1008/1040/1008 3181/5489/3181 4390/5491/4390 2495/5488/2495
f 770/1041/770 1991/5490/1991 4390/5491/4390 3181/5489/3181
f 249/1038/249 1991/5492/1991 4391/5496/4391 1990/5495/1990
f 770/1041/770 3182/5493/3182 4391/5496/4391 1991/5492/1991
f 1117/1020/1117 3180/5494/3180 4391/5496/4391 3182/5493/3182
f 769/1037/769 1990/5495/1990 4391/5496/4391 3180/5494/3180
f 250/1042/250 1992/5497/1992 4392/5501/4392 1993/5500/1993
f 761/1030/761 3163/5498/3163 4392/5501/4392 1992/5497/1992
f 1117/1020/1117 3182/5499/3182 4392/5501/4392 3163/5498/3163
f 770/1041/770 1993/5500/1993 4392/5501/4392 3182/5499/3182
f 250/1042/250 1993/5502/1993 4393/5506/4393 1994/5505/1994
f 770/1041/770 3181/5503/3181 4393/5506/4393 1993/5502/1993
f 1008/1040/1008 3183/5504/3183 4393/5506/4393 3181/5503/3181
f 771/1043/771 1994/5505/1994 4393/5506/4393 3183/5504/3183
f 250/1042/250 1994/5507/1994 4394/5511/4394 1992/5510/1992
f 771/1043/771 3184/5508/3184 4394/5511/4394 1994/5507/1994
f 1118/764/1118 3164/5509/3164 4394/5511/4394 3184/5508/3184
f 761/1030/761 1992/5510/1992 4394/5511/4394 3164/5509/3164
f 251/1044/251 1996/5512/1996 4395/5516/4395 1995/5515/1995
f 771/1043/771 3183/5513/3183 4395/5516/4395 1996/5512/1996
f 1008/1040/1008 2494/5514/2494 4395/5516/4395 3183/5513/3183
f 426/1045/426 1995/5515/1995 4395/5516/4395 2494/5514/2494
f 251/1044/251 1995/5517/1995 4396/5521/4396 1997/5520/1997
f 426/1045/426 2493/5518/2493 4396/5521/4396 1995/5517/1995
f 1007/1046/1007 3185/5519/3185 4396/5521/4396 2493/5518/2493
f 772/1047/772 1997/5520/1997 4396/5521/4396 3185/5519/3185
f 251/1044/251 1997/5522/1997 4397/5526/4397 1996/5525/1996
f 772/1047/772 3186/5523/3186 4397/5526/4397 1997/5522/1997
f 1118/764/1118 3184/5524/3184 4397/5526/4397 3186/5523/3186
f 771/1043/771 1996/5525/1996 4397/5526/4397 3184/5524/3184
f 252/1048/252 1998/5527/1998 4398/5531/4398 1999/5530/1999
f 759/765/759 3160/5528/3160 4398/5531/4398 1998/5527/1998
f 1118/764/1118 3186/5529/3186 4398/5531/4398 3160/5528/3160
f 772/1047/772 1999/5530/1999 4398/5531/4398 3186/5529/3186
f 252/1048/252 1999/5532/1999 4399/5536/4399 2000/5535/2000
f 772/1047/772 3185/5533/3185 4399/5536/4399 1999/5532/1999
f 1007/1046/1007 3187/5534/3187 4399/5536/4399 3185/5533/3185
f 773/1049/773 2000/5535/2000 4399/5536/4399 3187/5534/3187
f 252/1048/252 2000/5537/2000 4400/5541/4400 1998/5540/1998
f 773/1049/773 3188/5538/3188 4400/5541/4400 2000/5537/2000
f 1016/766/1016 3159/5539/3159 4400/5541/4400 3188/5538/3188
f 759/765/759 1998/5540/1998 4400/5541/4400 3159/5539/3159
f 253/1050/253 2003/5542/2003 4401/5546/4401 2001/5545/2001
f 773/1049/773 3187/5543/3187 4401/5546/4401 2003/5542/2003
f 1007/1046/1007 2492/5544/2492 4401/5546/4401 3187/5543/3187
f 425/1051/425 2001/5545/2001 4401/5546/4401 2492/5544/2492
f 253/1050/253 2001/5547/2001 4402/5551/4402 2002/5550/2002
f 425/1051/425 2491/5548/2491 4402/5551/4402 2001/5547/2001
f 984/40/984 2509/5549/2509 4402/5551/4402 2491/5548/2491
f 434/787/434 2002/5550/2002 4402/5551/4402 2509/5549/2509
f 253/1050/253 2002/5552/2002 4403/5556/4403 2003/5555/2003
f 434/787/434 2510/5553/2510 4403/5556/4403 2002/5552/2002
f 1016/766/1016 3188/5554/3188 4403/5556/4403 2510/5553/2510
f 773/1049/773 2003/5555/2003 4403/5556/4403 3188/5554/3188
f 254/1052/254 2005/5557/2005 4404/5561/4404 2006/5560/2006
f 425/1051/425 2492/5558/2492 4404/5561/4404 2005/5557/2005
f 1007/1046/1007 3189/5559/3189 4404/5561/4404 2492/5558/2492
f 774/1053/774 2006/5560/2006 4404/5561/4404 3189/5559/3189
f 254/1052/254 2006/5562/2006 4405/5566/4405 2004/5565/2004
f 774/1053/774 3190/5563/3190 4405/5566/4405 2006/5562/2006
f 1012/42/1012 2416/5564/2416 4405/5566/4405 3190/5563/3190
f 387/41/387 2004/5565/2004 4405/5566/4405 2416/5564/2416
f 254/1052/254 2004/5567/2004 4406/5571/4406 2005/5570/2005
f 387/41/387 2415/5568/2415 4406/5571/4406 2004/5567/2004
f 984/40/984 2491/5569/2491 4406/5571/4406 2415/5568/2415
f 425/1051/425 2005/5570/2005 4406/5571/4406 2491/5569/2491
f 255/1054/255 2007/5572/2007 4407/5576/4407 2008/5575/2008
f 426/1045/426 2494/5573/2494 4407/5576/4407 2007/5572/2007
f 1008/1040/1008 3193/5574/3193 4407/5576/4407 2494/5573/2494
f 776/1055/776 2008/5575/2008 4407/5576/4407 3193/5574/3193
f 255/1054/255 2008/5577/2008 4408/5581/4408 2009/5580/2009
f 776/1055/776 3194/5578/3194 4408/5581/4408 2008/5577/2008
f 1119/1056/1119 3202/5579/3202 4408/5581/4408 3194/5578/3194
f 780/1057/780 2009/5580/2009 4408/5581/4408 3202/5579/3202
f 255/1054/255 2009/5582/2009 4409/5586/4409 2007/5585/2007
f 780/1057/780 3201/5583/3201 4409/5586/4409 2009/5582/2009
f 1007/1046/1007 2493/5584/2493 4409/5586/4409 3201/5583/3201
f 426/1045/426 2007/5585/2007 4409/5586/4409 2493/5584/2493
f 256/1058/256 2010/5587/2010 4410/5591/4410 2011/5590/2011
f 427/1039/427 2496/5588/2496 4410/5591/4410 2010/5587/2010
f 1009/18/1009 3197/5589/3197 4410/5591/4410 2496/5588/2496
f 778/1059/778 2011/5590/2011 4410/5591/4410 3197/5589/3197
f 256/1058/256 2011/5592/2011 4411/5596/4411 2012/5595/2012
f 778/1059/778 3198/5593/3198 4411/5596/4411 2011/5592/2011
f 1120/1060/1120 3206/5594/3206 4411/5596/4411 3198/5593/3198
f 782/1061/782 2012/5595/2012 4411/5596/4411 3206/5594/3206
f 256/1058/256 2012/5597/2012 4412/5601/4412 2010/5600/2010
f 782/1061/782 3205/5598/3205 4412/5601/4412 2012/5597/2012
f 1008/1040/1008 2495/5599/2495 4412/5601/4412 3205/5598/3205
f 427/1039/427 2010/5600/2010 4412/5601/4412 2495/5599/2495
f 257/1062/257 2013/5602/2013 4413/5606/4413 2014/5605/2014
f 774/1053/774 3189/5603/3189 4413/5606/4413 2013/5602/2013
f 1007/1046/1007 3201/5604/3201 4413/5606/4413 3189/5603/3189
f 780/1057/780 2014/5605/2014 4413/5606/4413 3201/5604/3201
f 257/1062/257 2014/5607/2014 4414/5611/4414 2015/5610/2015
f 780/1057/780 3202/5608/3202 4414/5611/4414 2014/5607/2014
f 1119/1056/1119 3204/5609/3204 4414/5611/4414 3202/5608/3202
f 781/1063/781 2015/5610/2015 4414/5611/4414 3204/5609/3204
f 257/1062/257 2015/5612/2015 4415/5616/4415 2013/5615/2013
f 781/1063/781 3203/5613/3203 4415/5616/4415 2015/5612/2015
f 1012/42/1012 3190/5614/3190 4415/5616/4415 3203/5613/3203
f 774/1053/774 2013/5615/2013 4415/5616/4415 3190/5614/3190
f 258/1064/258 2018/5617/2018 4416/5621/4416 2017/5620/2017
f 781/1063/781 3204/5618/3204 4416/5621/4416 2018/5617/2018
f 1119/1056/1119 3192/5619/3192 4416/5621/4416 3204/5618/3204
f 775/1065/775 2017/5620/2017 4416/5621/4416 3192/5619/3192
f 258/1064/258 2017/5622/2017 4417/5626/4417 2016/5625/2016
f 775/1065/775 3191/5623/3191 4417/5626/4417 2017/5622/2017
f 1011/1066/1011 2501/5624/2501 4417/5626/4417 3191/5623/3191
f 430/1067/430 2016/5625/2016 4417/5626/4417 2501/5624/2501
f 258/1064/258 2016/5627/2016 4418/5631/4418 2018/5630/2018
f 430/1067/430 2502/5628/2502 4418/5631/4418 2016/5627/2016
f 1012/42/1012 3203/5629/3203 4418/5631/4418 2502/5628/2502
f 781/1063/781 2018/5630/2018 4418/5631/4418 3203/5629/3203
f 259/1068/259 2019/5632/2019 4419/5636/4419 2020/5635/2020
f 776/1055/776 3193/5633/3193 4419/5636/4419 2019/5632/2019
f 1008/1040/1008 3205/5634/3205 4419/5636/4419 3193/5633/3193
f 782/1061/782 2020/5635/2020 4419/5636/4419 3205/5634/3205
f 259/1068/259 2020/5637/2020 4420/5641/4420 2021/5640/2021
f 782/1061/782 3206/5638/3206 4420/5641/4420 2020/5637/2020
f 1120/1060/1120 3208/5639/3208 4420/5641/4420 3206/5638/3206
f 783/1069/783 2021/5640/2021 4420/5641/4420 3208/5639/3208
f 259/1068/259 2021/5642/2021 4421/5646/4421 2019/5645/2019
f 783/1069/783 3207/5643/3207 4421/5646/4421 2021/5642/2021
f 1119/1056/1119 3194/5644/3194 4421/5646/4421 3207/5643/3207
f 776/1055/776 2019/5645/2019 4421/5646/4421 3194/5644/3194
f 260/1070/260 2023/5647/2023 4422/5651/4422 2022/5650/2022
f 783/1069/783 3208/5648/3208 4422/5651/4422 2023/5647/2023
f 1120/1060/1120 3199/5649/3199 4422/5651/4422 3208/5648/3208
f 779/1071/779 2022/5650/2022 4422/5651/4422 3199/5649/3199
f 260/1070/260 2022/5652/2022 4423/5656/4423 2024/5655/2024
f 779/1071/779 3200/5653/3200 4423/5656/4423 2022/5652/2022
f 1121/1072/1121 3210/5654/3210 4423/5656/4423 3200/5653/3200
f 784/1073/784 2024/5655/2024 4423/5656/4423 3210/5654/3210
f 260/1070/260 2024/5657/2024 4424/5661/4424 2023/5660/2023
f 784/1073/784 3209/5658/3209 4424/5661/4424 2024/5657/2024
f 1119/1056/1119 3207/5659/3207 4424/5661/4424 3209/5658/3209
f 783/1069/783 2023/5660/2023 4424/5661/4424 3207/5659/3207
f 261/1074/261 2025/5662/2025 4425/5666/4425 2026/5665/2026
f 775/1075/775 3192/5663/3192 4425/5666/4425 2025/5662/2025
f 1119/1056/1119 3209/5664/3209 4425/5666/4425 3192/5663/3192
f 784/1073/784 2026/5665/2026 4425/5666/4425 3209/5664/3209
f 261/1074/261 2026/5667/2026 4426/5671/4426 2027/5670/2027
f 784/1073/784 3210/5668/3210 4426/5671/4426 2026/5667/2026
f 1121/1072/1121 3212/5669/3212 4426/5671/4426 3210/5668/3210
f 785/1076/785 2027/5670/2027 4426/5671/4426 3212/5669/3212
f 261/1074/261 2027/5672/2027 4427/5676/4427 2025/5675/2025
f 785/1076/785 3211/5673/3211 4427/5676/4427 2027/5672/2027
f 1011/1077/1011 3191/5674/3191 4427/5676/4427 3211/5673/3211
f 775/1075/775 2025/5675/2025 4427/5676/4427 3191/5674/3191
f 262/1078/262 2030/5677/2030 4428/5681/4428 2029/5680/2029
f 785/1076/785 3212/5678/3212 4428/5681/4428 2030/5677/2030
f 1121/1072/1121 3196/5679/3196 4428/5681/4428 3212/5678/3212
f 777/1079/777 2029/5680/2029 4428/5681/4428 3196/5679/3196
f 262/1078/262 2029/5682/2029 4429/5686/4429 2028/5685/2028
f 777/1079/777 3195/5683/3195 4429/5686/4429 2029/5682/2029
f 1010/834/1010 2499/5684/2499 4429/5686/4429 3195/5683/3195
f 429/1080/429 2028/5685/2028 4429/5686/4429 2499/5684/2499
f 262/1078/262 2028/5687/2028 4430/5691/4430 2030/5690/2030
f 429/1080/429 2500/5688/2500 4430/5691/4430 2028/5687/2028
f 1011/1077/1011 3211/5689/3211 4430/5691/4430 2500/5688/2500
f 785/1076/785 2030/5690/2030 4430/5691/4430 3211/5689/3211
f 263/1081/263 2031/5692/2031 4431/5696/4431 2032/5695/2032
f 778/1059/778 3197/5693/3197 4431/5696/4431 2031/5692/2031
f 1009/18/1009 3214/5694/3214 4431/5696/4431 3197/5693/3197
f 786/17/786 2032/5695/2032 4431/5696/4431 3214/5694/3214
f 263/1081/263 2032/5697/2032 4432/5701/4432 2033/5700/2033
f 786/17/786 3213/5698/3213 4432/5701/4432 2032/5697/2032
f 994/7/994 3215/5699/3215 4432/5701/4432 3213/5698/3213
f 787/1082/787 2033/5700/2033 4432/5701/4432 3215/5699/3215
f 263/1081/263 2033/5702/2033 4433/5706/4433 2031/5705/2031
f 787/1082/787 3216/5703/3216 4433/5706/4433 2033/5702/2033
f 1120/1060/1120 3198/5704/3198 4433/5706/4433 3216/5703/3216
f 778/1059/778 2031/5705/2031 4433/5706/4433 3198/5704/3198
f 264/1083/264 2035/5707/2035 4434/5711/4434 2034/5710/2034
f 787/1082/787 3215/5708/3215 4434/5711/4434 2035/5707/2035
f 994/7/994 2466/5709/2466 4434/5711/4434 3215/5708/3215
f 412/1084/412 2034/5710/2034 4434/5711/4434 2466/5709/2466
f 264/1083/264 2034/5712/2034 4435/5716/4435 2036/5715/2036
f 412/1084/412 2465/5713/2465 4435/5716/4435 2034/5712/2034
f 993/1085/993 3217/5714/3217 4435/5716/4435 2465/5713/2465
f 788/1086/788 2036/5715/2036 4435/5716/4435 3217/5714/3217
f 264/1083/264 2036/5717/2036 4436/5721/4436 2035/5720/2035
f 788/1086/788 3218/5718/3218 4436/5721/4436 2036/5717/2036
f 1120/1060/1120 3216/5719/3216 4436/5721/4436 3218/5718/3218
f 787/1082/787 2035/5720/2035 4436/5721/4436 3216/5719/3216
f 265/1087/265 2037/5722/2037 4437/5726/4437 2038/5725/2038
f 779/1071/779 3199/5723/3199 4437/5726/4437 2037/5722/2037
f 1120/1060/1120 3218/5724/3218 4437/5726/4437 3199/5723/3199
f 788/1086/788 2038/5725/2038 4437/5726/4437 3218/5724/3218
f 265/1087/265 2038/5727/2038 4438/5731/4438 2039/5730/2039
f 788/1086/788 3217/5728/3217 4438/5731/4438 2038/5727/2038
f 993/1085/993 3219/5729/3219 4438/5731/4438 3217/5728/3217
f 789/1088/789 2039/5730/2039 4438/5731/4438 3219/5729/3219
f 265/1087/265 2039/5732/2039 4439/5736/4439 2037/5735/2037
f 789/1088/789 3220/5733/3220 4439/5736/4439 2039/5732/2039
f 1121/1072/1121 3200/5734/3200 4439/5736/4439 3220/5733/3220
f 779/1071/779 2037/5735/2037 4439/5736/4439 3200/5734/3200
f 266/1089/266 2041/5737/2041 4440/5741/4440 2040/5740/2040
f 789/1088/789 3219/5738/3219 4440/5741/4440 2041/5737/2041
f 993/1085/993 2464/5739/2464 4440/5741/4440 3219/5738/3219
f 411/1090/411 2040/5740/2040 4440/5741/4440 2464/5739/2464
f 266/1089/266 2040/5742/2040 4441/5746/4441 2042/5745/2042
f 411/1090/411 2463/5743/2463 4441/5746/4441 2040/5742/2040
f 992/1091/992 3221/5744/3221 4441/5746/4441 2463/5743/2463
f 790/1092/790 2042/5745/2042 4441/5746/4441 3221/5744/3221
f 266/1089/266 2042/5747/2042 4442/5751/4442 2041/5750/2041
f 790/1092/790 3222/5748/3222 4442/5751/4442 2042/5747/2042
f 1121/1072/1121 3220/5749/3220 4442/5751/4442 3222/5748/3222
f 789/1088/789 2041/5750/2041 4442/5751/4442 3220/5749/3220
f 267/1093/267 2043/5752/2043 4443/5756/4443 2044/5755/2044
f 777/1079/777 3196/5753/3196 4443/5756/4443 2043/5752/2043
f 1121/1072/1121 3222/5754/3222 4443/5756/4443 3196/5753/3196
f 790/1092/790 2044/5755/2044 4443/5756/4443 3222/5754/3222
f 267/1093/267 2044/5757/2044 4444/5761/4444 2045/5760/2045
f 790/1092/790 3221/5758/3221 4444/5761/4444 2044/5757/2044
f 992/1091/992 3223/5759/3223 4444/5761/4444 3221/5758/3221
f 791/1094/791 2045/5760/2045 4444/5761/4444 3223/5759/3223
f 267/1093/267 2045/5762/2045 4445/5766/4445 2043/5765/2043
f 791/1094/791 3224/5763/3224 4445/5766/4445 2045/5762/2045
f 1010/834/1010 3195/5764/3195 4445/5766/4445 3224/5763/3224
f 777/1079/777 2043/5765/2043 4445/5766/4445 3195/5764/3195
f 268/1095/268 2048/5767/2048 4446/5771/4446 2046/5770/2046
f 791/1094/791 3223/5768/3223 4446/5771/4446 2048/5767/2048
f 992/1091/992 2462/5769/2462 4446/5771/4446 3223/5768/3223
f 410/1096/410 2046/5770/2046 4446/5771/4446 2462/5769/2462
f 268/1095/268 2046/5772/2046 4447/5776/4447 2047/5775/2047
f 410/1096/410 2461/5773/2461 4447/5776/4447 2046/5772/2046
f 983/33/983 2497/5774/2497 4447/5776/4447 2461/5773/2461
f 428/837/428 2047/5775/2047 4447/5776/4447 2497/5774/2497
f 268/1095/268 2047/5777/2047 4448/5781/4448 2048/5780/2048
f 428/837/428 2498/5778/2498 4448/5781/4448 2047/5777/2047
f 1010/834/1010 3224/5779/3224 4448/5781/4448 2498/5778/2498
f 791/1094/791 2048/5780/2048 4448/5781/4448 3224/5779/3224
f 269/1097/269 2050/5782/2050 4449/5786/4449 2051/5785/2051
f 419/957/419 2480/5783/2480 4449/5786/4449 2050/5782/2050
f 1001/956/1001 3225/5784/3225 4449/5786/4449 2480/5783/2480
f 792/1098/792 2051/5785/2051 4449/5786/4449 3225/5784/3225
f 269/1097/269 2051/5787/2051 4450/5791/4450 2049/5790/2049
f 792/1098/792 3226/5788/3226 4450/5791/4450 2051/5787/2051
f 1006/960/1006 2412/5789/2412 4450/5791/4450 3226/5788/3226
f 385/959/385 2049/5790/2049 4450/5791/4450 2412/5789/2412
f 269/1097/269 2049/5792/2049 4451/5796/4451 2050/5795/2050
f 385/959/385 2411/5793/2411 4451/5796/4451 2049/5792/2049
f 986/54/986 2479/5794/2479 4451/5796/4451 2411/5793/2411
f 419/957/419 2050/5795/2050 4451/5796/4451 2479/5794/2479
f 270/1099/270 2052/5797/2052 4452/5801/4452 2053/5800/2053
f 420/1100/420 2482/5798/2482 4452/5801/4452 2052/5797/2052
f 1002/1101/1002 3229/5799/3229 4452/5801/4452 2482/5798/2482
f 794/1102/794 2053/5800/2053 4452/5801/4452 3229/5799/3229
f 270/1099/270 2053/5802/2053 4453/5806/4453 2054/5805/2054
f 794/1102/794 3230/5803/3230 4453/5806/4453 2053/5802/2053
f 1122/1103/1122 3238/5804/3238 4453/5806/4453 3230/5803/3230
f 798/1104/798 2054/5805/2054 4453/5806/4453 3238/5804/3238
f 270/1099/270 2054/5807/2054 4454/5811/4454 2052/5810/2052
f 798/1104/798 3237/5808/3237 4454/5811/4454 2054/5807/2054
f 1001/956/1001 2481/5809/2481 4454/5811/4454 3237/5808/3237
f 420/1100/420 2052/5810/2052 4454/5811/4454 2481/5809/2481
f 271/1105/271 2055/5812/2055 4455/5816/4455 2056/5815/2056
f 421/1106/421 2484/5813/2484 4455/5816/4455 2055/5812/2055
f 1003/14/1003 3233/5814/3233 4455/5816/4455 2484/5813/2484
f 796/1107/796 2056/5815/2056 4455/5816/4455 3233/5814/3233
f 271/1105/271 2056/5817/2056 4456/5821/4456 2057/5820/2057
f 796/1107/796 3234/5818/3234 4456/5821/4456 2056/5817/2056
f 1123/1108/1123 3242/5819/3242 4456/5821/4456 3234/5818/3234
f 800/1109/800 2057/5820/2057 4456/5821/4456 3242/5819/3242
f 271/1105/271 2057/5822/2057 4457/5826/4457 2055/5825/2055
f 800/1109/800 3241/5823/3241 4457/5826/4457 2057/5822/2057
f 1002/1110/1002 2483/5824/2483 4457/5826/4457 3241/5823/3241
f 421/1106/421 2055/5825/2055 4457/5826/4457 2483/5824/2483
f 272/1111/272 2058/5827/2058 4458/5831/4458 2059/5830/2059
f 792/1098/792 3225/5828/3225 4458/5831/4458 2058/5827/2058
f 1001/956/1001 3237/5829/3237 4458/5831/4458 3225/5828/3225
f 798/1104/798 2059/5830/2059 4458/5831/4458 3237/5829/3237
f 272/1111/272 2059/5832/2059 4459/5836/4459 2060/5835/2060
f 798/1104/798 3238/5833/3238 4459/5836/4459 2059/5832/2059
f 1122/1103/1122 3240/5834/3240 4459/5836/4459 3238/5833/3238
f 799/1112/799 2060/5835/2060 4459/5836/4459 3240/5834/3240
f 272/1111/272 2060/5837/2060 4460/5841/4460 2058/5840/2058
f 799/1112/799 3239/5838/3239 4460/5841/4460 2060/5837/2060
f 1006/960/1006 3226/5839/3226 4460/5841/4460 3239/5838/3239
f 792/1098/792 2058/5840/2058 4460/5841/4460 3226/5839/3226
f 273/1113/273 2063/5842/2063 4461/5846/4461 2062/5845/2062
f 799/1112/799 3240/5843/3240 4461/5846/4461 2063/5842/2063
f 1122/1103/1122 3228/5844/3228 4461/5846/4461 3240/5843/3240
f 793/1114/793 2062/5845/2062 4461/5846/4461 3228/5844/3228
f 273/1113/273 2062/5847/2062 4462/5851/4462 2061/5850/2061
f 793/1114/793 3227/5848/3227 4462/5851/4462 2062/5847/2062
f 1005/964/1005 2489/5849/2489 4462/5851/4462 3227/5848/3227
f 424/963/424 2061/5850/2061 4462/5851/4462 2489/5849/2489
f 273/1113/273 2061/5852/2061 4463/5856/4463 2063/5855/2063
f 424/963/424 2490/5853/2490 4463/5856/4463 2061/5852/2061
f 1006/960/1006 3239/5854/3239 4463/5856/4463 2490/5853/2490
f 799/1112/799 2063/5855/2063 4463/5856/4463 3239/5854/3239
f 274/1115/274 2064/5857/2064 4464/5861/4464 2065/5860/2065
f 794/1116/794 3229/5858/3229 4464/5861/4464 2064/5857/2064
f 1002/1110/1002 3241/5859/3241 4464/5861/4464 3229/5858/3229
f 800/1109/800 2065/5860/2065 4464/5861/4464 3241/5859/3241
f 274/1115/274 2065/5862/2065 4465/5866/4465 2066/5865/2066
f 800/1109/800 3242/5863/3242 4465/5866/4465 2065/5862/2065
f 1123/1108/1123 3244/5864/3244 4465/5866/4465 3242/5863/3242
f 801/1117/801 2066/5865/2066 4465/5866/4465 3244/5864/3244
f 274/1115/274 2066/5867/2066 4466/5871/4466 2064/5870/2064
f 801/1117/801 3243/5868/3243 4466/5871/4466 2066/5867/2066
f 1122/1118/1122 3230/5869/3230 4466/5871/4466 3243/5868/3243
f 794/1116/794 2064/5870/2064 4466/5871/4466 3230/5869/3230
f 275/1119/275 2068/5872/2068 4467/5876/4467 2067/5875/2067
f 801/1117/801 3244/5873/3244 4467/5876/4467 2068/5872/2068
f 1123/1108/1123 3235/5874/3235 4467/5876/4467 3244/5873/3244
f 797/1120/797 2067/5875/2067 4467/5876/4467 3235/5874/3235
f 275/1119/275 2067/5877/2067 4468/5881/4468 2069/5880/2069
f 797/1120/797 3236/5878/3236 4468/5881/4468 2067/5877/2067
f 1124/1121/1124 3246/5879/3246 4468/5881/4468 3236/5878/3236
f 802/1122/802 2069/5880/2069 4468/5881/4468 3246/5879/3246
f 275/1119/275 2069/5882/2069 4469/5886/4469 2068/5885/2068
f 802/1122/802 3245/5883/3245 4469/5886/4469 2069/5882/2069
f 1122/1118/1122 3243/5884/3243 4469/5886/4469 3245/5883/3245
f 801/1117/801 2068/5885/2068 4469/5886/4469 3243/5884/3243
f 276/1123/276 2070/5887/2070 4470/5891/4470 2071/5890/2071
f 793/1124/793 3228/5888/3228 4470/5891/4470 2070/5887/2070
f 1122/1118/1122 3245/5889/3245 4470/5891/4470 3228/5888/3228
f 802/1122/802 2071/5890/2071 4470/5891/4470 3245/5889/3245
f 276/1123/276 2071/5892/2071 4471/5896/4471 2072/5895/2072
f 802/1122/802 3246/5893/3246 4471/5896/4471 2071/5892/2071
f 1124/1121/1124 3248/5894/3248 4471/5896/4471 3246/5893/3246
f 803/1125/803 2072/5895/2072 4471/5896/4471 3248/5894/3248
f 276/1123/276 2072/5897/2072 4472/5901/4472 2070/5900/2070
f 803/1125/803 3247/5898/3247 4472/5901/4472 2072/5897/2072
f 1005/973/1005 3227/5899/3227 4472/5901/4472 3247/5898/3247
f 793/1124/793 2070/5900/2070 4472/5901/4472 3227/5899/3227
f 277/1126/277 2075/5902/2075 4473/5906/4473 2074/5905/2074
f 803/1125/803 3248/5903/3248 4473/5906/4473 2075/5902/2075
f 1124/1121/1124 3232/5904/3232 4473/5906/4473 3248/5903/3248
f 795/1127/795 2074/5905/2074 4473/5906/4473 3232/5904/3232
f 277/1126/277 2074/5907/2074 4474/5911/4474 2073/5910/2073
f 795/1127/795 3231/5908/3231 4474/5911/4474 2074/5907/2074
f 1004/26/1004 2487/5909/2487 4474/5911/4474 3231/5908/3231
f 423/969/423 2073/5910/2073 4474/5911/4474 2487/5909/2487
f 277/1126/277 2073/5912/2073 4475/5916/4475 2075/5915/2075
f 423/969/423 2488/5913/2488 4475/5916/4475 2073/5912/2073
f 1005/973/1005 3247/5914/3247 4475/5916/4475 2488/5913/2488
f 803/1125/803 2075/5915/2075 4475/5916/4475 3247/5914/3247
f 278/1128/278 2076/5917/2076 4476/5921/4476 2077/5920/2077
f 796/1107/796 3233/5918/3233 4476/5921/4476 2076/5917/2076
f 1003/14/1003 3250/5919/3250 4476/5921/4476 3233/5918/3233
f 804/13/804 2077/5920/2077 4476/5921/4476 3250/5919/3250
f 278/1128/278 2077/5922/2077 4477/5926/4477 2078/5925/2078
f 804/13/804 3249/5923/3249 4477/5926/4477 2077/5922/2077
f 997/12/997 3251/5924/3251 4477/5926/4477 3249/5923/3249
f 805/1129/805 2078/5925/2078 4477/5926/4477 3251/5924/3251
f 278/1128/278 2078/5927/2078 4478/5931/4478 2076/5930/2076
f 805/1129/805 3252/5928/3252 4478/5931/4478 2078/5927/2078
f 1123/1108/1123 3234/5929/3234 4478/5931/4478 3252/5928/3252
f 796/1107/796 2076/5930/2076 4478/5931/4478 3234/5929/3234
f 279/1130/279 2080/5932/2080 4479/5936/4479 2079/5935/2079
f 805/1129/805 3251/5933/3251 4479/5936/4479 2080/5932/2080
f 997/12/997 2472/5934/2472 4479/5936/4479 3251/5933/3251
f 415/1131/415 2079/5935/2079 4479/5936/4479 2472/5934/2472
f 279/1130/279 2079/5937/2079 4480/5941/4480 2081/5940/2081
f 415/1131/415 2471/5938/2471 4480/5941/4480 2079/5937/2079
f 996/1132/996 3253/5939/3253 4480/5941/4480 2471/5938/2471
f 806/1133/806 2081/5940/2081 4480/5941/4480 3253/5939/3253
f 279/1130/279 2081/5942/2081 4481/5946/4481 2080/5945/2080
f 806/1133/806 3254/5943/3254 4481/5946/4481 2081/5942/2081
f 1123/1108/1123 3252/5944/3252 4481/5946/4481 3254/5943/3254
f 805/1129/805 2080/5945/2080 4481/5946/4481 3252/5944/3252
f 280/1134/280 2082/5947/2082 4482/5951/4482 2083/5950/2083
f 797/1120/797 3235/5948/3235 4482/5951/4482 2082/5947/2082
f 1123/1108/1123 3254/5949/3254 4482/5951/4482 3235/5948/3235
f 806/1133/806 2083/5950/2083 4482/5951/4482 3254/5949/3254
f 280/1134/280 2083/5952/2083 4483/5956/4483 2084/5955/2084
f 806/1133/806 3253/5953/3253 4483/5956/4483 2083/5952/2083
f 996/1132/996 3255/5954/3255 4483/5956/4483 3253/5953/3253
f 807/1135/807 2084/5955/2084 4483/5956/4483 3255/5954/3255
f 280/1134/280 2084/5957/2084 4484/5961/4484 2082/5960/2082
f 807/1135/807 3256/5958/3256 4484/5961/4484 2084/5957/2084
f 1124/1121/1124 3236/5959/3236 4484/5961/4484 3256/5958/3256
f 797/1120/797 2082/5960/2082 4484/5961/4484 3236/5959/3236
f 281/1136/281 2086/5962/2086 4485/5966/4485 2085/5965/2085
f 807/1135/807 3255/5963/3255 4485/5966/4485 2086/5962/2086
f 996/1132/996 2470/5964/2470 4485/5966/4485 3255/5963/3255
f 414/1137/414 2085/5965/2085 4485/5966/4485 2470/5964/2470
f 281/1136/281 2085/5967/2085 4486/5971/4486 2087/5970/2087
f 414/1137/414 2469/5968/2469 4486/5971/4486 2085/5967/2085
f 995/5/995 3257/5969/3257 4486/5971/4486 2469/5968/2469
f 808/1138/808 2087/5970/2087 4486/5971/4486 3257/5969/3257
f 281/1136/281 2087/5972/2087 4487/5976/4487 2086/5975/2086
f 808/1138/808 3258/5973/3258 4487/5976/4487 2087/5972/2087
f 1124/1121/1124 3256/5974/3256 4487/5976/4487 3258/5973/3258
f 807/1135/807 2086/5975/2086 4487/5976/4487 3256/5974/3256
f 282/1139/282 2088/5977/2088 4488/5981/4488 2089/5980/2089
f 795/1127/795 3232/5978/3232 4488/5981/4488 2088/5977/2088
f 1124/1121/1124 3258/5979/3258 4488/5981/4488 3232/5978/3232
f 808/1138/808 2089/5980/2089 4488/5981/4488 3258/5979/3258
f 282/1139/282 2089/5982/2089 4489/5986/4489 2090/5985/2090
f 808/1138/808 3257/5983/3257 4489/5986/4489 2089/5982/2089
f 995/5/995 3259/5984/3259 4489/5986/4489 3257/5983/3257
f 809/1140/809 2090/5985/2090 4489/5986/4489 3259/5984/3259
f 282/1139/282 2090/5987/2090 4490/5991/4490 2088/5990/2088
f 809/1140/809 3260/5988/3260 4490/5991/4490 2090/5987/2090
f 1004/26/1004 3231/5989/3231 4490/5991/4490 3260/5988/3260
f 795/1127/795 2088/5990/2088 4490/5991/4490 3231/5989/3231
f 283/1141/283 2093/5992/2093 4491/5996/4491 2091/5995/2091
f 809/1140/809 3259/5993/3259 4491/5996/4491 2093/5992/2093
f 995/5/995 2468/5994/2468 4491/5996/4491 3259/5993/3259
f 413/4/413 2091/5995/2091 4491/5996/4491 2468/5994/2468
f 283/1141/283 2091/5997/2091 4492/6001/4492 2092/6000/2092
f 413/4/413 2467/5998/2467 4492/6001/4492 2091/5997/2091
f 981/3/981 2485/5999/2485 4492/6001/4492 2467/5998/2467
f 422/24/422 2092/6000/2092 4492/6001/4492 2485/5999/2485
f 283/1141/283 2092/6002/2092 4493/6006/4493 2093/6005/2093
f 422/24/422 2486/6003/2486 4493/6006/4493 2092/6002/2092
f 1004/26/1004 3260/6004/3260 4493/6006/4493 2486/6003/2486
f 809/1140/809 2093/6005/2093 4493/6006/4493 3260/6004/3260
f 284/1142/284 2095/6007/2095 4494/6011/4494 2096/6010/2096
f 410/1096/410 2462/6008/2462 4494/6011/4494 2095/6007/2095
f 992/1091/992 3261/6009/3261 4494/6011/4494 2462/6008/2462
f 810/1143/810 2096/6010/2096 4494/6011/4494 3261/6009/3261
f 284/1142/284 2096/6012/2096 4495/6016/4495 2094/6015/2094
f 810/1143/810 3262/6013/3262 4495/6016/4495 2096/6012/2096
f 1000/35/1000 2408/6014/2408 4495/6016/4495 3262/6013/3262
f 383/34/383 2094/6015/2094 4495/6016/4495 2408/6014/2408
f 284/1142/284 2094/6017/2094 4496/6021/4496 2095/6020/2095
f 383/34/383 2407/6018/2407 4496/6021/4496 2094/6017/2094
f 983/33/983 2461/6019/2461 4496/6021/4496 2407/6018/2407
f 410/1096/410 2095/6020/2095 4496/6021/4496 2461/6019/2461
f 285/1144/285 2097/6022/2097 4497/6026/4497 2098/6025/2098
f 411/1090/411 2464/6023/2464 4497/6026/4497 2097/6022/2097
f 993/1085/993 3265/6024/3265 4497/6026/4497 2464/6023/2464
f 812/1145/812 2098/6025/2098 4497/6026/4497 3265/6024/3265
f 285/1144/285 2098/6027/2098 4498/6031/4498 2099/6030/2099
f 812/1145/812 3266/6028/3266 4498/6031/4498 2098/6027/2098
f 1125/1146/1125 3274/6029/3274 4498/6031/4498 3266/6028/3266
f 816/1147/816 2099/6030/2099 4498/6031/4498 3274/6029/3274
f 285/1144/285 2099/6032/2099 4499/6036/4499 2097/6035/2097
f 816/1147/816 3273/6033/3273 4499/6036/4499 2099/6032/2099
f 992/1091/992 2463/6034/2463 4499/6036/4499 3273/6033/3273
f 411/1090/411 2097/6035/2097 4499/6036/4499 2463/6034/2463
f 286/1148/286 2101/6037/2101 4500/6041/4500 2102/6040/2102
f 819/1149/819 3279/6038/3279 4500/6041/4500 2101/6037/2101
f 996/1132/996 3291/6039/3291 4500/6041/4500 3279/6038/3279
f 825/1150/825 2102/6040/2102 4500/6041/4500 3291/6039/3291
f 286/1148/286 2102/6042/2102 4501/6046/4501 2100/6045/2100
f 825/1150/825 3292/6043/3292 4501/6046/4501 2102/6042/2102
f 1127/1151/1127 3269/6044/3269 4501/6046/4501 3292/6043/3292
f 814/1152/814 2100/6045/2100 4501/6046/4501 3269/6044/3269
f 286/1148/286 2100/6047/2100 4502/6051/4502 2103/6050/2103
f 814/1152/814 3270/6048/3270 4502/6051/4502 2100/6047/2100
f 1196/1153/1196 3578/6049/3578 4502/6051/4502 3270/6048/3270
f 968/1154/968 2103/6050/2103 4502/6051/4502 3578/6049/3578
f 286/1148/286 2103/6052/2103 4503/6056/4503 2101/6055/2101
f 968/1154/968 3577/6053/3577 4503/6056/4503 2103/6052/2103
f 1194/1155/1194 3280/6054/3280 4503/6056/4503 3577/6053/3577
f 819/1149/819 2101/6055/2101 4503/6056/4503 3280/6054/3280
f 287/1156/287 2104/6057/2104 4504/6061/4504 2105/6060/2105
f 810/1143/810 3261/6058/3261 4504/6061/4504 2104/6057/2104
f 992/1091/992 3273/6059/3273 4504/6061/4504 3261/6058/3261
f 816/1147/816 2105/6060/2105 4504/6061/4504 3273/6059/3273
f 287/1156/287 2105/6062/2105 4505/6066/4505 2106/6065/2106
f 816/1147/816 3274/6063/3274 4505/6066/4505 2105/6062/2105
f 1125/1146/1125 3276/6064/3276 4505/6066/4505 3274/6063/3274
f 817/1157/817 2106/6065/2106 4505/6066/4505 3276/6064/3276
f 287/1156/287 2106/6067/2106 4506/6071/4506 2104/6070/2104
f 817/1157/817 3275/6068/3275 4506/6071/4506 2106/6067/2106
f 1000/35/1000 3262/6069/3262 4506/6071/4506 3275/6068/3275
f 810/1143/810 2104/6070/2104 4506/6071/4506 3262/6069/3262
f 288/1158/288 2109/6072/2109 4507/6076/4507 2108/6075/2108
f 817/1157/817 3276/6073/3276 4507/6076/4507 2109/6072/2109
f 1125/1146/1125 3264/6074/3264 4507/6076/4507 3276/6073/3276
f 811/1159/811 2108/6075/2108 4507/6076/4507 3264/6074/3264
f 288/1158/288 2108/6077/2108 4508/6081/4508 2107/6080/2107
f 811/1159/811 3263/6078/3263 4508/6081/4508 2108/6077/2108
f 999/877/999 2477/6079/2477 4508/6081/4508 3263/6078/3263
f 418/876/418 2107/6080/2107 4508/6081/4508 2477/6079/2477
f 288/1158/288 2107/6082/2107 4509/6086/4509 2109/6085/2109
f 418/876/418 2478/6083/2478 4509/6086/4509 2107/6082/2107
f 1000/35/1000 3275/6084/3275 4509/6086/4509 2478/6083/2478
f 817/1157/817 2109/6085/2109 4509/6086/4509 3275/6084/3275
f 289/1160/289 2110/6087/2110 4510/6091/4510 2111/6090/2111
f 814/1152/814 3269/6088/3269 4510/6091/4510 2110/6087/2110
f 1127/1151/1127 3282/6089/3282 4510/6091/4510 3269/6088/3269
f 820/1161/820 2111/6090/2111 4510/6091/4510 3282/6089/3282
f 289/1160/289 2111/6092/2111 4511/6096/4511 2112/6095/2112
f 820/1161/820 3281/6093/3281 4511/6096/4511 2111/6092/2111
f 1125/1146/1125 3287/6094/3287 4511/6096/4511 3281/6093/3281
f 823/1162/823 2112/6095/2112 4511/6096/4511 3287/6094/3287
f 289/1160/289 2112/6097/2112 4512/6101/4512 2113/6100/2113
f 823/1162/823 3288/6098/3288 4512/6101/4512 2112/6097/2112
f 1195/1163/1195 3569/6099/3569 4512/6101/4512 3288/6098/3288
f 964/1164/964 2113/6100/2113 4512/6101/4512 3569/6099/3569
f 289/1160/289 2113/6102/2113 4513/6106/4513 2110/6105/2110
f 964/1164/964 3570/6103/3570 4513/6106/4513 2113/6102/2113
f 1196/1153/1196 3270/6104/3270 4513/6106/4513 3570/6103/3570
f 814/1152/814 2110/6105/2110 4513/6106/4513 3270/6104/3270
f 290/1165/290 2114/6107/2114 4514/6111/4514 2116/6110/2116
f 815/1166/815 3271/6108/3271 4514/6111/4514 2114/6107/2114
f 994/7/994 3285/6109/3285 4514/6111/4514 3271/6108/3271
f 822/6/822 2116/6110/2116 4514/6111/4514 3285/6109/3285
f 290/1165/290 2116/6112/2116 4515/6116/4515 2115/6115/2115
f 822/6/822 3286/6113/3286 4515/6116/4515 2116/6112/2116
f 995/5/995 3277/6114/3277 4515/6116/4515 3286/6113/3286
f 818/1167/818 2115/6115/2115 4515/6116/4515 3277/6114/3277
f 290/1165/290 2115/6117/2115 4516/6121/4516 2117/6120/2117
f 818/1167/818 3278/6118/3278 4516/6121/4516 2115/6117/2115
f 1193/1168/1193 3572/6119/3572 4516/6121/4516 3278/6118/3278
f 965/1169/965 2117/6120/2117 4516/6121/4516 3572/6119/3572
f 290/1165/290 2117/6122/2117 4517/6126/4517 2114/6125/2114
f 965/1169/965 3571/6123/3571 4517/6126/4517 2117/6122/2117
f 1192/1170/1192 3272/6124/3272 4517/6126/4517 3571/6123/3571
f 815/1166/815 2114/6125/2114 4517/6126/4517 3272/6124/3272
f 291/1171/291 2118/6127/2118 4518/6131/4518 2119/6130/2119
f 811/1159/811 3264/6128/3264 4518/6131/4518 2118/6127/2118
f 1125/1146/1125 3281/6129/3281 4518/6131/4518 3264/6128/3264
f 820/1161/820 2119/6130/2119 4518/6131/4518 3281/6129/3281
f 291/1171/291 2119/6132/2119 4519/6136/4519 2120/6135/2120
f 820/1161/820 3282/6133/3282 4519/6136/4519 2119/6132/2119
f 1127/1151/1127 3284/6134/3284 4519/6136/4519 3282/6133/3282
f 821/1172/821 2120/6135/2120 4519/6136/4519 3284/6134/3284
f 291/1171/291 2120/6137/2120 4520/6141/4520 2118/6140/2118
f 821/1172/821 3283/6138/3283 4520/6141/4520 2120/6137/2120
f 999/877/999 3263/6139/3263 4520/6141/4520 3283/6138/3283
f 811/1159/811 2118/6140/2118 4520/6141/4520 3263/6139/3263
f 292/1173/292 2123/6142/2123 4521/6146/4521 2122/6145/2122
f 821/1172/821 3284/6143/3284 4521/6146/4521 2123/6142/2123
f 1127/1151/1127 3268/6144/3268 4521/6146/4521 3284/6143/3284
f 813/1174/813 2122/6145/2122 4521/6146/4521 3268/6144/3268
f 292/1173/292 2122/6147/2122 4522/6151/4522 2121/6150/2121
f 813/1174/813 3267/6148/3267 4522/6151/4522 2122/6147/2122
f 998/883/998 2475/6149/2475 4522/6151/4522 3267/6148/3267
f 417/882/417 2121/6150/2121 4522/6151/4522 2475/6149/2475
f 292/1173/292 2121/6152/2121 4523/6156/4523 2123/6155/2123
f 417/882/417 2476/6153/2476 4523/6156/4523 2121/6152/2121
f 999/877/999 3283/6154/3283 4523/6156/4523 2476/6153/2476
f 821/1172/821 2123/6155/2123 4523/6156/4523 3283/6154/3283
f 293/1175/293 2126/6157/2126 4524/6161/4524 2124/6160/2124
f 824/1176/824 3289/6158/3289 4524/6161/4524 2126/6157/2126
f 993/1085/993 2465/6159/2465 4524/6161/4524 3289/6158/3289
f 412/1084/412 2124/6160/2124 4524/6161/4524 2465/6159/2465
f 293/1175/293 2124/6162/2124 4525/6166/4525 2125/6165/2125
f 412/1084/412 2466/6163/2466 4525/6166/4525 2124/6162/2124
f 994/7/994 3271/6164/3271 4525/6166/4525 2466/6163/2466
f 815/1166/815 2125/6165/2125 4525/6166/4525 3271/6164/3271
f 293/1175/293 2125/6167/2125 4526/6171/4526 2127/6170/2127
f 815/1166/815 3272/6168/3272 4526/6171/4526 2125/6167/2125
f 1192/1170/1192 3556/6169/3556 4526/6171/4526 3272/6168/3272
f 957/1177/957 2127/6170/2127 4526/6171/4526 3556/6169/3556
f 293/1175/293 2127/6172/2127 4527/6176/4527 2126/6175/2126
f 957/1177/957 3555/6173/3555 4527/6176/4527 2127/6172/2127
f 1191/1178/1191 3290/6174/3290 4527/6176/4527 3555/6173/3555
f 824/1176/824 2126/6175/2126 4527/6176/4527 3290/6174/3290
f 294/1179/294 2129/6177/2129 4528/6181/4528 2128/6180/2128
f 818/1167/818 3277/6178/3277 4528/6181/4528 2129/6177/2129
f 995/5/995 2469/6179/2469 4528/6181/4528 3277/6178/3277
f 414/1137/414 2128/6180/2128 4528/6181/4528 2469/6179/2469
f 294/1179/294 2128/6182/2128 4529/6186/4529 2130/6185/2130
f 414/1137/414 2470/6183/2470 4529/6186/4529 2128/6182/2128
f 996/1132/996 3279/6184/3279 4529/6186/4529 2470/6183/2470
f 819/1149/819 2130/6185/2130 4529/6186/4529 3279/6184/3279
f 294/1179/294 2130/6187/2130 4530/6191/4530 2131/6190/2131
f 819/1149/819 3280/6188/3280 4530/6191/4530 2130/6187/2130
f 1194/1155/1194 3558/6189/3558 4530/6191/4530 3280/6188/3280
f 958/1180/958 2131/6190/2131 4530/6191/4530 3558/6189/3558
f 294/1179/294 2131/6192/2131 4531/6196/4531 2129/6195/2129
f 958/1180/958 3557/6193/3557 4531/6196/4531 2131/6192/2131
f 1193/1168/1193 3278/6194/3278 4531/6196/4531 3557/6193/3557
f 818/1167/818 2129/6195/2129 4531/6196/4531 3278/6194/3278
f 295/1181/295 2133/6197/2133 4532/6201/4532 2132/6200/2132
f 823/1162/823 3287/6198/3287 4532/6201/4532 2133/6197/2133
f 1125/1146/1125 3266/6199/3266 4532/6201/4532 3287/6198/3287
f 812/1145/812 2132/6200/2132 4532/6201/4532 3266/6199/3266
f 295/1181/295 2132/6202/2132 4533/6206/4533 2134/6205/2134
f 812/1145/812 3265/6203/3265 4533/6206/4533 2132/6202/2132
f 993/1085/993 3289/6204/3289 4533/6206/4533 3265/6203/3265
f 824/1176/824 2134/6205/2134 4533/6206/4533 3289/6204/3289
f 295/1181/295 2134/6207/2134 4534/6211/4534 2135/6210/2135
f 824/1176/824 3290/6208/3290 4534/6211/4534 2134/6207/2134
f 1191/1178/1191 3559/6209/3559 4534/6211/4534 3290/6208/3290
f 959/1182/959 2135/6210/2135 4534/6211/4534 3559/6209/3559
f 295/1181/295 2135/6212/2135 4535/6216/4535 2133/6215/2133
f 959/1182/959 3560/6213/3560 4535/6216/4535 2135/6212/2135
f 1195/1163/1195 3288/6214/3288 4535/6216/4535 3560/6213/3560
f 823/1162/823 2133/6215/2133 4535/6216/4535 3288/6214/3288
f 296/1183/296 2137/6217/2137 4536/6221/4536 2136/6220/2136
f 825/1150/825 3291/6218/3291 4536/6221/4536 2137/6217/2137
f 996/1132/996 2471/6219/2471 4536/6221/4536 3291/6218/3291
f 415/1131/415 2136/6220/2136 4536/6221/4536 2471/6219/2471
f 296/1183/296 2136/6222/2136 4537/6226/4537 2138/6225/2138
f 415/1131/415 2472/6223/2472 4537/6226/4537 2136/6222/2136
f 997/12/997 3293/6224/3293 4537/6226/4537 2472/6223/2472
f 826/1184/826 2138/6225/2138 4537/6226/4537 3293/6224/3293
f 296/1183/296 2138/6227/2138 4538/6231/4538 2137/6230/2137
f 826/1184/826 3294/6228/3294 4538/6231/4538 2138/6227/2138
f 1127/1151/1127 3292/6229/3292 4538/6231/4538 3294/6228/3294
f 825/1150/825 2137/6230/2137 4538/6231/4538 3292/6229/3292
f 297/1185/297 2139/6232/2139 4539/6236/4539 2140/6235/2140
f 813/1174/813 3268/6233/3268 4539/6236/4539 2139/6232/2139
f 1127/1151/1127 3294/6234/3294 4539/6236/4539 3268/6233/3268
f 826/1184/826 2140/6235/2140 4539/6236/4539 3294/6234/3294
f 297/1185/297 2140/6237/2140 4540/6241/4540 2141/6240/2141
f 826/1184/826 3293/6238/3293 4540/6241/4540 2140/6237/2140
f 997/12/997 3295/6239/3295 4540/6241/4540 3293/6238/3293
f 827/1186/827 2141/6240/2141 4540/6241/4540 3295/6239/3295
f 297/1185/297 2141/6242/2141 4541/6246/4541 2139/6245/2139
f 827/1186/827 3296/6243/3296 4541/6246/4541 2141/6242/2141
f 998/883/998 3267/6244/3267 4541/6246/4541 3296/6243/3296
f 813/1174/813 2139/6245/2139 4541/6246/4541 3267/6244/3267
f 298/1187/298 2144/6247/2144 4542/6251/4542 2142/6250/2142
f 827/1186/827 3295/6248/3295 4542/6251/4542 2144/6247/2144
f 997/12/997 2406/6249/2406 4542/6251/4542 3295/6248/3295
f 382/11/382 2142/6250/2142 4542/6251/4542 2406/6249/2406
f 298/1187/298 2142/6252/2142 4543/6256/4543 2143/6255/2143
f 382/11/382 2405/6253/2405 4543/6256/4543 2142/6252/2142
f 982/10/982 2473/6254/2473 4543/6256/4543 2405/6253/2405
f 416/888/416 2143/6255/2143 4543/6256/4543 2473/6254/2473
f 298/1187/298 2143/6257/2143 4544/6261/4544 2144/6260/2144
f 416/888/416 2474/6258/2474 4544/6261/4544 2143/6257/2143
f 998/883/998 3296/6259/3296 4544/6261/4544 2474/6258/2474
f 827/1186/827 2144/6260/2144 4544/6261/4544 3296/6259/3296
f 299/1188/299 2145/6262/2145 4545/6266/4545 2147/6265/2147
f 828/1189/828 3297/6263/3297 4545/6266/4545 2145/6262/2145
f 1128/226/1128 3307/6264/3307 4545/6266/4545 3297/6263/3297
f 833/1190/833 2147/6265/2147 4545/6266/4545 3307/6264/3307
f 299/1188/299 2147/6267/2147 4546/6271/4546 2146/6270/2146
f 833/1190/833 3308/6268/3308 4546/6271/4546 2147/6267/2147
f 1133/1191/1133 3306/6269/3306 4546/6271/4546 3308/6268/3308
f 832/1192/832 2146/6270/2146 4546/6271/4546 3306/6269/3306
f 299/1188/299 2146/6272/2146 4547/6276/4547 2145/6275/2145
f 832/1192/832 3305/6273/3305 4547/6276/4547 2146/6272/2146
f 1129/1193/1129 3298/6274/3298 4547/6276/4547 3305/6273/3305
f 828/1189/828 2145/6275/2145 4547/6276/4547 3298/6274/3298
f 300/1194/300 2149/6277/2149 4548/6281/4548 2150/6280/2150
f 832/1192/832 3306/6278/3306 4548/6281/4548 2149/6277/2149
f 1133/1191/1133 3310/6279/3310 4548/6281/4548 3306/6278/3306
f 834/1195/834 2150/6280/2150 4548/6281/4548 3310/6279/3310
f 300/1194/300 2150/6282/2150 4549/6286/4549 2148/6285/2148
f 834/1195/834 3309/6283/3309 4549/6286/4549 2150/6282/2150
f 1132/1196/1132 3304/6284/3304 4549/6286/4549 3309/6283/3309
f 831/1197/831 2148/6285/2148 4549/6286/4549 3304/6284/3304
f 300/1194/300 2148/6287/2148 4550/6291/4550 2149/6290/2149
f 831/1197/831 3303/6288/3303 4550/6291/4550 2148/6287/2148
f 1129/1193/1129 3305/6289/3305 4550/6291/4550 3303/6288/3303
f 832/1192/832 2149/6290/2149 4550/6291/4550 3305/6289/3305
f 301/1198/301 2152/6292/2152 4551/6296/4551 2153/6295/2153
f 831/1197/831 3304/6293/3304 4551/6296/4551 2152/6292/2152
f 1132/1196/1132 3312/6294/3312 4551/6296/4551 3304/6293/3304
f 835/1199/835 2153/6295/2153 4551/6296/4551 3312/6294/3312
f 301/1198/301 2153/6297/2153 4552/6301/4552 2151/6300/2151
f 835/1199/835 3311/6298/3311 4552/6301/4552 2153/6297/2153
f 1131/284/1131 3302/6299/3302 4552/6301/4552 3311/6298/3311
f 830/1200/830 2151/6300/2151 4552/6301/4552 3302/6299/3302
f 301/1198/301 2151/6302/2151 4553/6306/4553 2152/6305/2152
f 830/1200/830 3301/6303/3301 4553/6306/4553 2151/6302/2151
f 1129/1193/1129 3303/6304/3303 4553/6306/4553 3301/6303/3301
f 831/1197/831 2152/6305/2152 4553/6306/4553 3303/6304/3303
f 302/1201/302 2155/6307/2155 4554/6311/4554 2156/6310/2156
f 830/1200/830 3302/6308/3302 4554/6311/4554 2155/6307/2155
f 1131/1202/1131 3314/6309/3314 4554/6311/4554 3302/6308/3302
f 836/283/836 2156/6310/2156 4554/6311/4554 3314/6309/3314
f 302/1201/302 2156/6312/2156 4555/6316/4555 2154/6315/2154
f 836/283/836 3313/6313/3313 4555/6316/4555 2156/6312/2156
f 1130/228/1130 3300/6314/3300 4555/6316/4555 3313/6313/3313
f 829/1203/829 2154/6315/2154 4555/6316/4555 3300/6314/3300
f 302/1201/302 2154/6317/2154 4556/6321/4556 2155/6320/2155
f 829/1203/829 3299/6318/3299 4556/6321/4556 2154/6317/2154
f 1129/1193/1129 3301/6319/3301 4556/6321/4556 3299/6318/3299
f 830/1200/830 2155/6320/2155 4556/6321/4556 3301/6319/3301
f 303/1204/303 2158/6322/2158 4557/6326/4557 2159/6325/2159
f 829/1203/829 3300/6323/3300 4557/6326/4557 2158/6322/2158
f 1130/228/1130 3316/6324/3316 4557/6326/4557 3300/6323/3300
f 837/227/837 2159/6325/2159 4557/6326/4557 3316/6324/3316
f 303/1204/303 2159/6327/2159 4558/6331/4558 2157/6330/2157
f 837/227/837 3315/6328/3315 4558/6331/4558 2159/6327/2159
f 1128/226/1128 3297/6329/3297 4558/6331/4558 3315/6328/3315
f 828/1189/828 2157/6330/2157 4558/6331/4558 3297/6329/3297
f 303/1204/303 2157/6332/2157 4559/6336/4559 2158/6335/2158
f 828/1189/828 3298/6333/3298 4559/6336/4559 2157/6332/2157
f 1129/1193/1129 3299/6334/3299 4559/6336/4559 3298/6333/3298
f 829/1203/829 2158/6335/2158 4559/6336/4559 3299/6334/3299
f 304/1205/304 2160/6337/2160 4560/6341/4560 2161/6340/2161
f 841/1206/841 3323/6338/3323 4560/6341/4560 2160/6337/2160
f 1138/1207/1138 3333/6339/3333 4560/6341/4560 3323/6338/3323
f 846/1208/846 2161/6340/2161 4560/6341/4560 3333/6339/3333
f 304/1205/304 2161/6342/2161 4561/6346/4561 2162/6345/2162
f 846/1208/846 3334/6343/3334 4561/6346/4561 2161/6342/2161
f 1143/1209/1143 3342/6344/3342 4561/6346/4561 3334/6343/3334
f 850/1210/850 2162/6345/2162 4561/6346/4561 3342/6344/3342
f 304/1205/304 2162/6347/2162 4562/6351/4562 2160/6350/2160
f 850/1210/850 3341/6348/3341 4562/6351/4562 2162/6347/2162
f 1139/1211/1139 3324/6349/3324 4562/6351/4562 3341/6348/3341
f 841/1206/841 2160/6350/2160 4562/6351/4562 3324/6349/3324
f 305/1212/305 2163/6352/2163 4563/6356/4563 2164/6355/2164
f 840/1213/840 3321/6353/3321 4563/6356/4563 2163/6352/2163
f 1137/1214/1137 3337/6354/3337 4563/6356/4563 3321/6353/3321
f 848/1215/848 2164/6355/2164 4563/6356/4563 3337/6354/3337
f 305/1212/305 2164/6357/2164 4564/6361/4564 2165/6360/2165
f 848/1215/848 3338/6358/3338 4564/6361/4564 2164/6357/2164
f 1145/1216/1145 3346/6359/3346 4564/6361/4564 3338/6358/3338
f 852/1217/852 2165/6360/2165 4564/6361/4564 3346/6359/3346
f 305/1212/305 2165/6362/2165 4565/6366/4565 2163/6365/2163
f 852/1217/852 3345/6363/3345 4565/6366/4565 2165/6362/2165
f 1138/1207/1138 3322/6364/3322 4565/6366/4565 3345/6363/3345
f 840/1213/840 2163/6365/2163 4565/6366/4565 3322/6364/3322
f 306/1218/306 2166/6367/2166 4566/6371/4566 2167/6370/2167
f 844/1219/844 3329/6368/3329 4566/6371/4566 2166/6367/2166
f 1139/1211/1139 3341/6369/3341 4566/6371/4566 3329/6368/3329
f 850/1210/850 2167/6370/2167 4566/6371/4566 3341/6369/3341
f 306/1218/306 2167/6372/2167 4567/6376/4567 2168/6375/2168
f 850/1210/850 3342/6373/3342 4567/6376/4567 2167/6372/2167
f 1143/1209/1143 3344/6374/3344 4567/6376/4567 3342/6373/3342
f 851/1220/851 2168/6375/2168 4567/6376/4567 3344/6374/3344
f 306/1218/306 2168/6377/2168 4568/6381/4568 2166/6380/2166
f 851/1220/851 3343/6378/3343 4568/6381/4568 2168/6377/2168
f 1142/1221/1142 3330/6379/3330 4568/6381/4568 3343/6378/3343
f 844/1219/844 2166/6380/2166 4568/6381/4568 3330/6379/3330
f 307/1222/307 2171/6382/2171 4569/6386/4569 2170/6385/2170
f 851/1223/851 3344/6383/3344 4569/6386/4569 2171/6382/2171
f 1143/1224/1143 3332/6384/3332 4569/6386/4569 3344/6383/3344
f 845/1225/845 2170/6385/2170 4569/6386/4569 3332/6384/3332
f 307/1222/307 2170/6387/2170 4570/6391/4570 2169/6390/2169
f 845/1225/845 3331/6388/3331 4570/6391/4570 2170/6387/2170
f 1141/1226/1141 3327/6389/3327 4570/6391/4570 3331/6388/3331
f 843/1227/843 2169/6390/2169 4570/6391/4570 3327/6389/3327
f 307/1222/307 2169/6392/2169 4571/6396/4571 2171/6395/2171
f 843/1227/843 3328/6393/3328 4571/6396/4571 2169/6392/2169
f 1142/1228/1142 3343/6394/3343 4571/6396/4571 3328/6393/3328
f 851/1223/851 2171/6395/2171 4571/6396/4571 3343/6394/3343
f 308/1229/308 2172/6397/2172 4572/6401/4572 2173/6400/2173
f 846/1208/846 3333/6398/3333 4572/6401/4572 2172/6397/2172
f 1138/1207/1138 3345/6399/3345 4572/6401/4572 3333/6398/3333
f 852/1217/852 2173/6400/2173 4572/6401/4572 3345/6399/3345
f 308/1229/308 2173/6402/2173 4573/6406/4573 2174/6405/2174
f 852/1217/852 3346/6403/3346 4573/6406/4573 2173/6402/2173
f 1145/1216/1145 3348/6404/3348 4573/6406/4573 3346/6403/3346
f 853/1230/853 2174/6405/2174 4573/6406/4573 3348/6404/3348
f 308/1229/308 2174/6407/2174 4574/6411/4574 2172/6410/2172
f 853/1230/853 3347/6408/3347 4574/6411/4574 2174/6407/2174
f 1143/1209/1143 3334/6409/3334 4574/6411/4574 3347/6408/3347
f 846/1208/846 2172/6410/2172 4574/6411/4574 3334/6409/3334
f 309/1231/309 2176/6412/2176 4575/6416/4575 2175/6415/2175
f 853/1232/853 3348/6413/3348 4575/6416/4575 2176/6412/2176
f 1145/1233/1145 3340/6414/3340 4575/6416/4575 3348/6413/3348
f 849/1234/849 2175/6415/2175 4575/6416/4575 3340/6414/3340
f 309/1231/309 2175/6417/2175 4576/6421/4576 2177/6420/2177
f 849/1234/849 3339/6418/3339 4576/6421/4576 2175/6417/2175
f 1144/1235/1144 3350/6419/3350 4576/6421/4576 3339/6418/3339
f 854/1236/854 2177/6420/2177 4576/6421/4576 3350/6419/3350
f 309/1231/309 2177/6422/2177 4577/6426/4577 2176/6425/2176
f 854/1236/854 3349/6423/3349 4577/6426/4577 2177/6422/2177
f 1143/1224/1143 3347/6424/3347 4577/6426/4577 3349/6423/3349
f 853/1232/853 2176/6425/2176 4577/6426/4577 3347/6424/3347
f 310/1237/310 2178/6427/2178 4578/6431/4578 2179/6430/2179
f 845/1225/845 3332/6428/3332 4578/6431/4578 2178/6427/2178
f 1143/1224/1143 3349/6429/3349 4578/6431/4578 3332/6428/3332
f 854/1236/854 2179/6430/2179 4578/6431/4578 3349/6429/3349
f 310/1237/310 2179/6432/2179 4579/6436/4579 2180/6435/2180
f 854/1236/854 3350/6433/3350 4579/6436/4579 2179/6432/2179
f 1144/1235/1144 3352/6434/3352 4579/6436/4579 3350/6433/3350
f 855/1238/855 2180/6435/2180 4579/6436/4579 3352/6434/3352
f 310/1237/310 2180/6437/2180 4580/6441/4580 2178/6440/2178
f 855/1238/855 3351/6438/3351 4580/6441/4580 2180/6437/2180
f 1141/1226/1141 3331/6439/3331 4580/6441/4580 3351/6438/3351
f 845/1225/845 2178/6440/2178 4580/6441/4580 3331/6439/3331
f 311/1239/311 2183/6442/2183 4581/6446/4581 2182/6445/2182
f 855/1238/855 3352/6443/3352 4581/6446/4581 2183/6442/2183
f 1144/1235/1144 3336/6444/3336 4581/6446/4581 3352/6443/3352
f 847/1240/847 2182/6445/2182 4581/6446/4581 3336/6444/3336
f 311/1239/311 2182/6447/2182 4582/6451/4582 2181/6450/2181
f 847/1240/847 3335/6448/3335 4582/6451/4582 2182/6447/2182
f 1140/1241/1140 3325/6449/3325 4582/6451/4582 3335/6448/3335
f 842/1242/842 2181/6450/2181 4582/6451/4582 3325/6449/3325
f 311/1239/311 2181/6452/2181 4583/6456/4583 2183/6455/2183
f 842/1242/842 3326/6453/3326 4583/6456/4583 2181/6452/2181
f 1141/1226/1141 3351/6454/3351 4583/6456/4583 3326/6453/3326
f 855/1238/855 2183/6455/2183 4583/6456/4583 3351/6454/3351
f 312/1243/312 2184/6457/2184 4584/6461/4584 2185/6460/2185
f 848/1244/848 3337/6458/3337 4584/6461/4584 2184/6457/2184
f 1137/565/1137 3354/6459/3354 4584/6461/4584 3337/6458/3337
f 856/572/856 2185/6460/2185 4584/6461/4584 3354/6459/3354
f 312/1243/312 2185/6462/2185 4585/6466/4585 2186/6465/2186
f 856/572/856 3353/6463/3353 4585/6466/4585 2185/6462/2185
f 1136/571/1136 3355/6464/3355 4585/6466/4585 3353/6463/3353
f 857/1245/857 2186/6465/2186 4585/6466/4585 3355/6464/3355
f 312/1243/312 2186/6467/2186 4586/6471/4586 2184/6470/2184
f 857/1245/857 3356/6468/3356 4586/6471/4586 2186/6467/2186
f 1145/1233/1145 3338/6469/3338 4586/6471/4586 3356/6468/3356
f 848/1244/848 2184/6470/2184 4586/6471/4586 3338/6469/3338
f 313/1246/313 2188/6472/2188 4587/6476/4587 2187/6475/2187
f 857/1245/857 3355/6473/3355 4587/6476/4587 2188/6472/2188
f 1136/571/1136 3320/6474/3320 4587/6476/4587 3355/6473/3355
f 839/1247/839 2187/6475/2187 4587/6476/4587 3320/6474/3320
f 313/1246/313 2187/6477/2187 4588/6481/4588 2189/6480/2189
f 839/1247/839 3319/6478/3319 4588/6481/4588 2187/6477/2187
f 1135/1248/1135 3357/6479/3357 4588/6481/4588 3319/6478/3319
f 858/1249/858 2189/6480/2189 4588/6481/4588 3357/6479/3357
f 313/1246/313 2189/6482/2189 4589/6486/4589 2188/6485/2188
f 858/1249/858 3358/6483/3358 4589/6486/4589 2189/6482/2189
f 1145/1233/1145 3356/6484/3356 4589/6486/4589 3358/6483/3358
f 857/1245/857 2188/6485/2188 4589/6486/4589 3356/6484/3356
f 314/1250/314 2190/6487/2190 4590/6491/4590 2191/6490/2191
f 849/1234/849 3340/6488/3340 4590/6491/4590 2190/6487/2190
f 1145/1233/1145 3358/6489/3358 4590/6491/4590 3340/6488/3340
f 858/1249/858 2191/6490/2191 4590/6491/4590 3358/6489/3358
f 314/1250/314 2191/6492/2191 4591/6496/4591 2192/6495/2192
f 858/1249/858 3357/6493/3357 4591/6496/4591 2191/6492/2191
f 1135/1248/1135 3359/6494/3359 4591/6496/4591 3357/6493/3357
f 859/1251/859 2192/6495/2192 4591/6496/4591 3359/6494/3359
f 314/1250/314 2192/6497/2192 4592/6501/4592 2190/6500/2190
f 859/1251/859 3360/6498/3360 4592/6501/4592 2192/6497/2192
f 1144/1235/1144 3339/6499/3339 4592/6501/4592 3360/6498/3360
f 849/1234/849 2190/6500/2190 4592/6501/4592 3339/6499/3339
f 315/1252/315 2194/6502/2194 4593/6506/4593 2193/6505/2193
f 859/1251/859 3359/6503/3359 4593/6506/4593 2194/6502/2194
f 1135/1248/1135 3318/6504/3318 4593/6506/4593 3359/6503/3359
f 838/1253/838 2193/6505/2193 4593/6506/4593 3318/6504/3318
f 315/1252/315 2193/6507/2193 4594/6511/4594 2195/6510/2195
f 838/1253/838 3317/6508/3317 4594/6511/4594 2193/6507/2193
f 1134/1254/1134 3361/6509/3361 4594/6511/4594 3317/6508/3317
f 860/1255/860 2195/6510/2195 4594/6511/4594 3361/6509/3361
f 315/1252/315 2195/6512/2195 4595/6516/4595 2194/6515/2194
f 860/1255/860 3362/6513/3362 4595/6516/4595 2195/6512/2195
f 1144/1235/1144 3360/6514/3360 4595/6516/4595 3362/6513/3362
f 859/1251/859 2194/6515/2194 4595/6516/4595 3360/6514/3360
f 316/1256/316 2196/6517/2196 4596/6521/4596 2197/6520/2197
f 847/1240/847 3336/6518/3336 4596/6521/4596 2196/6517/2196
f 1144/1235/1144 3362/6519/3362 4596/6521/4596 3336/6518/3336
f 860/1255/860 2197/6520/2197 4596/6521/4596 3362/6519/3362
f 316/1256/316 2197/6522/2197 4597/6526/4597 2198/6525/2198
f 860/1255/860 3361/6523/3361 4597/6526/4597 2197/6522/2197
f 1134/1254/1134 3363/6524/3363 4597/6526/4597 3361/6523/3361
f 861/1257/861 2198/6525/2198 4597/6526/4597 3363/6524/3363
f 316/1256/316 2198/6527/2198 4598/6531/4598 2196/6530/2196
f 861/1257/861 3364/6528/3364 4598/6531/4598 2198/6527/2198
f 1140/1241/1140 3335/6529/3335 4598/6531/4598 3364/6528/3364
f 847/1240/847 2196/6530/2196 4598/6531/4598 3335/6529/3335
f 317/1258/317 2199/6532/2199 4599/6536/4599 2200/6535/2200
f 864/898/864 3370/6533/3370 4599/6536/4599 2199/6532/2199
f 1150/897/1150 3381/6534/3381 4599/6536/4599 3370/6533/3370
f 870/1259/870 2200/6535/2200 4599/6536/4599 3381/6534/3381
f 317/1258/317 2200/6537/2200 4600/6541/4600 2201/6540/2201
f 870/1259/870 3382/6538/3382 4600/6541/4600 2200/6537/2200
f 1155/1260/1155 3390/6539/3390 4600/6541/4600 3382/6538/3382
f 874/1261/874 2201/6540/2201 4600/6541/4600 3390/6539/3390
f 317/1258/317 2201/6542/2201 4601/6546/4601 2199/6545/2199
f 874/1261/874 3389/6543/3389 4601/6546/4601 2201/6542/2201
f 1149/899/1149 3369/6544/3369 4601/6546/4601 3389/6543/3389
f 864/898/864 2199/6545/2199 4601/6546/4601 3369/6544/3369
f 318/1262/318 2202/6547/2202 4602/6551/4602 2203/6550/2203
f 865/938/865 3372/6548/3372 4602/6551/4602 2202/6547/2202
f 1151/937/1151 3385/6549/3385 4602/6551/4602 3372/6548/3372
f 872/1263/872 2203/6550/2203 4602/6551/4602 3385/6549/3385
f 318/1262/318 2203/6552/2203 4603/6556/4603 2204/6555/2204
f 872/1263/872 3386/6553/3386 4603/6556/4603 2203/6552/2203
f 1157/1264/1157 3394/6554/3394 4603/6556/4603 3386/6553/3386
f 876/1265/876 2204/6555/2204 4603/6556/4603 3394/6554/3394
f 318/1262/318 2204/6557/2204 4604/6561/4604 2202/6560/2202
f 876/1265/876 3393/6558/3393 4604/6561/4604 2204/6557/2204
f 1150/897/1150 3371/6559/3371 4604/6561/4604 3393/6558/3393
f 865/938/865 2202/6560/2202 4604/6561/4604 3371/6559/3371
f 319/1266/319 2205/6562/2205 4605/6566/4605 2206/6565/2206
f 868/1267/868 3377/6563/3377 4605/6566/4605 2205/6562/2205
f 1149/899/1149 3389/6564/3389 4605/6566/4605 3377/6563/3377
f 874/1261/874 2206/6565/2206 4605/6566/4605 3389/6564/3389
f 319/1266/319 2206/6567/2206 4606/6571/4606 2207/6570/2207
f 874/1261/874 3390/6568/3390 4606/6571/4606 2206/6567/2206
f 1155/1260/1155 3392/6569/3392 4606/6571/4606 3390/6568/3390
f 875/1268/875 2207/6570/2207 4606/6571/4606 3392/6569/3392
f 319/1266/319 2207/6572/2207 4607/6576/4607 2205/6575/2205
f 875/1268/875 3391/6573/3391 4607/6576/4607 2207/6572/2207
f 1154/1269/1154 3378/6574/3378 4607/6576/4607 3391/6573/3391
f 868/1267/868 2205/6575/2205 4607/6576/4607 3378/6574/3378
f 320/1270/320 2210/6577/2210 4608/6581/4608 2209/6580/2209
f 875/1268/875 3392/6578/3392 4608/6581/4608 2210/6577/2210
f 1155/1260/1155 3380/6579/3380 4608/6581/4608 3392/6578/3392
f 869/1271/869 2209/6580/2209 4608/6581/4608 3380/6579/3380
f 320/1270/320 2209/6582/2209 4609/6586/4609 2208/6585/2208
f 869/1271/869 3379/6583/3379 4609/6586/4609 2209/6582/2209
f 1153/1272/1153 3375/6584/3375 4609/6586/4609 3379/6583/3379
f 867/1273/867 2208/6585/2208 4609/6586/4609 3375/6584/3375
f 320/1270/320 2208/6587/2208 4610/6591/4610 2210/6590/2210
f 867/1273/867 3376/6588/3376 4610/6591/4610 2208/6587/2208
f 1154/1269/1154 3391/6589/3391 4610/6591/4610 3376/6588/3376
f 875/1268/875 2210/6590/2210 4610/6591/4610 3391/6589/3391
f 321/1274/321 2211/6592/2211 4611/6596/4611 2212/6595/2212
f 870/1259/870 3381/6593/3381 4611/6596/4611 2211/6592/2211
f 1150/897/1150 3393/6594/3393 4611/6596/4611 3381/6593/3381
f 876/1265/876 2212/6595/2212 4611/6596/4611 3393/6594/3393
f 321/1274/321 2212/6597/2212 4612/6601/4612 2213/6600/2213
f 876/1265/876 3394/6598/3394 4612/6601/4612 2212/6597/2212
f 1157/1264/1157 3396/6599/3396 4612/6601/4612 3394/6598/3394
f 877/1275/877 2213/6600/2213 4612/6601/4612 3396/6599/3396
f 321/1274/321 2213/6602/2213 4613/6606/4613 2211/6605/2211
f 877/1275/877 3395/6603/3395 4613/6606/4613 2213/6602/2213
f 1155/1260/1155 3382/6604/3382 4613/6606/4613 3395/6603/3395
f 870/1259/870 2211/6605/2211 4613/6606/4613 3382/6604/3382
f 322/1276/322 2215/6607/2215 4614/6611/4614 2214/6610/2214
f 877/1275/877 3396/6608/3396 4614/6611/4614 2215/6607/2215
f 1157/1264/1157 3388/6609/3388 4614/6611/4614 3396/6608/3396
f 873/1277/873 2214/6610/2214 4614/6611/4614 3388/6609/3388
f 322/1276/322 2214/6612/2214 4615/6616/4615 2216/6615/2216
f 873/1277/873 3387/6613/3387 4615/6616/4615 2214/6612/2214
f 1156/1278/1156 3398/6614/3398 4615/6616/4615 3387/6613/3387
f 878/1279/878 2216/6615/2216 4615/6616/4615 3398/6614/3398
f 322/1276/322 2216/6617/2216 4616/6621/4616 2215/6620/2215
f 878/1279/878 3397/6618/3397 4616/6621/4616 2216/6617/2216
f 1155/1260/1155 3395/6619/3395 4616/6621/4616 3397/6618/3397
f 877/1275/877 2215/6620/2215 4616/6621/4616 3395/6619/3395
f 323/1280/323 2217/6622/2217 4617/6626/4617 2218/6625/2218
f 869/1271/869 3380/6623/3380 4617/6626/4617 2217/6622/2217
f 1155/1260/1155 3397/6624/3397 4617/6626/4617 3380/6623/3380
f 878/1279/878 2218/6625/2218 4617/6626/4617 3397/6624/3397
f 323/1280/323 2218/6627/2218 4618/6631/4618 2219/6630/2219
f 878/1279/878 3398/6628/3398 4618/6631/4618 2218/6627/2218
f 1156/1278/1156 3400/6629/3400 4618/6631/4618 3398/6628/3398
f 879/1281/879 2219/6630/2219 4618/6631/4618 3400/6629/3400
f 323/1280/323 2219/6632/2219 4619/6636/4619 2217/6635/2217
f 879/1281/879 3399/6633/3399 4619/6636/4619 2219/6632/2219
f 1153/1272/1153 3379/6634/3379 4619/6636/4619 3399/6633/3399
f 869/1271/869 2217/6635/2217 4619/6636/4619 3379/6634/3379
f 324/1282/324 2222/6637/2222 4620/6641/4620 2221/6640/2221
f 879/1281/879 3400/6638/3400 4620/6641/4620 2222/6637/2222
f 1156/1278/1156 3384/6639/3384 4620/6641/4620 3400/6638/3400
f 871/1283/871 2221/6640/2221 4620/6641/4620 3384/6639/3384
f 324/1282/324 2221/6642/2221 4621/6646/4621 2220/6645/2220
f 871/1283/871 3383/6643/3383 4621/6646/4621 2221/6642/2221
f 1152/1284/1152 3373/6644/3373 4621/6646/4621 3383/6643/3383
f 866/1285/866 2220/6645/2220 4621/6646/4621 3373/6644/3373
f 324/1282/324 2220/6647/2220 4622/6651/4622 2222/6650/2222
f 866/1285/866 3374/6648/3374 4622/6651/4622 2220/6647/2220
f 1153/1272/1153 3399/6649/3399 4622/6651/4622 3374/6648/3374
f 879/1281/879 2222/6650/2222 4622/6651/4622 3399/6649/3399
f 325/1286/325 2223/6652/2223 4623/6656/4623 2224/6655/2224
f 872/1287/872 3385/6653/3385 4623/6656/4623 2223/6652/2223
f 1151/1288/1151 3402/6654/3402 4623/6656/4623 3385/6653/3385
f 880/1289/880 2224/6655/2224 4623/6656/4623 3402/6654/3402
f 325/1286/325 2224/6657/2224 4624/6661/4624 2225/6660/2225
f 880/1289/880 3401/6658/3401 4624/6661/4624 2224/6657/2224
f 1148/1290/1148 3403/6659/3403 4624/6661/4624 3401/6658/3401
f 881/1291/881 2225/6660/2225 4624/6661/4624 3403/6659/3403
f 325/1286/325 2225/6662/2225 4625/6666/4625 2223/6665/2223
f 881/1291/881 3404/6663/3404 4625/6666/4625 2225/6662/2225
f 1157/1292/1157 3386/6664/3386 4625/6666/4625 3404/6663/3404
f 872/1287/872 2223/6665/2223 4625/6666/4625 3386/6664/3386
f 326/1293/326 2227/6667/2227 4626/6671/4626 2226/6670/2226
f 881/1294/881 3403/6668/3403 4626/6671/4626 2227/6667/2227
f 1148/943/1148 3368/6669/3368 4626/6671/4626 3403/6668/3403
f 863/1295/863 2226/6670/2226 4626/6671/4626 3368/6669/3368
f 326/1293/326 2226/6672/2226 4627/6676/4627 2228/6675/2228
f 863/1295/863 3367/6673/3367 4627/6676/4627 2226/6672/2226
f 1147/1296/1147 3405/6674/3405 4627/6676/4627 3367/6673/3367
f 882/1297/882 2228/6675/2228 4627/6676/4627 3405/6674/3405
f 326/1293/326 2228/6677/2228 4628/6681/4628 2227/6680/2227
f 882/1297/882 3406/6678/3406 4628/6681/4628 2228/6677/2228
f 1157/1264/1157 3404/6679/3404 4628/6681/4628 3406/6678/3406
f 881/1294/881 2227/6680/2227 4628/6681/4628 3404/6679/3404
f 327/1298/327 2229/6682/2229 4629/6686/4629 2230/6685/2230
f 873/1277/873 3388/6683/3388 4629/6686/4629 2229/6682/2229
f 1157/1264/1157 3406/6684/3406 4629/6686/4629 3388/6683/3388
f 882/1297/882 2230/6685/2230 4629/6686/4629 3406/6684/3406
f 327/1298/327 2230/6687/2230 4630/6691/4630 2231/6690/2231
f 882/1297/882 3405/6688/3405 4630/6691/4630 2230/6687/2230
f 1147/1296/1147 3407/6689/3407 4630/6691/4630 3405/6688/3405
f 883/1299/883 2231/6690/2231 4630/6691/4630 3407/6689/3407
f 327/1298/327 2231/6692/2231 4631/6696/4631 2229/6695/2229
f 883/1299/883 3408/6693/3408 4631/6696/4631 2231/6692/2231
f 1156/1278/1156 3387/6694/3387 4631/6696/4631 3408/6693/3408
f 873/1277/873 2229/6695/2229 4631/6696/4631 3387/6694/3387
f 328/1300/328 2233/6697/2233 4632/6701/4632 2232/6700/2232
f 883/1299/883 3407/6698/3407 4632/6701/4632 2233/6697/2233
f 1147/1296/1147 3366/6699/3366 4632/6701/4632 3407/6698/3407
f 862/1301/862 2232/6700/2232 4632/6701/4632 3366/6699/3366
f 328/1300/328 2232/6702/2232 4633/6706/4633 2234/6705/2234
f 862/1301/862 3365/6703/3365 4633/6706/4633 2232/6702/2232
f 1146/1302/1146 3409/6704/3409 4633/6706/4633 3365/6703/3365
f 884/1303/884 2234/6705/2234 4633/6706/4633 3409/6704/3409
f 328/1300/328 2234/6707/2234 4634/6711/4634 2233/6710/2233
f 884/1303/884 3410/6708/3410 4634/6711/4634 2234/6707/2234
f 1156/1278/1156 3408/6709/3408 4634/6711/4634 3410/6708/3410
f 883/1299/883 2233/6710/2233 4634/6711/4634 3408/6709/3408
f 329/1304/329 2235/6712/2235 4635/6716/4635 2236/6715/2236
f 871/1283/871 3384/6713/3384 4635/6716/4635 2235/6712/2235
f 1156/1278/1156 3410/6714/3410 4635/6716/4635 3384/6713/3384
f 884/1303/884 2236/6715/2236 4635/6716/4635 3410/6714/3410
f 329/1304/329 2236/6717/2236 4636/6721/4636 2237/6720/2237
f 884/1303/884 3409/6718/3409 4636/6721/4636 2236/6717/2236
f 1146/1302/1146 3411/6719/3411 4636/6721/4636 3409/6718/3409
f 885/1305/885 2237/6720/2237 4636/6721/4636 3411/6719/3411
f 329/1304/329 2237/6722/2237 4637/6726/4637 2235/6725/2235
f 885/1305/885 3412/6723/3412 4637/6726/4637 2237/6722/2237
f 1152/1284/1152 3383/6724/3383 4637/6726/4637 3412/6723/3412
f 871/1283/871 2235/6725/2235 4637/6726/4637 3383/6724/3383
f 330/1306/330 2239/6727/2239 4638/6731/4638 2238/6730/2238
f 895/1307/895 3431/6728/3431 4638/6731/4638 2239/6727/2239
f 1159/1308/1159 3414/6729/3414 4638/6731/4638 3431/6728/3431
f 886/1309/886 2238/6730/2238 4638/6731/4638 3414/6729/3414
f 330/1306/330 2238/6732/2238 4639/6736/4639 2240/6735/2240
f 886/1309/886 3413/6733/3413 4639/6736/4639 2238/6732/2238
f 1158/1310/1158 3465/6734/3465 4639/6736/4639 3413/6733/3413
f 912/1311/912 2240/6735/2240 4639/6736/4639 3465/6734/3465
f 330/1306/330 2240/6737/2240 4640/6741/4640 2239/6740/2239
f 912/1311/912 3466/6738/3466 4640/6741/4640 2240/6737/2240
f 1169/1312/1169 3432/6739/3432 4640/6741/4640 3466/6738/3466
f 895/1307/895 2239/6740/2239 4640/6741/4640 3432/6739/3432
f 331/1313/331 2241/6742/2241 4641/6746/4641 2243/6745/2243
f 887/1314/887 3415/6743/3415 4641/6746/4641 2241/6742/2241
f 1160/1315/1160 3441/6744/3441 4641/6746/4641 3415/6743/3415
f 900/1316/900 2243/6745/2243 4641/6746/4641 3441/6744/3441
f 331/1313/331 2243/6747/2243 4642/6751/4642 2242/6750/2242
f 900/1316/900 3442/6748/3442 4642/6751/4642 2243/6747/2243
f 1162/1317/1162 3418/6749/3418 4642/6751/4642 3442/6748/3442
f 888/1318/888 2242/6750/2242 4642/6751/4642 3418/6749/3418
f 331/1313/331 2242/6752/2242 4643/6756/4643 2241/6755/2241
f 888/1318/888 3417/6753/3417 4643/6756/4643 2242/6752/2242
f 1161/1319/1161 3416/6754/3416 4643/6756/4643 3417/6753/3417
f 887/1314/887 2241/6755/2241 4643/6756/4643 3416/6754/3416
f 332/1320/332 2244/6757/2244 4644/6761/4644 2245/6760/2245
f 897/1321/897 3436/6758/3436 4644/6761/4644 2244/6757/2244
f 1170/1322/1170 3445/6759/3445 4644/6761/4644 3436/6758/3436
f 902/1323/902 2245/6760/2245 4644/6761/4644 3445/6759/3445
f 332/1320/332 2245/6762/2245 4645/6766/4645 2246/6765/2246
f 902/1323/902 3446/6763/3446 4645/6766/4645 2245/6762/2245
f 1173/1324/1173 3454/6764/3454 4645/6766/4645 3446/6763/3446
f 906/1325/906 2246/6765/2246 4645/6766/4645 3454/6764/3454
f 332/1320/332 2246/6767/2246 4646/6771/4646 2244/6770/2244
f 906/1325/906 3453/6768/3453 4646/6771/4646 2246/6767/2246
f 1160/1315/1160 3435/6769/3435 4646/6771/4646 3453/6768/3453
f 897/1321/897 2244/6770/2244 4646/6771/4646 3435/6769/3435
f 333/1326/333 2247/6772/2247 4647/6776/4647 2248/6775/2248
f 896/1327/896 3433/6773/3433 4647/6776/4647 2247/6772/2247
f 1169/1312/1169 3449/6774/3449 4647/6776/4647 3433/6773/3433
f 904/1328/904 2248/6775/2248 4647/6776/4647 3449/6774/3449
f 333/1326/333 2248/6777/2248 4648/6781/4648 2249/6780/2249
f 904/1328/904 3450/6778/3450 4648/6781/4648 2248/6777/2248
f 1175/1329/1175 3458/6779/3458 4648/6781/4648 3450/6778/3450
f 908/1330/908 2249/6780/2249 4648/6781/4648 3458/6779/3458
f 333/1326/333 2249/6782/2249 4649/6786/4649 2247/6785/2247
f 908/1330/908 3457/6783/3457 4649/6786/4649 2249/6782/2249
f 1170/1331/1170 3434/6784/3434 4649/6786/4649 3457/6783/3457
f 896/1327/896 2247/6785/2247 4649/6786/4649 3434/6784/3434
f 334/1332/334 2250/6787/2250 4650/6791/4650 2251/6790/2251
f 900/1316/900 3441/6788/3441 4650/6791/4650 2250/6787/2250
f 1160/1315/1160 3453/6789/3453 4650/6791/4650 3441/6788/3441
f 906/1325/906 2251/6790/2251 4650/6791/4650 3453/6789/3453
f 334/1332/334 2251/6792/2251 4651/6796/4651 2252/6795/2252
f 906/1325/906 3454/6793/3454 4651/6796/4651 2251/6792/2251
f 1173/1324/1173 3456/6794/3456 4651/6796/4651 3454/6793/3454
f 907/1333/907 2252/6795/2252 4651/6796/4651 3456/6794/3456
f 334/1332/334 2252/6797/2252 4652/6801/4652 2250/6800/2250
f 907/1333/907 3455/6798/3455 4652/6801/4652 2252/6797/2252
f 1162/1317/1162 3442/6799/3442 4652/6801/4652 3455/6798/3455
f 900/1316/900 2250/6800/2250 4652/6801/4652 3442/6799/3442
f 335/1334/335 2255/6802/2255 4653/6806/4653 2254/6805/2254
f 907/1333/907 3456/6803/3456 4653/6806/4653 2255/6802/2255
f 1173/1324/1173 3444/6804/3444 4653/6806/4653 3456/6803/3456
f 901/1335/901 2254/6805/2254 4653/6806/4653 3444/6804/3444
f 335/1334/335 2254/6807/2254 4654/6811/4654 2253/6810/2253
f 901/1335/901 3443/6808/3443 4654/6811/4654 2254/6807/2254
f 1172/1336/1172 3440/6809/3440 4654/6811/4654 3443/6808/3443
f 899/1337/899 2253/6810/2253 4654/6811/4654 3440/6809/3440
f 335/1334/335 2253/6812/2253 4655/6816/4655 2255/6815/2255
f 899/1337/899 3439/6813/3439 4655/6816/4655 2253/6812/2253
f 1162/1317/1162 3455/6814/3455 4655/6816/4655 3439/6813/3439
f 907/1333/907 2255/6815/2255 4655/6816/4655 3455/6814/3455
f 336/1338/336 2256/6817/2256 4656/6821/4656 2257/6820/2257
f 902/1323/902 3445/6818/3445 4656/6821/4656 2256/6817/2256
f 1170/1322/1170 3457/6819/3457 4656/6821/4656 3445/6818/3445
f 908/1339/908 2257/6820/2257 4656/6821/4656 3457/6819/3457
f 336/1338/336 2257/6822/2257 4657/6826/4657 2258/6825/2258
f 908/1339/908 3458/6823/3458 4657/6826/4657 2257/6822/2257
f 1175/1340/1175 3460/6824/3460 4657/6826/4657 3458/6823/3458
f 909/1341/909 2258/6825/2258 4657/6826/4657 3460/6824/3460
f 336/1338/336 2258/6827/2258 4658/6831/4658 2256/6830/2256
f 909/1341/909 3459/6828/3459 4658/6831/4658 2258/6827/2258
f 1173/1324/1173 3446/6829/3446 4658/6831/4658 3459/6828/3459
f 902/1323/902 2256/6830/2256 4658/6831/4658 3446/6829/3446
f 337/1342/337 2260/6832/2260 4659/6836/4659 2259/6835/2259
f 909/1341/909 3460/6833/3460 4659/6836/4659 2260/6832/2260
f 1175/1340/1175 3452/6834/3452 4659/6836/4659 3460/6833/3460
f 905/1343/905 2259/6835/2259 4659/6836/4659 3452/6834/3452
f 337/1342/337 2259/6837/2259 4660/6841/4660 2261/6840/2261
f 905/1343/905 3451/6838/3451 4660/6841/4660 2259/6837/2259
f 1174/1344/1174 3462/6839/3462 4660/6841/4660 3451/6838/3451
f 910/1345/910 2261/6840/2261 4660/6841/4660 3462/6839/3462
f 337/1342/337 2261/6842/2261 4661/6846/4661 2260/6845/2260
f 910/1345/910 3461/6843/3461 4661/6846/4661 2261/6842/2261
f 1173/1324/1173 3459/6844/3459 4661/6846/4661 3461/6843/3461
f 909/1341/909 2260/6845/2260 4661/6846/4661 3459/6844/3459
f 338/1346/338 2262/6847/2262 4662/6851/4662 2263/6850/2263
f 901/1335/901 3444/6848/3444 4662/6851/4662 2262/6847/2262
f 1173/1324/1173 3461/6849/3461 4662/6851/4662 3444/6848/3444
f 910/1345/910 2263/6850/2263 4662/6851/4662 3461/6849/3461
f 338/1346/338 2263/6852/2263 4663/6856/4663 2264/6855/2264
f 910/1345/910 3462/6853/3462 4663/6856/4663 2263/6852/2263
f 1174/1344/1174 3464/6854/3464 4663/6856/4663 3462/6853/3462
f 911/1347/911 2264/6855/2264 4663/6856/4663 3464/6854/3464
f 338/1346/338 2264/6857/2264 4664/6861/4664 2262/6860/2262
f 911/1347/911 3463/6858/3463 4664/6861/4664 2264/6857/2264
f 1172/1336/1172 3443/6859/3443 4664/6861/4664 3463/6858/3463
f 901/1335/901 2262/6860/2262 4664/6861/4664 3443/6859/3443
f 339/1348/339 2267/6862/2267 4665/6866/4665 2266/6865/2266
f 911/1347/911 3464/6863/3464 4665/6866/4665 2267/6862/2267
f 1174/1344/1174 3448/6864/3448 4665/6866/4665 3464/6863/3464
f 903/1349/903 2266/6865/2266 4665/6866/4665 3448/6864/3448
f 339/1348/339 2266/6867/2266 4666/6871/4666 2265/6870/2265
f 903/1349/903 3447/6868/3447 4666/6871/4666 2266/6867/2266
f 1171/1350/1171 3437/6869/3437 4666/6871/4666 3447/6868/3447
f 898/1351/898 2265/6870/2265 4666/6871/4666 3437/6869/3437
f 339/1348/339 2265/6872/2265 4667/6876/4667 2267/6875/2267
f 898/1351/898 3438/6873/3438 4667/6876/4667 2265/6872/2265
f 1172/1336/1172 3463/6874/3463 4667/6876/4667 3438/6873/3438
f 911/1347/911 2267/6875/2267 4667/6876/4667 3463/6874/3463
f 340/1352/340 2268/6877/2268 4668/6881/4668 2269/6880/2269
f 904/1328/904 3449/6878/3449 4668/6881/4668 2268/6877/2268
f 1169/1312/1169 3466/6879/3466 4668/6881/4668 3449/6878/3449
f 912/1311/912 2269/6880/2269 4668/6881/4668 3466/6879/3466
f 340/1352/340 2269/6882/2269 4669/6886/4669 2270/6885/2270
f 912/1311/912 3465/6883/3465 4669/6886/4669 2269/6882/2269
f 1158/1310/1158 3467/6884/3467 4669/6886/4669 3465/6883/3465
f 913/1353/913 2270/6885/2270 4669/6886/4669 3467/6884/3467
f 340/1352/340 2270/6887/2270 4670/6891/4670 2268/6890/2268
f 913/1353/913 3468/6888/3468 4670/6891/4670 2270/6887/2270
f 1175/1329/1175 3450/6889/3450 4670/6891/4670 3468/6888/3468
f 904/1328/904 2268/6890/2268 4670/6891/4670 3450/6889/3450
f 341/1354/341 2272/6892/2272 4671/6896/4671 2271/6895/2271
f 913/1353/913 3467/6893/3467 4671/6896/4671 2272/6892/2272
f 1158/1310/1158 3425/6894/3425 4671/6896/4671 3467/6893/3467
f 892/1355/892 2271/6895/2271 4671/6896/4671 3425/6894/3425
f 341/1354/341 2271/6897/2271 4672/6901/4672 2273/6900/2273
f 892/1355/892 3426/6898/3426 4672/6901/4672 2271/6897/2271
f 1166/1356/1166 3469/6899/3469 4672/6901/4672 3426/6898/3426
f 914/1357/914 2273/6900/2273 4672/6901/4672 3469/6899/3469
f 341/1354/341 2273/6902/2273 4673/6906/4673 2272/6905/2272
f 914/1357/914 3470/6903/3470 4673/6906/4673 2273/6902/2273
f 1175/1329/1175 3468/6904/3468 4673/6906/4673 3470/6903/3470
f 913/1353/913 2272/6905/2272 4673/6906/4673 3468/6904/3468
f 342/1358/342 2274/6907/2274 4674/6911/4674 2275/6910/2275
f 905/1359/905 3452/6908/3452 4674/6911/4674 2274/6907/2274
f 1175/1329/1175 3470/6909/3470 4674/6911/4674 3452/6908/3452
f 914/1357/914 2275/6910/2275 4674/6911/4674 3470/6909/3470
f 342/1358/342 2275/6912/2275 4675/6916/4675 2276/6915/2276
f 914/1357/914 3469/6913/3469 4675/6916/4675 2275/6912/2275
f 1166/1356/1166 3471/6914/3471 4675/6916/4675 3469/6913/3469
f 915/1360/915 2276/6915/2276 4675/6916/4675 3471/6914/3471
f 342/1358/342 2276/6917/2276 4676/6921/4676 2274/6920/2274
f 915/1360/915 3472/6918/3472 4676/6921/4676 2276/6917/2276
f 1174/1361/1174 3451/6919/3451 4676/6921/4676 3472/6918/3472
f 905/1359/905 2274/6920/2274 4676/6921/4676 3451/6919/3451
f 343/1362/343 2278/6922/2278 4677/6926/4677 2277/6925/2277
f 915/1360/915 3471/6923/3471 4677/6926/4677 2278/6922/2278
f 1166/1356/1166 3424/6924/3424 4677/6926/4677 3471/6923/3471
f 891/1363/891 2277/6925/2277 4677/6926/4677 3424/6924/3424
f 343/1362/343 2277/6927/2277 4678/6931/4678 2279/6930/2279
f 891/1363/891 3423/6928/3423 4678/6931/4678 2277/6927/2277
f 1165/1364/1165 3473/6929/3473 4678/6931/4678 3423/6928/3423
f 916/1365/916 2279/6930/2279 4678/6931/4678 3473/6929/3473
f 343/1362/343 2279/6932/2279 4679/6936/4679 2278/6935/2278
f 916/1365/916 3474/6933/3474 4679/6936/4679 2279/6932/2279
f 1174/1361/1174 3472/6934/3472 4679/6936/4679 3474/6933/3474
f 915/1360/915 2278/6935/2278 4679/6936/4679 3472/6934/3472
f 344/1366/344 2280/6937/2280 4680/6941/4680 2281/6940/2281
f 903/1349/903 3448/6938/3448 4680/6941/4680 2280/6937/2280
f 1174/1344/1174 3474/6939/3474 4680/6941/4680 3448/6938/3448
f 916/1367/916 2281/6940/2281 4680/6941/4680 3474/6939/3474
f 344/1366/344 2281/6942/2281 4681/6946/4681 2282/6945/2282
f 916/1367/916 3473/6943/3473 4681/6946/4681 2281/6942/2281
f 1165/1368/1165 3475/6944/3475 4681/6946/4681 3473/6943/3473
f 917/1369/917 2282/6945/2282 4681/6946/4681 3475/6944/3475
f 344/1366/344 2282/6947/2282 4682/6951/4682 2280/6950/2280
f 917/1369/917 3476/6948/3476 4682/6951/4682 2282/6947/2282
f 1171/1350/1171 3447/6949/3447 4682/6951/4682 3476/6948/3476
f 903/1349/903 2280/6950/2280 4682/6951/4682 3447/6949/3447
f 345/1370/345 2284/6952/2284 4683/6956/4683 2285/6955/2285
f 893/1371/893 3428/6953/3428 4683/6956/4683 2284/6952/2284
f 1167/1372/1167 3478/6954/3478 4683/6956/4683 3428/6953/3428
f 918/1373/918 2285/6955/2285 4683/6956/4683 3478/6954/3478
f 345/1370/345 2285/6957/2285 4684/6961/4684 2283/6960/2283
f 918/1373/918 3477/6958/3477 4684/6961/4684 2285/6957/2285
f 1160/1315/1160 3415/6959/3415 4684/6961/4684 3477/6958/3477
f 887/1314/887 2283/6960/2283 4684/6961/4684 3415/6959/3415
f 345/1370/345 2283/6962/2283 4685/6966/4685 2284/6965/2284
f 887/1314/887 3416/6963/3416 4685/6966/4685 2283/6962/2283
f 1161/1319/1161 3427/6964/3427 4685/6966/4685 3416/6963/3416
f 893/1371/893 2284/6965/2284 4685/6966/4685 3427/6964/3427
f 346/1374/346 2286/6967/2286 4686/6971/4686 2287/6970/2287
f 894/1375/894 3430/6968/3430 4686/6971/4686 2286/6967/2286
f 1168/1376/1168 3481/6969/3481 4686/6971/4686 3430/6968/3430
f 920/1377/920 2287/6970/2287 4686/6971/4686 3481/6969/3481
f 346/1374/346 2287/6972/2287 4687/6976/4687 2288/6975/2288
f 920/1377/920 3482/6973/3482 4687/6976/4687 2287/6972/2287
f 1176/1378/1176 3488/6974/3488 4687/6976/4687 3482/6973/3482
f 923/1379/923 2288/6975/2288 4687/6976/4687 3488/6974/3488
f 346/1374/346 2288/6977/2288 4688/6981/4688 2286/6980/2286
f 923/1379/923 3487/6978/3487 4688/6981/4688 2288/6977/2288
f 1167/1372/1167 3429/6979/3429 4688/6981/4688 3487/6978/3487
f 894/1375/894 2286/6980/2286 4688/6981/4688 3429/6979/3429
f 347/1380/347 2289/6982/2289 4689/6986/4689 2290/6985/2290
f 918/1373/918 3478/6983/3478 4689/6986/4689 2289/6982/2289
f 1167/1372/1167 3487/6984/3487 4689/6986/4689 3478/6983/3478
f 923/1379/923 2290/6985/2290 4689/6986/4689 3487/6984/3487
f 347/1380/347 2290/6987/2290 4690/6991/4690 2291/6990/2291
f 923/1379/923 3488/6988/3488 4690/6991/4690 2290/6987/2290
f 1176/1378/1176 3490/6989/3490 4690/6991/4690 3488/6988/3488
f 924/1381/924 2291/6990/2291 4690/6991/4690 3490/6989/3490
f 347/1380/347 2291/6992/2291 4691/6996/4691 2289/6995/2289
f 924/1381/924 3489/6993/3489 4691/6996/4691 2291/6992/2291
f 1160/1315/1160 3477/6994/3477 4691/6996/4691 3489/6993/3489
f 918/1373/918 2289/6995/2289 4691/6996/4691 3477/6994/3477
f 348/1382/348 2294/6997/2294 4692/7001/4692 2293/7000/2293
f 924/1381/924 3490/6998/3490 4692/7001/4692 2294/6997/2294
f 1176/1378/1176 3480/6999/3480 4692/7001/4692 3490/6998/3490
f 919/1383/919 2293/7000/2293 4692/7001/4692 3480/6999/3480
f 348/1382/348 2293/7002/2293 4693/7006/4693 2292/7005/2292
f 919/1383/919 3479/7003/3479 4693/7006/4693 2293/7002/2293
f 1170/1322/1170 3436/7004/3436 4693/7006/4693 3479/7003/3479
f 897/1321/897 2292/7005/2292 4693/7006/4693 3436/7004/3436
f 348/1382/348 2292/7007/2292 4694/7011/4694 2294/7010/2294
f 897/1321/897 3435/7008/3435 4694/7011/4694 2292/7007/2292
f 1160/1315/1160 3489/7009/3489 4694/7011/4694 3435/7008/3435
f 924/1381/924 2294/7010/2294 4694/7011/4694 3489/7009/3489
f 349/1384/349 2295/7012/2295 4695/7016/4695 2296/7015/2296
f 920/1377/920 3481/7013/3481 4695/7016/4695 2295/7012/2295
f 1168/1376/1168 3491/7014/3491 4695/7016/4695 3481/7013/3481
f 925/1385/925 2296/7015/2296 4695/7016/4695 3491/7014/3491
f 349/1384/349 2296/7017/2296 4696/7021/4696 2297/7020/2297
f 925/1385/925 3492/7018/3492 4696/7021/4696 2296/7017/2296
f 1178/1386/1178 3494/7019/3494 4696/7021/4696 3492/7018/3492
f 926/1387/926 2297/7020/2297 4696/7021/4696 3494/7019/3494
f 349/1384/349 2297/7022/2297 4697/7026/4697 2295/7025/2295
f 926/1387/926 3493/7023/3493 4697/7026/4697 2297/7022/2297
f 1176/1378/1176 3482/7024/3482 4697/7026/4697 3493/7023/3493
f 920/1377/920 2295/7025/2295 4697/7026/4697 3482/7024/3482
f 350/1388/350 2299/7027/2299 4698/7031/4698 2298/7030/2298
f 926/1387/926 3494/7028/3494 4698/7031/4698 2299/7027/2299
f 1178/1386/1178 3486/7029/3486 4698/7031/4698 3494/7028/3494
f 922/1389/922 2298/7030/2298 4698/7031/4698 3486/7029/3486
f 350/1388/350 2298/7032/2298 4699/7036/4699 2300/7035/2300
f 922/1389/922 3485/7033/3485 4699/7036/4699 2298/7032/2298
f 1177/1390/1177 3496/7034/3496 4699/7036/4699 3485/7033/3485
f 927/1391/927 2300/7035/2300 4699/7036/4699 3496/7034/3496
f 350/1388/350 2300/7037/2300 4700/7041/4700 2299/7040/2299
f 927/1391/927 3495/7038/3495 4700/7041/4700 2300/7037/2300
f 1176/1378/1176 3493/7039/3493 4700/7041/4700 3495/7038/3495
f 926/1387/926 2299/7040/2299 4700/7041/4700 3493/7039/3493
f 351/1392/351 2301/7042/2301 4701/7046/4701 2302/7045/2302
f 919/1383/919 3480/7043/3480 4701/7046/4701 2301/7042/2301
f 1176/1378/1176 3495/7044/3495 4701/7046/4701 3480/7043/3480
f 927/1391/927 2302/7045/2302 4701/7046/4701 3495/7044/3495
f 351/1392/351 2302/7047/2302 4702/7051/4702 2303/7050/2303
f 927/1391/927 3496/7048/3496 4702/7051/4702 2302/7047/2302
f 1177/1390/1177 3498/7049/3498 4702/7051/4702 3496/7048/3496
f 928/1393/928 2303/7050/2303 4702/7051/4702 3498/7049/3498
f 351/1392/351 2303/7052/2303 4703/7056/4703 2301/7055/2301
f 928/1393/928 3497/7053/3497 4703/7056/4703 2303/7052/2303
f 1170/1322/1170 3479/7054/3479 4703/7056/4703 3497/7053/3497
f 919/1383/919 2301/7055/2301 4703/7056/4703 3479/7054/3479
f 352/1394/352 2306/7057/2306 4704/7061/4704 2305/7060/2305
f 928/1393/928 3498/7058/3498 4704/7061/4704 2306/7057/2306
f 1177/1390/1177 3484/7059/3484 4704/7061/4704 3498/7058/3498
f 921/1395/921 2305/7060/2305 4704/7061/4704 3484/7059/3484
f 352/1394/352 2305/7062/2305 4705/7066/4705 2304/7065/2304
f 921/1395/921 3483/7063/3483 4705/7066/4705 2305/7062/2305
f 1169/1396/1169 3433/7064/3433 4705/7066/4705 3483/7063/3483
f 896/1397/896 2304/7065/2304 4705/7066/4705 3433/7064/3433
f 352/1394/352 2304/7067/2304 4706/7071/4706 2306/7070/2306
f 896/1397/896 3434/7068/3434 4706/7071/4706 2304/7067/2304
f 1170/1322/1170 3497/7069/3497 4706/7071/4706 3434/7068/3434
f 928/1393/928 2306/7070/2306 4706/7071/4706 3497/7069/3497
f 353/1398/353 2307/7072/2307 4707/7076/4707 2308/7075/2308
f 922/1389/922 3486/7073/3486 4707/7076/4707 2307/7072/2307
f 1178/1386/1178 3500/7074/3500 4707/7076/4707 3486/7073/3486
f 929/1399/929 2308/7075/2308 4707/7076/4707 3500/7074/3500
f 353/1398/353 2308/7077/2308 4708/7081/4708 2309/7080/2309
f 929/1399/929 3499/7078/3499 4708/7081/4708 2308/7077/2308
f 1164/1400/1164 3501/7079/3501 4708/7081/4708 3499/7078/3499
f 930/1401/930 2309/7080/2309 4708/7081/4708 3501/7079/3501
f 353/1398/353 2309/7082/2309 4709/7086/4709 2307/7085/2307
f 930/1401/930 3502/7083/3502 4709/7086/4709 2309/7082/2309
f 1177/1390/1177 3485/7084/3485 4709/7086/4709 3502/7083/3502
f 922/1389/922 2307/7085/2307 4709/7086/4709 3485/7084/3485
f 354/1402/354 2311/7087/2311 4710/7091/4710 2310/7090/2310
f 930/1401/930 3501/7088/3501 4710/7091/4710 2311/7087/2311
f 1164/1400/1164 3422/7089/3422 4710/7091/4710 3501/7088/3501
f 890/1403/890 2310/7090/2310 4710/7091/4710 3422/7089/3422
f 354/1402/354 2310/7092/2310 4711/7096/4711 2312/7095/2312
f 890/1403/890 3421/7093/3421 4711/7096/4711 2310/7092/2310
f 1163/1404/1163 3503/7094/3503 4711/7096/4711 3421/7093/3421
f 931/1405/931 2312/7095/2312 4711/7096/4711 3503/7094/3503
f 354/1402/354 2312/7097/2312 4712/7101/4712 2311/7100/2311
f 931/1405/931 3504/7098/3504 4712/7101/4712 2312/7097/2312
f 1177/1390/1177 3502/7099/3502 4712/7101/4712 3504/7098/3504
f 930/1401/930 2311/7100/2311 4712/7101/4712 3502/7099/3502
f 355/1406/355 2313/7102/2313 4713/7106/4713 2314/7105/2314
f 921/1407/921 3484/7103/3484 4713/7106/4713 2313/7102/2313
f 1177/1408/1177 3504/7104/3504 4713/7106/4713 3484/7103/3484
f 931/1409/931 2314/7105/2314 4713/7106/4713 3504/7104/3504
f 355/1406/355 2314/7107/2314 4714/7111/4714 2315/7110/2315
f 931/1409/931 3503/7108/3503 4714/7111/4714 2314/7107/2314
f 1163/1410/1163 3505/7109/3505 4714/7111/4714 3503/7108/3503
f 932/1411/932 2315/7110/2315 4714/7111/4714 3505/7109/3505
f 355/1406/355 2315/7112/2315 4715/7116/4715 2313/7115/2313
f 932/1411/932 3506/7113/3506 4715/7116/4715 2315/7112/2315
f 1169/1312/1169 3483/7114/3483 4715/7116/4715 3506/7113/3506
f 921/1407/921 2313/7115/2313 4715/7116/4715 3483/7114/3483
f 356/1412/356 2318/7117/2318 4716/7121/4716 2316/7120/2316
f 932/1411/932 3505/7118/3505 4716/7121/4716 2318/7117/2318
f 1163/1410/1163 3420/7119/3420 4716/7121/4716 3505/7118/3505
f 889/1413/889 2316/7120/2316 4716/7121/4716 3420/7119/3420
f 356/1412/356 2316/7122/2316 4717/7126/4717 2317/7125/2317
f 889/1413/889 3419/7123/3419 4717/7126/4717 2316/7122/2316
f 1159/1308/1159 3431/7124/3431 4717/7126/4717 3419/7123/3419
f 895/1307/895 2317/7125/2317 4717/7126/4717 3431/7124/3431
f 356/1412/356 2317/7127/2317 4718/7131/4718 2318/7130/2318
f 895/1307/895 3432/7128/3432 4718/7131/4718 2317/7127/2317
f 1169/1312/1169 3506/7129/3506 4718/7131/4718 3432/7128/3432
f 932/1411/932 2318/7130/2318 4718/7131/4718 3506/7129/3506
f 357/1414/357 2319/7132/2319 4719/7136/4719 2320/7135/2320
f 933/1415/933 3507/7133/3507 4719/7136/4719 2319/7132/2319
f 1182/1416/1182 3512/7134/3512 4719/7136/4719 3507/7133/3507
f 935/1417/935 2320/7135/2320 4719/7136/4719 3512/7134/3512
f 357/1414/357 2320/7137/2320 4720/7141/4720 2321/7140/2321
f 935/1417/935 3511/7138/3511 4720/7141/4720 2320/7137/2320
f 1181/1418/1181 3517/7139/3517 4720/7141/4720 3511/7138/3511
f 938/1419/938 2321/7140/2321 4720/7141/4720 3517/7139/3517
f 357/1414/357 2321/7142/2321 4721/7146/4721 2322/7145/2322
f 938/1419/938 3518/7143/3518 4721/7146/4721 2321/7142/2321
f 1187/1420/1187 3535/7144/3535 4721/7146/4721 3518/7143/3518
f 947/1421/947 2322/7145/2322 4721/7146/4721 3535/7144/3535
f 357/1414/357 2322/7147/2322 4722/7151/4722 2319/7150/2319
f 947/1421/947 3536/7148/3536 4722/7151/4722 2322/7147/2322
f 1188/1422/1188 3508/7149/3508 4722/7151/4722 3536/7148/3536
f 933/1415/933 2319/7150/2319 4722/7151/4722 3508/7149/3508
f 358/1423/358 2324/7152/2324 4723/7156/4723 2325/7155/2325
f 934/1424/934 3510/7153/3510 4723/7156/4723 2324/7152/2324
f 1179/1425/1179 3519/7154/3519 4723/7156/4723 3510/7153/3510
f 939/1426/939 2325/7155/2325 4723/7156/4723 3519/7154/3519
f 358/1423/358 2325/7157/2325 4724/7161/4724 2323/7160/2323
f 939/1426/939 3520/7158/3520 4724/7161/4724 2325/7157/2325
f 1182/1427/1182 3507/7159/3507 4724/7161/4724 3520/7158/3520
f 933/1428/933 2323/7160/2323 4724/7161/4724 3507/7159/3507
f 358/1423/358 2323/7162/2323 4725/7166/4725 2326/7165/2326
f 933/1428/933 3508/7163/3508 4725/7166/4725 2323/7162/2323
f 1188/1429/1188 3544/7164/3544 4725/7166/4725 3508/7163/3508
f 951/1430/951 2326/7165/2326 4725/7166/4725 3544/7164/3544
f 358/1423/358 2326/7167/2326 4726/7171/4726 2324/7170/2324
f 951/1430/951 3543/7168/3543 4726/7171/4726 2326/7167/2326
f 1017/1431/1017 3509/7169/3509 4726/7171/4726 3543/7168/3543
f 934/1424/934 2324/7170/2324 4726/7171/4726 3509/7169/3509
f 359/1432/359 2328/7172/2328 4727/7176/4727 2329/7175/2329
f 937/1433/937 3515/7173/3515 4727/7176/4727 2328/7172/2328
f 1184/1434/1184 3524/7174/3524 4727/7176/4727 3515/7173/3515
f 941/1435/941 2329/7175/2329 4727/7176/4727 3524/7174/3524
f 359/1432/359 2329/7177/2329 4728/7181/4728 2327/7180/2327
f 941/1435/941 3523/7178/3523 4728/7181/4728 2329/7177/2329
f 1179/1436/1179 3510/7179/3510 4728/7181/4728 3523/7178/3523
f 934/1437/934 2327/7180/2327 4728/7181/4728 3510/7179/3510
f 359/1432/359 2327/7182/2327 4729/7186/4729 2330/7185/2330
f 934/1437/934 3509/7183/3509 4729/7186/4729 2327/7182/2327
f 1017/1438/1017 3547/7184/3547 4729/7186/4729 3509/7183/3509
f 953/1439/953 2330/7185/2330 4729/7186/4729 3547/7184/3547
f 359/1432/359 2330/7187/2330 4730/7191/4730 2328/7190/2328
f 953/1439/953 3548/7188/3548 4730/7191/4730 2330/7187/2330
f 1190/1440/1190 3516/7189/3516 4730/7191/4730 3548/7188/3548
f 937/1433/937 2328/7190/2328 4730/7191/4730 3516/7189/3516
f 360/1441/360 2333/7192/2333 4731/7196/4731 2332/7195/2332
f 944/1442/944 3529/7193/3529 4731/7196/4731 2333/7192/2333
f 1183/1443/1183 3527/7194/3527 4731/7196/4731 3529/7193/3529
f 943/1444/943 2332/7195/2332 4731/7196/4731 3527/7194/3527
f 360/1441/360 2332/7197/2332 4732/7201/4732 2331/7200/2331
f 943/1444/943 3528/7198/3528 4732/7201/4732 2332/7197/2332
f 1184/1434/1184 3515/7199/3515 4732/7201/4732 3528/7198/3528
f 937/1433/937 2331/7200/2331 4732/7201/4732 3515/7199/3515
f 360/1441/360 2331/7202/2331 4733/7206/4733 2334/7205/2334
f 937/1433/937 3516/7203/3516 4733/7206/4733 2331/7202/2331
f 1190/1440/1190 3552/7204/3552 4733/7206/4733 3516/7203/3516
f 955/1445/955 2334/7205/2334 4733/7206/4733 3552/7204/3552
f 360/1441/360 2334/7207/2334 4734/7211/4734 2333/7210/2333
f 955/1445/955 3551/7208/3551 4734/7211/4734 2334/7207/2334
f 1189/1446/1189 3530/7209/3530 4734/7211/4734 3551/7208/3551
f 944/1442/944 2333/7210/2333 4734/7211/4734 3530/7209/3530
f 361/1447/361 2336/7212/2336 4735/7216/4735 2335/7215/2335
f 938/1419/938 3517/7213/3517 4735/7216/4735 2336/7212/2336
f 1181/1418/1181 3514/7214/3514 4735/7216/4735 3517/7213/3517
f 936/1448/936 2335/7215/2335 4735/7216/4735 3514/7214/3514
f 361/1447/361 2335/7217/2335 4736/7221/4736 2337/7220/2337
f 936/1448/936 3513/7218/3513 4736/7221/4736 2335/7217/2335
f 1180/1449/1180 3521/7219/3521 4736/7221/4736 3513/7218/3513
f 940/1450/940 2337/7220/2337 4736/7221/4736 3521/7219/3521
f 361/1447/361 2337/7222/2337 4737/7226/4737 2338/7225/2338
f 940/1450/940 3522/7223/3522 4737/7226/4737 2337/7222/2337
f 1186/1451/1186 3537/7224/3537 4737/7226/4737 3522/7223/3522
f 948/1452/948 2338/7225/2338 4737/7226/4737 3537/7224/3537
f 361/1447/361 2338/7227/2338 4738/7231/4738 2336/7230/2336
f 948/1452/948 3538/7228/3538 4738/7231/4738 2338/7227/2338
f 1187/1420/1187 3518/7229/3518 4738/7231/4738 3538/7228/3538
f 938/1419/938 2336/7230/2336 4738/7231/4738 3518/7229/3518
f 362/1453/362 2339/7232/2339 4739/7236/4739 2340/7235/2340
f 940/1454/940 3521/7233/3521 4739/7236/4739 2339/7232/2339
f 1180/1455/1180 3525/7234/3525 4739/7236/4739 3521/7233/3521
f 942/1456/942 2340/7235/2340 4739/7236/4739 3525/7234/3525
f 362/1453/362 2340/7237/2340 4740/7241/4740 2341/7240/2341
f 942/1456/942 3526/7238/3526 4740/7241/4740 2340/7237/2340
f 1183/1457/1183 3529/7239/3529 4740/7241/4740 3526/7238/3526
f 944/1458/944 2341/7240/2341 4740/7241/4740 3529/7239/3529
f 362/1453/362 2341/7242/2341 4741/7246/4741 2342/7245/2342
f 944/1458/944 3530/7243/3530 4741/7246/4741 2341/7242/2341
f 1189/1459/1189 3550/7244/3550 4741/7246/4741 3530/7243/3530
f 954/1460/954 2342/7245/2342 4741/7246/4741 3550/7244/3550
f 362/1453/362 2342/7247/2342 4742/7251/4742 2339/7250/2339
f 954/1460/954 3549/7248/3549 4742/7251/4742 2342/7247/2342
f 1186/1461/1186 3522/7249/3522 4742/7251/4742 3549/7248/3549
f 940/1454/940 2339/7250/2339 4742/7251/4742 3522/7249/3522
f 363/1462/363 2344/7252/2344 4743/7256/4743 2343/7255/2343
f 948/1463/948 3537/7253/3537 4743/7256/4743 2344/7252/2344
f 1186/1461/1186 3534/7254/3534 4743/7256/4743 3537/7253/3537
f 946/1464/946 2343/7255/2343 4743/7256/4743 3534/7254/3534
f 363/1462/363 2343/7257/2343 4744/7261/4744 2345/7260/2345
f 946/1464/946 3533/7258/3533 4744/7261/4744 2343/7257/2343
f 1185/1465/1185 3539/7259/3539 4744/7261/4744 3533/7258/3533
f 949/1466/949 2345/7260/2345 4744/7261/4744 3539/7259/3539
f 363/1462/363 2345/7262/2345 4745/7266/4745 2344/7265/2344
f 949/1466/949 3540/7263/3540 4745/7266/4745 2345/7262/2345
f 1187/1467/1187 3538/7264/3538 4745/7266/4745 3540/7263/3540
f 948/1463/948 2344/7265/2344 4745/7266/4745 3538/7264/3538
f 364/1468/364 2346/7267/2346 4746/7271/4746 2347/7270/2347
f 947/1469/947 3535/7268/3535 4746/7271/4746 2346/7267/2346
f 1187/1467/1187 3540/7269/3540 4746/7271/4746 3535/7268/3535
f 949/1466/949 2347/7270/2347 4746/7271/4746 3540/7269/3540
f 364/1468/364 2347/7272/2347 4747/7276/4747 2348/7275/2348
f 949/1466/949 3539/7273/3539 4747/7276/4747 2347/7272/2347
f 1185/1465/1185 3541/7274/3541 4747/7276/4747 3539/7273/3539
f 950/1470/950 2348/7275/2348 4747/7276/4747 3541/7274/3541
f 364/1468/364 2348/7277/2348 4748/7281/4748 2346/7280/2346
f 950/1470/950 3542/7278/3542 4748/7281/4748 2348/7277/2348
f 1188/1471/1188 3536/7279/3536 4748/7281/4748 3542/7278/3542
f 947/1469/947 2346/7280/2346 4748/7281/4748 3536/7279/3536
f 365/1472/365 2350/7282/2350 4749/7286/4749 2349/7285/2349
f 950/1470/950 3541/7283/3541 4749/7286/4749 2350/7282/2350
f 1185/1465/1185 3532/7284/3532 4749/7286/4749 3541/7283/3541
f 945/1473/945 2349/7285/2349 4749/7286/4749 3532/7284/3532
f 365/1472/365 2349/7287/2349 4750/7291/4750 2351/7290/2351
f 945/1473/945 3531/7288/3531 4750/7291/4750 2349/7287/2349
f 1017/1431/1017 3543/7289/3543 4750/7291/4750 3531/7288/3531
f 951/1474/951 2351/7290/2351 4750/7291/4750 3543/7289/3543
f 365/1472/365 2351/7292/2351 4751/7296/4751 2350/7295/2350
f 951/1474/951 3544/7293/3544 4751/7296/4751 2351/7292/2351
f 1188/1471/1188 3542/7294/3542 4751/7296/4751 3544/7293/3544
f 950/1470/950 2350/7295/2350 4751/7296/4751 3542/7294/3542
f 366/1475/366 2354/7297/2354 4752/7301/4752 2353/7300/2353
f 954/1460/954 3550/7298/3550 4752/7301/4752 2354/7297/2354
f 1189/1459/1189 3546/7299/3546 4752/7301/4752 3550/7298/3550
f 952/1476/952 2353/7300/2353 4752/7301/4752 3546/7299/3546
f 366/1475/366 2353/7302/2353 4753/7306/4753 2352/7305/2352
f 952/1476/952 3545/7303/3545 4753/7306/4753 2353/7302/2353
f 1185/1465/1185 3533/7304/3533 4753/7306/4753 3545/7303/3545
f 946/1464/946 2352/7305/2352 4753/7306/4753 3533/7304/3533
f 366/1475/366 2352/7307/2352 4754/7311/4754 2354/7310/2354
f 946/1464/946 3534/7308/3534 4754/7311/4754 2352/7307/2352
f 1186/1461/1186 3549/7309/3549 4754/7311/4754 3534/7308/3534
f 954/1460/954 2354/7310/2354 4754/7311/4754 3549/7309/3549
f 367/1477/367 2355/7312/2355 4755/7316/4755 2356/7315/2356
f 952/1476/952 3546/7313/3546 4755/7316/4755 2355/7312/2355
f 1189/1459/1189 3551/7314/3551 4755/7316/4755 3546/7313/3546
f 955/1478/955 2356/7315/2356 4755/7316/4755 3551/7314/3551
f 367/1477/367 2356/7317/2356 4756/7321/4756 2357/7320/2357
f 955/1478/955 3552/7318/3552 4756/7321/4756 2356/7317/2356
f 1190/1479/1190 3554/7319/3554 4756/7321/4756 3552/7318/3552
f 956/1480/956 2357/7320/2357 4756/7321/4756 3554/7319/3554
f 367/1477/367 2357/7322/2357 4757/7326/4757 2355/7325/2355
f 956/1480/956 3553/7323/3553 4757/7326/4757 2357/7322/2357
f 1185/1465/1185 3545/7324/3545 4757/7326/4757 3553/7323/3553
f 952/1476/952 2355/7325/2355 4757/7326/4757 3545/7324/3545
f 368/1481/368 2360/7327/2360 4758/7331/4758 2359/7330/2359
f 956/1480/956 3554/7328/3554 4758/7331/4758 2360/7327/2360
f 1190/1479/1190 3548/7329/3548 4758/7331/4758 3554/7328/3554
f 953/1482/953 2359/7330/2359 4758/7331/4758 3548/7329/3548
f 368/1481/368 2359/7332/2359 4759/7336/4759 2358/7335/2358
f 953/1482/953 3547/7333/3547 4759/7336/4759 2359/7332/2359
f 1017/1431/1017 3531/7334/3531 4759/7336/4759 3547/7333/3547
f 945/1473/945 2358/7335/2358 4759/7336/4759 3531/7334/3531
f 368/1481/368 2358/7337/2358 4760/7341/4760 2360/7340/2360
f 945/1473/945 3532/7338/3532 4760/7341/4760 2358/7337/2358
f 1185/1465/1185 3553/7339/3553 4760/7341/4760 3532/7338/3532
f 956/1480/956 2360/7340/2360 4760/7341/4760 3553/7339/3553
f 369/1483/369 2362/7342/2362 4761/7346/4761 2361/7345/2361
f 960/1484/960 3562/7343/3562 4761/7346/4761 2362/7342/2362
f 1191/1485/1191 3555/7344/3555 4761/7346/4761 3562/7343/3562
f 957/1486/957 2361/7345/2361 4761/7346/4761 3555/7344/3555
f 369/1483/369 2361/7347/2361 4762/7351/4762 2363/7350/2363
f 957/1486/957 3556/7348/3556 4762/7351/4762 2361/7347/2361
f 1192/1487/1192 3563/7349/3563 4762/7351/4762 3556/7348/3556
f 961/1488/961 2363/7350/2363 4762/7351/4762 3563/7349/3563
f 369/1483/369 2363/7352/2363 4763/7356/4763 2364/7355/2364
f 961/1488/961 3564/7353/3564 4763/7356/4763 2363/7352/2363
f 1197/1489/1197 3580/7354/3580 4763/7356/4763 3564/7353/3564
f 969/1490/969 2364/7355/2364 4763/7356/4763 3580/7354/3580
f 369/1483/369 2364/7357/2364 4764/7361/4764 2362/7360/2362
f 969/1490/969 3579/7358/3579 4764/7361/4764 2364/7357/2364
f 1126/1491/1126 3561/7359/3561 4764/7361/4764 3579/7358/3579
f 960/1484/960 2362/7360/2362 4764/7361/4764 3561/7359/3561
f 370/1492/370 2365/7362/2365 4765/7366/4765 2367/7365/2367
f 963/1493/963 3567/7363/3567 4765/7366/4765 2365/7362/2365
f 1194/1494/1194 3577/7364/3577 4765/7366/4765 3567/7363/3567
f 968/1495/968 2367/7365/2367 4765/7366/4765 3577/7364/3577
f 370/1492/370 2367/7367/2367 4766/7371/4766 2366/7370/2366
f 968/1495/968 3578/7368/3578 4766/7371/4766 2367/7367/2367
f 1196/1496/1196 3573/7369/3573 4766/7371/4766 3578/7368/3578
f 966/1497/966 2366/7370/2366 4766/7371/4766 3573/7369/3573
f 370/1492/370 2366/7372/2366 4767/7376/4767 2368/7375/2368
f 966/1497/966 3574/7373/3574 4767/7376/4767 2366/7372/2366
f 1202/1498/1202 3602/7374/3602 4767/7376/4767 3574/7373/3574
f 980/1499/980 2368/7375/2368 4767/7376/4767 3602/7374/3602
f 370/1492/370 2368/7377/2368 4768/7381/4768 2365/7380/2365
f 980/1499/980 3601/7378/3601 4768/7381/4768 2368/7377/2368
f 1199/1500/1199 3568/7379/3568 4768/7381/4768 3601/7378/3601
f 963/1493/963 2365/7380/2365 4768/7381/4768 3568/7379/3568
f 371/1501/371 2371/7382/2371 4769/7386/4769 2369/7385/2369
f 967/1502/967 3575/7383/3575 4769/7386/4769 2371/7382/2371
f 1195/1503/1195 3560/7384/3560 4769/7386/4769 3575/7383/3575
f 959/1504/959 2369/7385/2369 4769/7386/4769 3560/7384/3560
f 371/1501/371 2369/7387/2369 4770/7391/4770 2370/7390/2370
f 959/1504/959 3559/7388/3559 4770/7391/4770 2369/7387/2369
f 1191/1485/1191 3562/7389/3562 4770/7391/4770 3559/7388/3559
f 960/1484/960 2370/7390/2370 4770/7391/4770 3562/7389/3562
f 371/1501/371 2370/7392/2370 4771/7396/4771 2372/7395/2372
f 960/1484/960 3561/7393/3561 4771/7396/4771 2370/7392/2370
f 1126/1491/1126 3583/7394/3583 4771/7396/4771 3561/7393/3561
f 971/1505/971 2372/7395/2372 4771/7396/4771 3583/7394/3583
f 371/1501/371 2372/7397/2372 4772/7401/4772 2371/7400/2371
f 971/1505/971 3584/7398/3584 4772/7401/4772 2372/7397/2372
f 1200/1506/1200 3576/7399/3576 4772/7401/4772 3584/7398/3584
f 967/1502/967 2371/7400/2371 4772/7401/4772 3576/7399/3576
f 372/1507/372 2373/7402/2373 4773/7406/4773 2375/7405/2375
f 961/1508/961 3563/7403/3563 4773/7406/4773 2373/7402/2373
f 1192/1509/1192 3571/7404/3571 4773/7406/4773 3563/7403/3563
f 965/1510/965 2375/7405/2375 4773/7406/4773 3571/7404/3571
f 372/1507/372 2375/7407/2375 4774/7411/4774 2374/7410/2374
f 965/1510/965 3572/7408/3572 4774/7411/4774 2375/7407/2375
f 1193/1511/1193 3565/7409/3565 4774/7411/4774 3572/7408/3572
f 962/1512/962 2374/7410/2374 4774/7411/4774 3565/7409/3565
f 372/1507/372 2374/7412/2374 4775/7416/4775 2376/7415/2376
f 962/1512/962 3566/7413/3566 4775/7416/4775 2374/7412/2374
f 1198/1513/1198 3596/7414/3596 4775/7416/4775 3566/7413/3566
f 977/1514/977 2376/7415/2376 4775/7416/4775 3596/7414/3596
f 372/1507/372 2376/7417/2376 4776/7421/4776 2373/7420/2373
f 977/1514/977 3595/7418/3595 4776/7421/4776 2376/7417/2376
f 1197/1515/1197 3564/7419/3564 4776/7421/4776 3595/7418/3595
f 961/1508/961 2373/7420/2373 4776/7421/4776 3564/7419/3564
f 373/1516/373 2378/7422/2378 4777/7426/4777 2377/7425/2377
f 962/1512/962 3565/7423/3565 4777/7426/4777 2378/7422/2378
f 1193/1511/1193 3557/7424/3557 4777/7426/4777 3565/7423/3565
f 958/1517/958 2377/7425/2377 4777/7426/4777 3557/7424/3557
f 373/1516/373 2377/7427/2377 4778/7431/4778 2379/7430/2379
f 958/1517/958 3558/7428/3558 4778/7431/4778 2377/7427/2377
f 1194/1518/1194 3567/7429/3567 4778/7431/4778 3558/7428/3558
f 963/1519/963 2379/7430/2379 4778/7431/4778 3567/7429/3567
f 373/1516/373 2379/7432/2379 4779/7436/4779 2380/7435/2380
f 963/1519/963 3568/7433/3568 4779/7436/4779 2379/7432/2379
f 1199/1520/1199 3582/7434/3582 4779/7436/4779 3568/7433/3568
f 970/1521/970 2380/7435/2380 4779/7436/4779 3582/7434/3582
f 373/1516/373 2380/7437/2380 4780/7441/4780 2378/7440/2378
f 970/1521/970 3581/7438/3581 4780/7441/4780 2380/7437/2380
f 1198/1513/1198 3566/7439/3566 4780/7441/4780 3581/7438/3581
f 962/1512/962 2378/7440/2378 4780/7441/4780 3566/7439/3566
f 374/1522/374 2382/7442/2382 4781/7446/4781 2381/7445/2381
f 966/1497/966 3573/7443/3573 4781/7446/4781 2382/7442/2382
f 1196/1496/1196 3570/7444/3570 4781/7446/4781 3573/7443/3573
f 964/1523/964 2381/7445/2381 4781/7446/4781 3570/7444/3570
f 374/1522/374 2381/7447/2381 4782/7451/4782 2383/7450/2383
f 964/1523/964 3569/7448/3569 4782/7451/4782 2381/7447/2381
f 1195/1524/1195 3575/7449/3575 4782/7451/4782 3569/7448/3569
f 967/1525/967 2383/7450/2383 4782/7451/4782 3575/7449/3575
f 374/1522/374 2383/7452/2383 4783/7456/4783 2384/7455/2384
f 967/1525/967 3576/7453/3576 4783/7456/4783 2383/7452/2383
f 1200/1506/1200 3593/7454/3593 4783/7456/4783 3576/7453/3576
f 976/1526/976 2384/7455/2384 4783/7456/4783 3593/7454/3593
f 374/1522/374 2384/7457/2384 4784/7461/4784 2382/7460/2382
f 976/1526/976 3594/7458/3594 4784/7461/4784 2384/7457/2384
f 1202/1498/1202 3574/7459/3574 4784/7461/4784 3594/7458/3594
f 966/1497/966 2382/7460/2382 4784/7461/4784 3574/7459/3574
f 375/1527/375 2385/7462/2385 4785/7466/4785 2386/7465/2386
f 969/1528/969 3580/7463/3580 4785/7466/4785 2385/7462/2385
f 1197/1529/1197 3585/7464/3585 4785/7466/4785 3580/7463/3580
f 972/1530/972 2386/7465/2386 4785/7466/4785 3585/7464/3585
f 375/1527/375 2386/7467/2386 4786/7471/4786 2387/7470/2387
f 972/1530/972 3586/7468/3586 4786/7471/4786 2386/7467/2386
f 1201/1531/1201 3590/7469/3590 4786/7471/4786 3586/7468/3586
f 974/1532/974 2387/7470/2387 4786/7471/4786 3590/7469/3590
f 375/1527/375 2387/7472/2387 4787/7476/4787 2385/7475/2385
f 974/1532/974 3589/7473/3589 4787/7476/4787 2387/7472/2387
f 1126/1533/1126 3579/7474/3579 4787/7476/4787 3589/7473/3589
f 969/1528/969 2385/7475/2385 4787/7476/4787 3579/7474/3579
f 376/1534/376 2388/7477/2388 4788/7481/4788 2389/7480/2389
f 971/1535/971 3583/7478/3583 4788/7481/4788 2388/7477/2388
f 1126/1533/1126 3589/7479/3589 4788/7481/4788 3583/7478/3583
f 974/1532/974 2389/7480/2389 4788/7481/4788 3589/7479/3589
f 376/1534/376 2389/7482/2389 4789/7486/4789 2390/7485/2390
f 974/1532/974 3590/7483/3590 4789/7486/4789 2389/7482/2389
f 1201/1531/1201 3592/7484/3592 4789/7486/4789 3590/7483/3590
f 975/1536/975 2390/7485/2390 4789/7486/4789 3592/7484/3592
f 376/1534/376 2390/7487/2390 4790/7491/4790 2388/7490/2388
f 975/1536/975 3591/7488/3591 4790/7491/4790 2390/7487/2390
f 1200/1537/1200 3584/7489/3584 4790/7491/4790 3591/7488/3591
f 971/1535/971 2388/7490/2388 4790/7491/4790 3584/7489/3584
f 377/1538/377 2392/7492/2392 4791/7496/4791 2391/7495/2391
f 975/1536/975 3592/7493/3592 4791/7496/4791 2392/7492/2392
f 1201/1531/1201 3587/7494/3587 4791/7496/4791 3592/7493/3592
f 973/1539/973 2391/7495/2391 4791/7496/4791 3587/7494/3587
f 377/1538/377 2391/7497/2391 4792/7501/4792 2393/7500/2393
f 973/1539/973 3588/7498/3588 4792/7501/4792 2391/7497/2391
f 1202/1540/1202 3594/7499/3594 4792/7501/4792 3588/7498/3588
f 976/1541/976 2393/7500/2393 4792/7501/4792 3594/7499/3594
f 377/1538/377 2393/7502/2393 4793/7506/4793 2392/7505/2392
f 976/1541/976 3593/7503/3593 4793/7506/4793 2393/7502/2393
f 1200/1537/1200 3591/7504/3591 4793/7506/4793 3593/7503/3593
f 975/1536/975 2392/7505/2392 4793/7506/4793 3591/7504/3591
f 378/1542/378 2394/7507/2394 4794/7511/4794 2395/7510/2395
f 972/1530/972 3585/7508/3585 4794/7511/4794 2394/7507/2394
f 1197/1529/1197 3595/7509/3595 4794/7511/4794 3585/7508/3585
f 977/1543/977 2395/7510/2395 4794/7511/4794 3595/7509/3595
f 378/1542/378 2395/7512/2395 4795/7516/4795 2396/7515/2396
f 977/1543/977 3596/7513/3596 4795/7516/4795 2395/7512/2395
f 1198/1544/1198 3597/7514/3597 4795/7516/4795 3596/7513/3596
f 978/1545/978 2396/7515/2396 4795/7516/4795 3597/7514/3597
f 378/1542/378 2396/7517/2396 4796/7521/4796 2394/7520/2394
f 978/1545/978 3598/7518/3598 4796/7521/4796 2396/7517/2396
f 1201/1531/1201 3586/7519/3586 4796/7521/4796 3598/7518/3598
f 972/1530/972 2394/7520/2394 4796/7521/4796 3586/7519/3586
f 379/1546/379 2398/7522/2398 4797/7526/4797 2397/7525/2397
f 978/1545/978 3597/7523/3597 4797/7526/4797 2398/7522/2398
f 1198/1544/1198 3581/7524/3581 4797/7526/4797 3597/7523/3597
f 970/1547/970 2397/7525/2397 4797/7526/4797 3581/7524/3581
f 379/1546/379 2397/7527/2397 4798/7531/4798 2399/7530/2399
f 970/1547/970 3582/7528/3582 4798/7531/4798 2397/7527/2397
f 1199/1548/1199 3599/7529/3599 4798/7531/4798 3582/7528/3582
f 979/1549/979 2399/7530/2399 4798/7531/4798 3599/7529/3599
f 379/1546/379 2399/7532/2399 4799/7536/4799 2398/7535/2398
f 979/1549/979 3600/7533/3600 4799/7536/4799 2399/7532/2399
f 1201/1531/1201 3598/7534/3598 4799/7536/4799 3600/7533/3600
f 978/1545/978 2398/7535/2398 4799/7536/4799 3598/7534/3598
f 380/1550/380 2400/7537/2400 4800/7541/4800 2401/7540/2401
f 973/1539/973 3587/7538/3587 4800/7541/4800 2400/7537/2400
f 1201/1531/1201 3600/7539/3600 4800/7541/4800 3587/7538/3587
f 979/1549/979 2401/7540/2401 4800/7541/4800 3600/7539/3600
f 380/1550/380 2401/7542/2401 4801/7546/4801 2402/7545/2402
f 979/1549/979 3599/7543/3599 4801/7546/4801 2401/7542/2401
f 1199/1548/1199 3601/7544/3601 4801/7546/4801 3599/7543/3599
f 980/1551/980 2402/7545/2402 4801/7546/4801 3601/7544/3601
f 380/1550/380 2402/7547/2402 4802/7551/4802 2400/7550/2400
f 980/1551/980 3602/7548/3602 4802/7551/4802 2402/7547/2402
f 1202/1540/1202 3588/7549/3588 4802/7551/4802 3602/7548/3602
f 973/1539/973 2400/7550/2400 4802/7551/4802 3588/7549/3588
